track_id,track_name,artist_id,artist_name,album_id,album_name,release_date,duration_ms,explicit,language,genre,subgenre,danceability,energy,key,loudness,mode,speechiness,acousticness,instrumentalness,liveness,valence,tempo,time_signature,popularity,total_streams,monthly_streams,daily_streams,stream_rank_global,stream_rank_us,stream_rank_uk,stream_rank_de,stream_rank_fr,stream_rank_br,artist_followers,artist_monthly_listeners,artist_popularity,artist_verified,artist_country,artist_debut_year,artist_total_tracks,artist_total_albums,artist_genre_primary,artist_genre_secondary,album_type,album_total_tracks,album_disc_number,track_number,album_label,album_upc,album_popularity,album_available_markets_count,save_rate,skip_rate,completion_rate,playlist_adds,playlist_reach,editorial_playlist_count,user_playlist_count,shares_total,shares_instagram,shares_tiktok,shares_twitter,shares_facebook,revenue_total_usd,revenue_streaming_usd,revenue_sync_usd,revenue_merch_usd,royalty_rate,label_split,artist_split,publisher_split,peak_chart_position,weeks_on_chart,chart_debut_date,chart_exit_date,billboard_hot100_peak,spotify_viral_peak,itunes_peak,youtube_trending_peak,in_playlist_todays_top_hits,in_playlist_rapcaviar,in_playlist_hot_country,in_playlist_rock_this,in_playlist_viva_latino,in_playlist_dance_hits,in_playlist_peaceful_piano,in_playlist_new_music_friday,in_playlist_mood_booster,in_playlist_chill_hits,available_us,available_gb,available_de,available_fr,available_br,available_in,available_au,available_ca,available_mx,available_jp,available_es,available_it,available_nl,available_se,available_no,available_dk,available_fi,available_pl,available_tr,available_ar,streams_us_monthly,streams_gb_monthly,streams_de_monthly,streams_fr_monthly,streams_br_monthly,streams_in_monthly,streams_au_monthly,streams_ca_monthly,streams_mx_monthly,streams_jp_monthly,streams_es_monthly,streams_it_monthly,streams_nl_monthly,streams_se_monthly,streams_no_monthly,streams_dk_monthly,streams_fi_monthly,streams_pl_monthly,streams_tr_monthly,streams_ar_monthly,mood_happy,mood_sad,mood_energetic,mood_calm,mood_romantic,mood_angry,mood_melancholic,mood_uplifting,mood_dark,mood_motivational,tempo_confidence,key_confidence,mode_confidence,time_sig_confidence,analysis_sample_rate,analysis_channels,analysis_loudness_start,analysis_loudness_max,analysis_loudness_max_time,analysis_loudness_end,analysis_duration,analysis_end_fade_in,analysis_start_fade_out,tiktok_video_count,tiktok_views_total,instagram_reels_count,youtube_shorts_count,twitter_mentions_weekly,reddit_mentions_weekly,genius_annotations,lyrics_views,isrc,spotify_uri,preview_url_available,has_lyrics,lyrics_lang_confidence,explicit_reason,content_rating,catalog_status,streams_week_1,streams_week_2,streams_week_3,streams_week_4,streams_week_5,streams_week_6,streams_week_7,streams_week_8,streams_week_9,streams_week_10,streams_week_11,streams_week_12,streams_week_13,streams_week_14,streams_week_15,streams_week_16,streams_week_17,streams_week_18,streams_week_19,streams_week_20,streams_week_21,streams_week_22,streams_week_23,streams_week_24,in_editorial_mix,in_release_radar,in_discover_weekly,in_daily_mix,has_canvas,has_behind_scenes,has_songwriter_credits,has_producer_credits,has_ar_experience,dolby_atmos,spatial_audio,hi_res_audio,lossless_available,podcast_mention_count,feat_artist_count,feat_artist_1,feat_artist_2,producer_name,songwriter_count,samples_track,remixes_count,cover_versions_count,listener_age_13_17_pct,listener_age_18_24_pct,listener_age_25_34_pct,listener_age_35_44_pct,listener_age_45_54_pct,listener_age_55_plus_pct,listener_gender_male_pct,listener_gender_female_pct,listener_gender_other_pct,streams_device_mobile_pct,streams_device_desktop_pct,streams_device_tablet_pct,streams_device_smart_speaker_pct,streams_device_car_pct,streams_device_tv_pct,streams_device_gaming_pct,streams_device_wearable_pct,context_morning_pct,context_afternoon_pct,context_evening_pct,context_night_pct,context_workout_pct,context_sleep_pct,context_commute_pct,context_party_pct,context_study_pct,context_chill_pct
spotify:track:qahftrxckafnafqofpvaus,Track Ieyicc,spotify:artist:wpusnzjovqwpsbfhcgchqj,Jfgyq,spotify:album:pesejzqorvufaigfywirkx,Lggogp,2012-05-08,224700,False,German,Electronic,Punk,0.4935,0.7558,C#,-16.94,Major,0.7921,0.4222,0.0635,0.3816,0.9961,134.076,3,87,3095477665,45749308,1855635,138,193,69,197,165,88,14973279,39393920,55,True,NO,1960,489,24,Latin,Punk,single,17,1,21,Atlantic,8513199954139,39,62,0.0579,0.878,0.9469,1437026,49117487,124,580596,797549,279291,401517,32967,16828,3298788.14,2840548.7,82563.48,105534.76,0.00646,0.686,0.379,0.163,177,25,2016-12-28,2018-12-13,86,42,96,29,False,True,True,True,True,False,True,True,True,True,True,True,True,True,True,False,True,True,False,False,True,True,False,True,False,False,True,True,True,False,2972063,3553235,3448575,3917686,454420,825588,508455,3377432,2846276,916615,2085880,1607174,1595587,4498690,3763243,1175934,3538999,1539209,2336606,3880805,0.2498,0.9233,0.4431,0.8613,0.5503,0.0506,0.9993,0.836,0.969,0.9264,0.8487,0.1663,0.4856,0.2137,22050,2,-5.853,-16.707,0.065,-36.575,342.364,7.851,242.787,4662122,2090237817,199122,155560,114137,3832,4744,98748972,USOTB844950580,spotify:track:bwkyopbcroigrigdqlyyaq,True,True,0.5376,drug,18+,inactive,1957186,731924,1847306,144265,1843963,512301,774954,597661,330819,918939,1748489,1139210,1475430,634424,1282781,1692611,1371487,1109269,16406,1400610,1713591,1163085,627842,1954034,True,True,False,True,True,True,False,False,True,False,True,False,False,257,0,,,Clhauqg,8,False,35,1,0.1119,0.9451,0.691,0.1491,0.036,0.3692,0.5525,0.4298,0.0418,0.3647,0.9331,0.9722,0.0399,0.3578,0.6821,0.6669,0.3537,0.5599,0.8747,0.9738,0.7495,0.9258,0.2367,0.1625,0.7999,0.1771,0.4123
spotify:track:eyukrtgesjbmfxjvwfrkhb,Track Ujnrvi,spotify:artist:awgpzapiulzdxeblnurytf,Lyxqr,spotify:album:dxnrisoerjteokvhfupilr,Nuytrh,2019-07-23,285921,False,Spanish,Country,Metal,0.2246,0.1991,C,-19.08,Minor,0.6113,0.7685,0.4554,0.8861,0.5757,160.568,6,63,1716496971,9903845,1375953,177,2,193,198,28,200,57063156,29373360,22,False,GB,1991,470,28,R&B,Soul,single,15,2,25,Def Jam,6758587422675,80,62,0.2746,0.0775,0.2857,4558623,22538346,81,4531125,84491,72547,79078,60623,50205,3469779.67,2119272.1,32114.43,81519.87,0.00588,0.466,0.162,0.113,198,74,2010-06-10,2022-11-30,49,31,2,23,False,False,False,True,False,True,False,False,False,True,False,False,False,True,False,True,True,False,True,True,False,True,False,True,True,False,False,False,True,False,2741781,2831159,3180341,2334185,3536342,2116206,687079,3945219,162598,4524974,436925,2935680,1880911,575612,337709,260298,2074362,1672358,170959,1278275,0.2385,0.4736,0.1144,0.9478,0.465,0.2562,0.3689,0.6059,0.9637,0.7184,0.7778,0.1638,0.311,0.5787,22050,2,-25.452,-1.839,11.259,-3.512,167.599,5.921,324.586,2037168,9027597356,810004,158116,445798,44843,4918,16247735,USUOB784353881,spotify:track:yqvsltzhvnmltgwvcwgmpj,True,False,0.851,language,PG,inactive,744121,1673175,541804,713742,586486,1846164,1250227,1470488,1845718,579377,1165578,21288,1083445,1988231,400674,179543,506160,1510106,852341,1024622,1164288,1589986,503995,1448312,False,False,False,True,True,False,True,False,True,False,False,False,False,435,5,Ojlhfs,Ityret,Hptpzvh,6,True,19,1,0.708,0.1266,0.0455,0.0545,0.2921,0.9441,0.6379,0.7528,0.1026,0.0123,0.2843,0.4787,0.3407,0.9655,0.2525,0.8617,0.1141,0.0653,0.4917,0.577,0.6865,0.1517,0.8111,0.9491,0.0852,0.2482,0.5581
spotify:track:kpqujxhplobyctqgcgoekr,Track Mahhwb,spotify:artist:ggupufcfdgdbupvxlmhkho,Lpxtp,spotify:album:afrwpatvotenlhzlvzmkic,Ekmrkt,1963-04-17,239229,True,Japanese,Latin,Indie,0.1159,0.7725,G#,-3.5,Major,0.6577,0.5426,0.4132,0.1876,0.3618,165.902,6,97,221671908,17922340,1151897,34,74,113,179,125,32,3875790,84561158,77,True,IN,1999,283,1,Alternative,Blues,album,8,1,15,Sony,6192744441157,17,18,0.2762,0.79,0.4149,8518424,17929653,0,2372625,761319,156529,439078,153862,76011,4994511.78,1468946.56,74297.71,107716.12,0.00411,0.521,0.263,0.118,83,24,2015-05-11,2022-10-29,50,15,199,27,True,False,False,False,False,True,False,True,True,False,True,False,True,False,True,True,False,True,True,False,False,False,False,True,False,False,False,False,True,True,1969395,2410709,1908293,758156,3640416,825800,843115,3721845,1395568,2512103,242827,385800,2721051,470762,2460947,3007008,3144394,3612862,1221127,2048476,0.5312,0.5659,0.7925,0.17,0.079,0.8708,0.6197,0.2408,0.9128,0.1431,0.4611,0.254,0.2553,0.0094,22050,2,-5.927,-6.448,4.739,-33.496,202.936,5.876,295.841,3559361,7259841263,479027,443182,158398,13055,3151,64855088,USCJJ479296256,spotify:track:tbpmxhupjqqrsrvqxqilpt,True,False,0.3267,sexual,E-Clean,inactive,277159,1649436,1131220,1838071,767258,1113278,1052339,1915721,571531,1741627,345074,538905,1916899,1729499,1980105,1010508,1691328,618956,1565648,1825354,710337,1686597,241528,982162,True,True,True,False,False,True,False,True,False,True,False,False,False,598,3,Vycgaw,Oxfbvx,Hkdyhmc,9,True,24,58,0.371,0.9494,0.6965,0.5402,0.5873,0.7266,0.8854,0.6549,0.8337,0.6157,0.9391,0.2797,0.6903,0.2173,0.4447,0.2361,0.3627,0.9809,0.3673,0.9017,0.6448,0.0606,0.2759,0.9682,0.949,0.8242,0.0917
spotify:track:fqzbizufvopvguuphzzouc,Track Wdjupa,spotify:artist:gdkcbljplfpsxrhqazwlcs,Lxidd,spotify:album:qpsjphnlucrwowlxkvksii,Gyrmcc,1998-09-29,145313,False,French,Alternative,Rock,0.5865,0.5616,F,-6.6,Minor,0.3536,0.6653,0.7503,0.8681,0.7211,195.576,5,45,4739929333,34052379,446245,40,169,124,58,28,90,74661688,49334209,14,False,TR,1988,414,14,Alternative,Ambient,album,20,2,1,Warner,2793116079053,58,88,0.1574,0.3116,0.3244,9522639,40011900,21,441314,163137,82528,395541,161962,6522,3369876.16,816344.93,330969.35,97132.34,0.00498,0.409,0.326,0.067,111,14,2016-05-09,2023-04-21,63,34,171,20,True,True,False,True,True,True,False,True,True,False,False,False,True,True,False,False,True,True,False,True,False,True,False,True,False,True,False,True,False,False,4810025,3392545,3503870,2428629,966144,3397657,174957,2724352,1441776,3859572,3035440,739287,3663403,888044,2041086,3654719,4939810,3359216,4395316,659739,0.3958,0.3103,0.3395,0.3331,0.1681,0.5105,0.114,0.51,0.9059,0.3494,0.7274,0.8189,0.815,0.2363,22050,1,-44.642,-16.53,4.586,-14.451,138.085,9.513,294.192,3891920,6977267911,906228,328842,165747,9893,3602,9165226,USMQU850534080,spotify:track:wwpnmouxlvqimdbcxisneg,False,False,0.5241,drug,E-Clean,takedown,781927,1925052,593270,812471,857251,1624170,709607,1423751,1253857,109818,1655128,1323065,1357497,701810,138227,691411,198193,1170133,1422664,810683,595899,528473,1517779,1785863,True,False,True,True,False,False,False,True,True,False,False,False,True,686,5,Vtrnql,Jjefym,Fdcvcuv,9,True,42,43,0.8764,0.618,0.5972,0.1543,0.1808,0.6928,0.6247,0.9027,0.7212,0.0437,0.3643,0.7196,0.9696,0.6106,0.7524,0.7838,0.234,0.2392,0.9656,0.7844,0.904,0.194,0.6783,0.5704,0.4406,0.7694,0.7781
spotify:track:nkefpwbmjysndcelnvcxvx,Track Ykkjkc,spotify:artist:ficsidaxmvtmpxafdyplug,Dgqqb,spotify:album:vmnqoshajoernjyounawbk,Jtjbgr,1969-04-19,322244,False,French,Rock,Folk,0.546,0.8135,D,-3.39,Minor,0.9808,0.4785,0.1823,0.1349,0.716,192.105,3,37,865827728,13386693,1857737,11,81,80,132,102,140,63539641,34000198,4,True,JP,2005,442,25,Rock,Indie,EP,4,2,14,Republic,7839449587068,69,76,0.3212,0.0801,0.6609,5142147,29924900,154,3574520,174739,232735,184311,117212,5551,3634099.3,2734826.11,307425.74,86988.1,0.00676,0.617,0.117,0.151,104,46,2021-07-05,2013-08-03,4,10,156,44,False,True,True,True,True,False,False,False,True,True,False,False,False,False,True,True,False,False,False,False,True,True,True,True,False,False,True,False,False,False,1799947,2395592,4120485,1679217,1028757,1138572,621193,3792008,1448346,3733863,736442,2680896,2914414,544748,4613710,4548063,2435735,2516218,1321249,1460381,0.7937,0.5088,0.1214,0.201,0.1389,0.7904,0.0263,0.554,0.3689,0.8037,0.5516,0.6119,0.0862,0.3093,22050,2,-28.458,-4.617,24.7,-55.575,353.371,6.423,267.496,4339930,1479679716,920607,434662,409082,36130,4815,24422678,USTDN178531929,spotify:track:nhcfyhqpcqppeqxiybwcyu,False,True,0.767,sexual,E,restricted,1864361,1315258,1144158,607485,1346177,633537,1012808,513546,1687553,1693134,1436529,851637,623764,951150,153035,1444127,125646,331518,921919,871621,1015548,974005,427867,713435,True,False,False,False,False,True,False,True,False,True,False,True,False,460,1,Dbywkz,,Xvyseez,8,False,19,63,0.0232,0.9452,0.5054,0.9667,0.2151,0.3529,0.0505,0.4949,0.8823,0.6543,0.4706,0.5367,0.8472,0.4309,0.8825,0.7275,0.7639,0.3659,0.4006,0.5703,0.1947,0.5532,0.0735,0.5043,0.7644,0.2797,0.9891
spotify:track:rdzkuiytfnnbdimlpnipez,Track Thivns,spotify:artist:hvjrzpusramzuupspeqqvd,Rayca,spotify:album:idrkuxwtbdfirniexijusq,Spegof,1986-09-13,322158,False,German,Funk,Indie,0.4798,0.5605,B,-14.53,Major,0.5735,0.5432,0.8958,0.3945,0.3451,168.229,4,37,180675181,47925710,165836,89,114,168,66,192,123,28721823,27122108,68,False,PL,1994,71,4,Ambient,Dance,single,8,1,22,Independent,6047170594984,25,74,0.3212,0.6459,0.9079,1500901,43775026,146,1948004,561147,19555,478795,45892,54773,4411236.64,527407.33,459817.41,199434.36,0.00457,0.498,0.381,0.194,75,4,2010-03-17,2016-09-10,73,39,28,22,False,False,False,True,False,False,True,True,False,True,False,False,True,True,False,False,True,True,False,False,False,True,False,True,True,True,False,False,True,True,2187625,3217655,1975695,3747489,2239710,2765097,2532905,4886034,4805643,95929,2194066,3016141,1982249,521136,991741,3904016,2573678,1339801,3400881,4215447,0.9231,0.8878,0.7698,0.6903,0.6387,0.9406,0.3675,0.2208,0.9574,0.4782,0.455,0.9888,0.3736,0.7019,22050,2,-14.559,-3.96,24.768,-14.288,283.282,5.958,318.106,4408269,7317619798,81896,480900,295786,7353,505,73504237,USXFN313512505,spotify:track:vlnlbmuskvtpbibzybyakt,False,False,0.9929,sexual,PG,restricted,787785,168296,1431789,1387879,1834072,1130994,278899,1370560,1804151,729326,248791,374286,1126712,824303,1109063,267066,1526429,467015,1750747,7284,1585823,47679,625712,970989,False,False,True,True,False,False,True,False,True,True,True,False,True,246,1,Bplrwg,,Blotudz,4,False,36,76,0.7725,0.8184,0.2369,0.8763,0.9857,0.5213,0.4136,0.2752,0.5567,0.5917,0.7352,0.1751,0.6788,0.5559,0.0469,0.3444,0.6433,0.3812,0.5245,0.6963,0.4083,0.2999,0.1839,0.5379,0.241,0.2253,0.8575
spotify:track:dmbkknkgicljnvbjpbbupr,Track Ffxhxf,spotify:artist:etttxsskgihmqijwmustif,Ibwta,spotify:album:opshffogoyitmstltjdoex,Zynvbv,1964-05-08,320366,True,Korean,Electronic,Country,0.068,0.151,D#,-9.89,Minor,0.0605,0.6377,0.9339,0.9128,0.6593,62.202,6,1,4366806538,48466033,576273,138,74,5,129,179,173,57791557,24061788,13,True,FI,1979,124,7,Ambient,Punk,EP,12,2,13,Sony,3459268687035,7,164,0.0095,0.1714,0.4999,7279795,43278992,200,2778899,593343,49997,469128,138453,5577,1148909.51,2703823.81,346143.86,113356.83,0.00344,0.67,0.305,0.092,140,72,2024-10-05,2010-09-27,23,21,5,14,True,False,True,False,True,True,False,False,False,True,True,False,True,True,False,True,True,False,False,False,True,False,False,False,True,False,False,False,True,False,718854,2477822,2067370,616618,688184,2247912,1293699,3187670,1294168,3268386,2656489,3025772,893813,767729,43580,2585934,3730714,3019206,2262964,857579,0.1325,0.1874,0.4488,0.5547,0.408,0.0263,0.3539,0.0931,0.598,0.3244,0.3852,0.2918,0.3878,0.0847,22050,1,-25.682,-16.608,11.422,-51.67,192.272,4.931,209.49,3646328,5480214504,314313,253876,410342,5041,2958,33782566,USYSM881139368,spotify:track:iivwzdiyfizzhsmogjvkco,True,True,0.953,sexual,E-Clean,restricted,1672867,610965,1743324,1452980,145036,1717495,1777940,1668613,1667331,858032,1411336,1047114,291879,1328201,635086,507555,529911,1381316,323261,1499959,887363,1654813,790607,155116,False,False,False,False,True,False,True,True,True,False,True,True,False,990,2,Zlagnn,Polkup,Niackzd,3,False,19,43,0.4553,0.2069,0.4829,0.4762,0.4382,0.6968,0.3189,0.3003,0.8102,0.1151,0.8492,0.648,0.6771,0.1644,0.9839,0.2439,0.1745,0.1601,0.5598,0.9585,0.2319,0.405,0.1845,0.6405,0.4321,0.0292,0.6141
spotify:track:fpksftvbcweilgwnqpppjv,Track Qvshpc,spotify:artist:ddhesnkdjeqsqzomdilbja,Dvznm,spotify:album:rkvmcathhnelttoccuvjvb,Sozcvt,1986-09-16,349326,True,Italian,Latin,Folk,0.8622,0.087,C#,-4.49,Major,0.2099,0.7376,0.6891,0.861,0.6103,119.943,4,100,4549908251,23543328,1116373,72,153,138,44,83,181,39277764,38834650,73,False,FI,1972,70,25,Blues,Rock,EP,21,1,23,Warner,2787645244680,65,72,0.6947,0.8773,0.4547,8188027,21964011,148,20745,911115,48833,383218,120179,83209,3320752.69,1074700.28,31665.34,106884.89,0.00296,0.472,0.164,0.09,73,43,2022-04-11,2022-12-18,17,37,125,22,True,True,True,False,True,True,True,False,False,True,False,True,True,False,True,False,True,False,False,True,False,True,True,False,False,True,False,True,True,True,1790306,3999744,653797,1113166,4980144,1897426,4357414,3733491,77904,67633,2882108,1011613,3542626,1108765,4007240,594150,1920545,3213423,749363,859221,0.1032,0.3676,0.2993,0.3827,0.8134,0.8745,0.6416,0.6771,0.0684,0.5633,0.6103,0.1641,0.3512,0.2131,22050,1,-4.806,-7.678,13.272,-46.965,335.182,1.4,218.474,3221493,6139177917,829504,73311,129911,18151,690,33308414,USOPP980882613,spotify:track:quugkgqbxajikvkoemzbpa,True,True,0.9226,sexual,18+,restricted,888301,1471803,843636,172863,1343304,1125257,1127545,1291944,320194,581892,175315,649921,165720,1072283,1931319,426136,1694624,325849,1124891,685245,819423,1229847,1330211,1600597,True,False,False,True,True,True,True,False,True,False,True,False,True,122,0,,,Sseynus,3,False,8,95,0.7811,0.2688,0.8864,0.7714,0.0294,0.8071,0.272,0.0639,0.7123,0.5767,0.0771,0.4552,0.3601,0.4996,0.5669,0.3677,0.2551,0.1029,0.5739,0.7228,0.2284,0.5088,0.044,0.8629,0.2446,0.4718,0.383
spotify:track:dywoxtkikshcjnxeuzybmh,Track Vioafo,spotify:artist:hqmpmufxtgakgjvwyarwsc,Ngmbz,spotify:album:scxxnsjzccdvbolzggiust,Ihbfup,1973-12-10,147697,True,Italian,Soul,Indie,0.4065,0.5359,D#,-10.96,Minor,0.265,0.1199,0.1576,0.6861,0.8264,157.563,3,27,1407864065,6121694,1491505,64,92,102,132,13,174,40110721,34919995,22,True,NL,2017,285,24,Alternative,Country,album,15,1,5,Sony,0891836652800,82,114,0.8093,0.092,0.8473,5562484,8222692,10,3867105,53097,88074,484511,150440,56774,4108444.84,1185026.31,14741.15,136642.58,0.00256,0.386,0.156,0.092,39,4,2023-10-10,2023-11-21,79,16,166,19,False,False,False,True,True,False,False,True,False,True,True,True,False,False,False,False,False,False,False,False,True,True,False,True,True,False,True,False,False,True,1339029,839987,2079175,2022936,2235790,4476912,468995,1840557,4829255,3258324,2976316,1457202,1477236,1984334,4970413,2667613,3009691,4962385,236613,2950123,0.9476,0.5636,0.5631,0.1882,0.988,0.8816,0.4922,0.3091,0.4904,0.0903,0.2326,0.2188,0.5264,0.0007,22050,1,-11.613,-13.185,5.324,-11.855,328.372,0.596,222.157,1188268,3325878813,887599,275930,451238,23913,594,50142505,USSRP533119796,spotify:track:ezsyufpehrdsyykzzapxzf,True,False,0.1406,none,E-Clean,takedown,670079,352085,1334180,1856651,186071,1723149,1486809,1405143,1340295,1529423,1859447,704117,936650,23898,556190,439739,523325,1453695,142175,735012,538250,1650500,226564,1510816,True,True,False,False,False,True,False,False,False,False,False,True,False,807,4,Qrebvh,Iybejt,Oxcppma,3,False,10,6,0.1013,0.2056,0.19,0.6972,0.722,0.73,0.2653,0.2815,0.2375,0.0496,0.5718,0.8399,0.1536,0.3608,0.4276,0.2945,0.662,0.6002,0.1997,0.0257,0.1708,0.2918,0.0819,0.8438,0.3084,0.3975,0.4891
spotify:track:rcoexjlgmfgbtrciozpovv,Track Knwmwm,spotify:artist:cxsnxurqdtezzvdlzlzqvg,Xxbkk,spotify:album:ihlwuqnkkdptyyochnikjm,Pahdps,1963-06-24,223754,False,German,Rock,Funk,0.9208,0.897,C,-13.24,Minor,0.3109,0.8428,0.8582,0.6849,0.9725,91.914,5,95,3546885199,18080968,1528503,107,155,166,23,49,114,28373352,54650480,94,False,FI,2007,421,2,Punk,Jazz,album,10,2,5,Universal,1820003134396,30,96,0.4888,0.4461,0.9605,7962169,39384866,141,2933998,360971,85728,439171,67806,98167,4154367.92,271221.24,13725.24,9930.21,0.00868,0.612,0.164,0.083,58,86,2014-08-21,2016-01-14,84,27,132,2,True,False,True,True,True,True,False,False,False,False,False,False,False,False,True,False,False,False,True,True,False,False,False,True,False,True,False,False,False,False,2190659,2506441,1580078,1257698,4339373,2015799,476260,3389823,2680879,1173813,213534,4172265,2479711,2176225,3511183,3394021,3257086,296277,4890757,4798639,0.816,0.3432,0.7134,0.6863,0.6383,0.4757,0.9407,0.3585,0.3002,0.17,0.6576,0.5582,0.2938,0.4708,22050,2,-16.489,-8.819,27.379,-3.185,335.902,6.544,233.338,1873410,5613888489,826372,464961,173705,24358,2134,78593968,USHWM915908583,spotify:track:hbwdfkoxlisumqeqahtetm,True,True,0.6145,sexual,PG,restricted,1001180,803872,9791,79115,1119423,418201,1532303,782450,1992438,29521,1870672,675729,1587224,1747407,1113658,399668,37572,1419243,8648,1314257,1538477,521819,474513,1454426,False,False,True,True,False,False,True,True,True,False,False,False,False,444,5,Zixjey,Xkfsdt,Pejqawg,9,True,38,6,0.662,0.6536,0.0197,0.6897,0.4168,0.3803,0.5473,0.4744,0.1531,0.6952,0.6303,0.3011,0.6617,0.6625,0.27,0.6056,0.1372,0.8307,0.1049,0.7188,0.1177,0.114,0.1063,0.1986,0.1997,0.263,0.5231
spotify:track:fshbmfyiarxvrdcnscggzh,Track Mcebhu,spotify:artist:itctbwrejlqwcvekzhkwuq,Ucsby,spotify:album:ekpurejjarvzdxckbgisrt,Oozrin,2022-11-07,282067,True,Korean,Country,Funk,0.3457,0.6763,F#,-17.03,Major,0.0116,0.9344,0.5056,0.4693,0.4958,83.157,6,41,1034623484,18667309,105693,130,58,141,165,97,104,31542166,10581463,58,False,TR,2017,46,28,Funk,Soul,EP,4,2,24,Universal,1450066352693,6,58,0.8443,0.332,0.7674,7937865,48094108,168,3047535,750689,237257,59781,25542,99525,3294585.38,6640.73,177569.49,126732.24,0.0082,0.519,0.212,0.066,43,63,2013-02-24,2019-03-07,14,17,157,13,True,True,False,True,False,True,False,True,False,True,True,False,False,True,False,True,True,False,False,True,True,True,True,False,False,False,False,True,False,False,2876108,2467706,3798745,1118804,1159137,3462359,4297438,2507465,4595329,2633274,4643778,1823201,1685179,1759197,2437557,2896532,1112931,1491601,4226964,4550748,0.6943,0.3224,0.1154,0.3522,0.4804,0.5706,0.6672,0.4175,0.7479,0.8414,0.2859,0.8473,0.8083,0.5227,22050,1,-37.148,-18.939,1.698,-43.981,308.528,9.835,302.509,1228330,3605117440,724141,411229,154738,13369,4433,4336089,USJLQ967875277,spotify:track:hrykyzioagquwvxsqtopuz,False,False,0.1774,none,E-Clean,inactive,1541573,1077614,250303,791042,85216,898646,585340,1167271,554150,272769,337492,1224707,1774220,534807,11838,693240,977967,1488326,1966068,324651,83761,322339,1947474,676604,True,False,False,False,True,False,True,True,True,True,False,False,True,357,1,Wrihyq,,Motqcig,10,True,2,87,0.8857,0.3814,0.7962,0.1134,0.2566,0.724,0.0247,0.5169,0.7705,0.5143,0.5087,0.4868,0.2964,0.6515,0.3203,0.0823,0.096,0.9716,0.7733,0.5332,0.6269,0.2108,0.6295,0.2132,0.6854,0.8357,0.2056
spotify:track:vwtlvbrasabegbvxklkikd,Track Asbtbw,spotify:artist:jnhrphyjvaeftuwhqhxzwq,Yawdb,spotify:album:okocftsfxwdeqgcrobtzoq,Brgfpy,1992-01-15,153610,True,Spanish,Metal,Ambient,0.0698,0.1935,G,-10.99,Minor,0.6935,0.1524,0.5669,0.8077,0.9587,83.61,5,31,3374385508,47795374,1551607,165,112,71,93,35,174,44502625,64419331,59,False,IT,1999,250,18,R&B,Jazz,album,9,1,18,Independent,2800050545955,69,121,0.6539,0.1486,0.3925,9891859,49206019,74,1123077,487274,262732,267602,23738,52007,1819391.4,31824.52,119440.4,192800.05,0.00984,0.574,0.327,0.071,41,22,2022-09-14,2022-09-10,85,10,189,47,False,False,True,True,False,True,True,False,False,True,True,True,False,False,False,False,True,True,False,True,False,False,True,False,False,False,True,False,False,True,4331640,3404451,2960323,2894340,4084090,4044232,55345,4209713,1165750,3690137,1389202,1929302,646662,4316285,2355600,1774334,1260307,1567878,1320009,3038546,0.602,0.817,0.6611,0.4146,0.3302,0.1133,0.6752,0.479,0.5908,0.6473,0.4109,0.2437,0.1279,0.5923,22050,1,-22.228,-19.216,17.168,-56.645,181.982,1.8,343.736,4727858,2738568701,921183,377250,381668,43368,2322,11508969,USFPM711867816,spotify:track:gsilpfkcfwnkdcmpbundmd,True,False,0.522,violence,E,restricted,481267,1968012,1682545,1011086,1655818,1612021,799510,735089,1235323,1687412,1554815,1903918,1597063,1755715,1461101,1208212,204927,892315,280773,533762,1000637,1606122,487614,1908587,True,False,False,False,True,True,True,True,True,False,True,False,False,370,0,,,Eqgwljh,7,True,26,70,0.7838,0.4825,0.3702,0.5549,0.2538,0.3067,0.3444,0.7055,0.7358,0.855,0.6593,0.7478,0.4466,0.6993,0.1618,0.2145,0.4006,0.3384,0.5506,0.6971,0.7068,0.1607,0.9646,0.0053,0.0911,0.1453,0.9259
spotify:track:lbfcajzpnspyvqlfruhapn,Track Geagae,spotify:artist:zujkpntbchvxjzhpfyogkc,Bhyuy,spotify:album:wvoszoutyllpadbqzrfiyn,Avgcrv,1966-10-27,265372,True,Italian,Indie,Folk,0.2186,0.5737,D,-1.06,Major,0.499,0.1997,0.7354,0.8727,0.2068,88.387,4,79,1529126930,7160297,251503,21,174,170,127,158,2,72676403,5673460,61,False,AR,2000,253,29,Dance,Latin,compilation,6,2,13,Independent,7154903874153,1,4,0.6741,0.3794,0.1007,6066680,41122841,66,1569948,575210,137808,124329,70623,61780,4792638.23,1029322.23,91956.84,84788.58,0.00477,0.601,0.21,0.11,116,23,2022-10-25,2012-12-10,74,44,59,7,False,True,False,False,True,True,True,False,True,True,False,False,True,False,False,False,False,True,False,True,True,True,True,False,False,True,False,False,False,False,3022470,4700556,4676577,2161868,2886857,166390,3454100,1017013,2945160,1668981,4839000,4830952,4516747,1464137,2387471,2978870,2727054,4281919,4089393,3749121,0.8896,0.3811,0.2865,0.6317,0.1448,0.1676,0.8077,0.3374,0.6313,0.5716,0.8489,0.0713,0.162,0.2282,22050,2,-20.819,-5.791,18.162,-36.273,333.046,7.81,340.815,4923439,6228942343,175445,96409,447853,1513,1024,97679960,USGGT202309407,spotify:track:nzcqcykftldneajxwmwyod,True,False,0.631,drug,PG,takedown,1906150,728064,1010096,1131766,476322,1687594,187808,926648,645646,767103,864454,544854,326563,636638,22137,193,1097473,1709975,1590256,1778272,285842,721178,601384,983979,True,False,False,False,True,False,False,True,True,False,True,False,False,404,1,Etkjgk,,Gtxurht,5,False,12,8,0.1824,0.2896,0.6369,0.6177,0.2721,0.6228,0.1878,0.0194,0.0496,0.535,0.1859,0.1023,0.2692,0.7152,0.7271,0.2328,0.1507,0.4936,0.3419,0.3116,0.7995,0.998,0.4637,0.7914,0.3302,0.8435,0.9516
spotify:track:bubmevvvdtgultalunzmri,Track Iqbyng,spotify:artist:qfxwfcqiehduabumpjcecq,Yzqbq,spotify:album:sudgzutulfrjdxmlhseejt,Hvxobe,1986-07-11,334805,False,Dutch,Folk,Soul,0.0007,0.638,F#,-5.33,Major,0.6197,0.3641,0.6202,0.3207,0.0633,195.403,6,24,2368537195,41140867,593864,83,105,165,83,29,25,70223787,88435857,8,True,BR,1982,448,2,Classical,R&B,compilation,7,1,2,Republic,6572360924808,7,93,0.558,0.9382,0.416,6191944,47542186,14,2229823,554718,21313,384984,18451,39833,389769.08,647739.39,259742.64,20245.02,0.00308,0.454,0.158,0.149,146,80,2014-01-05,2022-07-11,96,36,107,48,True,False,False,False,True,True,True,False,False,True,False,False,False,False,False,False,False,False,True,True,False,False,False,False,False,False,True,True,False,True,4342022,1133181,2532031,55103,2519383,1861320,1802064,2641611,182044,2314896,4644463,4288856,4666776,4787111,4795027,1297841,790937,316555,3861861,2983456,0.1561,0.265,0.8896,0.2499,0.2562,0.3003,0.5705,0.5691,0.2174,0.0772,0.3247,0.4825,0.4883,0.899,22050,1,-24.286,-13.992,21.924,-25.423,138.835,0.559,315.635,2918650,6160290489,975433,454993,63197,14858,4934,1534696,USQQB770515207,spotify:track:klpnfhkdcobkcnuddomqfq,True,True,0.0716,sexual,18+,active,235992,1408756,867344,888229,766021,730454,399485,672637,722521,1245450,1374494,50765,1614138,639251,354954,733408,1292309,1722986,1683585,927381,1306907,305803,923718,94115,True,True,False,True,True,True,True,True,True,False,True,False,True,312,3,Mitfot,Oqzsrj,Xngbfsh,8,True,4,49,0.6604,0.663,0.9129,0.3602,0.1079,0.2925,0.8834,0.3865,0.9798,0.5085,0.7097,0.9039,0.4847,0.5971,0.088,0.1989,0.9668,0.5607,0.7125,0.0398,0.9223,0.3049,0.4899,0.7444,0.0184,0.6843,0.3554
spotify:track:hzzhbgkzzyyfikdsnrwrko,Track Lipldq,spotify:artist:prfdrxxlxuroebnsevdaiz,Yhtvq,spotify:album:tdedazqpppgacudvmqekme,Fkzyyf,2020-03-24,173171,True,Spanish,Jazz,Soul,0.8671,0.4899,F,-2.66,Major,0.4276,0.7762,0.6079,0.8243,0.7202,115.181,3,66,469510900,30662568,1734465,11,63,133,138,102,189,5269263,74854354,49,True,AU,1997,226,13,Metal,Metal,compilation,6,2,10,Universal,6946051585330,58,152,0.8966,0.8958,0.8825,1512963,16782738,82,1375681,753270,64772,47810,29927,92566,2247047.15,1088862.02,261908.65,76817.47,0.00812,0.505,0.385,0.107,98,5,2013-10-31,2017-07-08,73,43,39,11,True,True,True,False,False,False,False,False,True,True,True,True,True,False,True,False,False,False,True,False,True,True,False,False,False,False,True,True,True,False,4677057,1741790,410360,1550550,1243662,461909,2927790,308038,1219488,272060,4849393,2503509,2777561,735703,411304,913415,3497688,1495255,1353377,2385556,0.6111,0.6915,0.595,0.7873,0.1774,0.4553,0.579,0.9315,0.0931,0.2993,0.3686,0.3789,0.0677,0.4273,22050,1,-42.43,-17.309,20.839,-43.535,246.493,5.246,304.374,488087,9059384125,765175,329765,277320,5745,3962,97183585,USRYZ464825696,spotify:track:msmvwghfdmutfpkbjufqrg,True,False,0.3003,drug,18+,active,238732,1438301,698944,715887,830575,1519169,1193114,1291831,61063,1744920,368320,406880,693139,1748658,708704,1934160,1410278,1004762,1921333,995099,1671963,74571,1354030,284696,False,True,False,False,False,False,True,False,False,True,True,False,False,67,1,Hazqvo,,Kpwtsia,7,True,31,30,0.3716,0.8295,0.3026,0.5251,0.175,0.3742,0.0374,0.2021,0.0926,0.506,0.799,0.905,0.1541,0.3401,0.4835,0.8739,0.3104,0.3273,0.7695,0.0983,0.9823,0.5161,0.9927,0.2052,0.0366,0.3876,0.8648
spotify:track:dibwwixcttatqffhnurhec,Track Yocooh,spotify:artist:yuoeixobaxbjcksxqrljif,Tvcxt,spotify:album:ocusciqtmydxgjexiwimbc,Mvhjon,1996-05-24,334316,True,Japanese,Alternative,Hip-Hop,0.7924,0.5327,F#,-8.19,Major,0.6209,0.5479,0.9739,0.3838,0.3407,173.948,6,100,4209950389,38065398,1651243,88,140,178,61,45,170,10455809,77067247,62,True,TR,2019,167,18,R&B,Soul,single,10,2,3,Sony,6583602157876,57,137,0.2915,0.6156,0.4472,3450430,45735817,81,2514362,597978,159671,481559,113961,94082,4912903.26,1032826.67,44643.7,1623.85,0.00988,0.462,0.138,0.094,95,70,2011-03-12,2010-01-07,91,36,92,8,False,True,True,False,False,False,False,False,False,False,True,True,False,True,True,False,False,False,True,False,True,True,True,True,True,True,False,False,True,True,1151087,3488448,3825445,3571065,1508249,3811736,4273282,3557815,4630931,3775257,3227220,2980533,1893652,1558528,3563244,62327,4848099,4178843,1986002,4208806,0.2693,0.9266,0.5764,0.0335,0.0379,0.4833,0.3686,0.5803,0.9617,0.0801,0.7302,0.5264,0.8594,0.7506,22050,2,-32.104,-18.435,26.697,-54.693,233.388,7.417,344.062,654998,6784452486,642818,27668,473738,22514,4382,1447323,USMNM524972097,spotify:track:sobmebzvqhcnwhdhwacepd,False,False,0.8078,violence,E-Clean,restricted,379184,1676404,1106014,1807775,69395,719004,177002,304234,1248946,1958618,1723279,323276,1756604,1040078,1578654,866014,1615578,803559,499011,1385519,923134,1522530,1337090,350818,True,False,True,False,True,True,True,False,False,False,False,False,True,388,5,Smdway,Lrzrbx,Qylxwig,2,False,41,74,0.3912,0.7732,0.7491,0.7343,0.5887,0.1949,0.3374,0.6903,0.1799,0.5476,0.6728,0.8317,0.012,0.0977,0.1039,0.4459,0.2194,0.2833,0.1931,0.0237,0.0919,0.9385,0.6566,0.8355,0.9505,0.6381,0.7081
spotify:track:dwdrxozxsgmyqxhlxuiebu,Track Jibygl,spotify:artist:mypemdtfqxscboglxdqyrg,Sxony,spotify:album:mlvuuoayvmoyjrkqycnycl,Tqebje,2022-06-06,222263,True,Japanese,Funk,Hip-Hop,0.8852,0.438,D#,-17.2,Major,0.0254,0.9964,0.2385,0.3888,0.7927,150.077,6,68,3486561320,1102312,77784,87,15,87,185,11,104,15863805,28411963,83,False,PL,1979,380,19,Country,Hip-Hop,album,24,1,16,Universal,4907110374158,13,30,0.4971,0.7992,0.2206,3399754,28602567,86,3372292,339984,63335,358659,150986,71550,686733.28,2509289.46,396550.83,152845.58,0.00634,0.434,0.136,0.071,107,21,2018-04-19,2022-05-31,22,29,63,38,True,True,True,False,True,True,False,True,True,True,True,True,False,False,False,True,True,True,False,False,False,True,True,True,True,False,True,False,False,False,38336,4678413,1976683,1609797,985727,4447631,802654,3035848,4527523,4257560,1839421,3894126,1745742,2318834,445175,1625032,945220,1251726,3979663,4173456,0.1763,0.6701,0.0431,0.6449,0.2851,0.4347,0.3343,0.8052,0.7584,0.0433,0.7404,0.9249,0.1759,0.7855,22050,2,-29.106,-18.583,7.059,-33.311,259.143,4.191,312.063,2732043,4767984371,238846,51413,124318,48349,3379,26837617,USJFM720426134,spotify:track:fjhiaohcmktfheuyxpofkn,True,False,0.837,violence,E,restricted,1543878,1829971,517271,519740,686389,910685,1215230,466420,1870287,1945065,1241035,1984435,312412,1916282,1203137,1883770,10648,876131,92744,84009,987030,1538211,1611884,1057418,True,False,False,False,True,False,False,True,True,True,False,True,True,367,2,Gzarel,Opzmds,Ewqsaqk,6,True,18,54,0.7529,0.6981,0.6125,0.5752,0.2071,0.6847,0.6205,0.3357,0.9322,0.5147,0.91,0.364,0.0516,0.383,0.4654,0.0409,0.3664,0.6482,0.7049,0.5608,0.7736,0.1384,0.3349,0.5396,0.649,0.7374,0.7523
spotify:track:wsttixnkbjlnvmnvxljrsz,Track Wewcke,spotify:artist:ycecddfyakrymktaeauvni,Prumr,spotify:album:noloxhufjhvdhyqeneesxu,Edzolj,1978-05-28,267452,True,Japanese,Folk,Electronic,0.3729,0.5399,D,-9.33,Major,0.9204,0.4046,0.4994,0.1454,0.458,104.831,3,94,2179306198,43436306,1479538,76,122,75,194,147,171,19742209,75865089,93,False,ES,1974,375,16,Rock,Electronic,album,10,1,13,Independent,4006529205460,65,101,0.1945,0.3178,0.6051,940322,44745934,92,3334958,155132,224206,193792,101217,48867,61052.74,1034793.39,154042.67,89115.21,0.00605,0.386,0.366,0.161,107,56,2016-06-22,2013-09-03,94,28,187,27,True,True,True,True,False,False,False,True,False,True,True,False,False,False,True,False,True,True,True,False,False,False,True,False,False,False,False,True,True,True,1292046,2203494,2518003,3963962,1041671,2413310,3499364,1504683,4126243,2053114,238593,1001219,2325465,4136005,559728,3034658,4874332,4030607,4744383,3658007,0.8683,0.628,0.476,0.6942,0.1196,0.5125,0.5753,0.8453,0.1628,0.0585,0.3197,0.8783,0.1355,0.1633,22050,2,-38.33,-7.275,28.655,-57.077,189.999,6.389,211.524,1625836,8995846146,789188,87627,285061,21142,2590,91934734,USUHS560580534,spotify:track:ixcefexpvnnotclbvymijv,False,True,0.7099,none,E,inactive,269933,1796871,1455935,298549,1442939,475161,644723,262865,440068,273087,164846,890880,1448750,1600176,1644229,234298,163022,39439,1624647,1015556,1588244,904391,89164,411777,True,True,True,False,True,False,True,True,False,True,True,True,True,601,1,Ejcvyy,,Jensgoc,10,True,33,27,0.7158,0.9643,0.1718,0.754,0.0043,0.7253,0.9242,0.9205,0.8513,0.4747,0.6981,0.1851,0.6735,0.1073,0.8347,0.9813,0.4241,0.5143,0.4076,0.7614,0.3143,0.4659,0.5197,0.4958,0.3613,0.2883,0.7221
spotify:track:cmkltrvfkzlwxuyjarrknr,Track Dksztx,spotify:artist:ejffvkglmttptuyjryzndl,Dmgya,spotify:album:tvmaepihqtrnmmhmnovoat,Zwdlwl,1963-03-25,128613,True,Dutch,Metal,Jazz,0.4915,0.1345,B,-12.22,Major,0.5689,0.4906,0.5538,0.5394,0.4698,138.716,4,64,239390148,17676369,1037542,152,97,158,174,91,197,38177560,43015471,7,True,TR,1965,66,27,Folk,Folk,album,25,2,13,Sony,4940223068115,4,118,0.6578,0.4225,0.5148,7066104,17892490,5,3940128,616551,11658,165944,99021,74757,1951564.92,1717637.31,404163.28,20011.34,0.00708,0.434,0.251,0.165,87,21,2023-10-16,2016-09-19,47,28,52,32,True,True,False,False,True,False,False,True,True,True,False,False,True,False,False,True,False,True,False,False,False,False,True,False,False,False,False,True,True,True,4838912,4187623,1786377,3919957,2247609,4468773,3638344,4748928,502323,4381114,1683157,3055757,3879619,1239363,2016402,1262256,2518894,3652305,3441512,2673056,0.8602,0.9111,0.6339,0.846,0.2669,0.287,0.1606,0.6869,0.2361,0.2385,0.15,0.0277,0.797,0.3105,22050,2,-26.41,-11.277,19.408,-57.78,158.246,1.364,238.76,2330120,9345785373,893933,22141,378784,31840,163,7425900,USWCP189436097,spotify:track:dctynvyygwgduipktgkdez,False,False,0.2543,drug,E,restricted,1118767,785813,1467204,1989590,236897,663727,1144510,888733,995841,1431806,516626,582449,1844305,1644740,1964973,303901,761262,996612,1500871,771205,1722528,646282,44195,1353496,True,True,True,False,False,False,False,True,True,False,False,True,False,949,2,Hythwe,Livquh,Cumtyik,2,True,44,33,0.5063,0.3519,0.6021,0.8134,0.7378,0.4533,0.0274,0.0521,0.6416,0.6302,0.791,0.1361,0.4007,0.6283,0.3137,0.0822,0.1578,0.5164,0.9697,0.8306,0.7632,0.847,0.6858,0.7926,0.3194,0.4784,0.7352
spotify:track:grvufkewywfyyqqxzfsekl,Track Gcjyds,spotify:artist:lxlrdsewuhmdwpzhrkkdhg,Qxjrl,spotify:album:adisrsstgcbigxzyzptbgq,Hkjzop,1983-05-09,164529,False,Japanese,Soul,Electronic,0.0896,0.7103,F#,-17.16,Major,0.3133,0.9785,0.4992,0.9734,0.281,110.483,6,36,3980219713,34693949,656530,112,43,81,189,126,196,20303410,74582396,84,False,GB,1984,77,2,Country,Jazz,album,16,2,6,Def Jam,4990374488108,23,44,0.7499,0.8226,0.5632,9826036,14253664,149,34609,551567,299257,94670,109161,10070,1230862.56,1494357.42,47152.61,65731.56,0.00356,0.693,0.137,0.106,28,41,2013-06-13,2010-08-25,11,30,182,43,False,False,False,True,False,True,False,False,True,True,True,False,False,True,True,False,True,False,False,True,True,False,True,True,True,True,False,False,False,True,1011682,2504390,4117507,3626885,2601318,1101312,3011881,806241,3082451,4300446,1676641,4107255,3736641,3255530,3996665,2252168,4723265,3548973,756839,3544491,0.811,0.6139,0.4341,0.426,0.0404,0.3417,0.4635,0.2242,0.6862,0.1551,0.4953,0.6296,0.5247,0.2907,22050,2,-55.249,-3.969,9.012,-0.949,284.235,3.004,237.298,3588074,9859018533,50046,288879,40125,2955,4205,14446145,USNKM828357074,spotify:track:uvbksistlvixvfczgrlaka,False,False,0.6918,drug,PG,takedown,1297087,1705262,1293407,756503,1448423,1413067,1447650,1415792,828369,1687453,634717,183784,262331,283354,29099,400140,234697,1711209,33313,1459685,394728,1801478,56235,438786,False,True,True,False,True,True,False,False,True,False,False,True,True,170,1,Tlmalg,,Hvkicwl,7,False,47,74,0.5958,0.5543,0.2908,0.4875,0.4861,0.591,0.6115,0.6787,0.8167,0.4879,0.7143,0.5283,0.422,0.3159,0.0635,0.8929,0.4171,0.4733,0.4948,0.939,0.3468,0.6975,0.0208,0.288,0.1922,0.3438,0.2321
spotify:track:fxipvrdhsyvrtuuvqhtrdf,Track Pckzhf,spotify:artist:bawjevxablqdfgijbwgdrn,Rsyll,spotify:album:vccpuyvbcqwxehlntcqidw,Lktgvi,2005-04-22,164895,True,Portuguese,Folk,Blues,0.3606,0.665,D,-4.94,Minor,0.7872,0.138,0.4288,0.918,0.8981,193.258,5,3,1900862022,668146,1505070,133,18,22,87,81,103,22056285,58261195,7,False,GB,1979,463,19,Rock,Punk,EP,14,2,22,Atlantic,7338961468664,44,167,0.4045,0.1973,0.3015,620256,36066551,85,3271502,760321,66063,272876,141764,37214,1068751.21,1535039.24,156126.21,68141.78,0.00672,0.309,0.367,0.131,67,30,2016-10-25,2019-06-26,65,8,188,4,False,False,False,True,True,True,False,False,True,False,False,True,True,False,False,False,True,False,True,True,False,True,False,False,True,True,False,False,True,True,521718,3564208,1091050,3995100,1801742,3742695,654921,3097864,4414551,3378542,4934510,4688967,4353226,3311675,2212023,4901495,4184466,3551922,3691658,4106568,0.7317,0.4169,0.1628,0.5058,0.4848,0.4577,0.968,0.5132,0.5291,0.6945,0.4554,0.0326,0.1568,0.559,22050,1,-23.904,-11.828,3.626,-25.694,129.668,1.533,255.72,3141196,5597459437,509529,14668,414818,9363,1164,79138026,USKYH462841384,spotify:track:ooxumsptnlllwiurkgkoyx,False,True,0.866,none,18+,active,1350385,1173047,178576,403548,1297516,1136308,1209753,1588834,110885,1195889,1094197,397191,1574035,997899,1054109,1880860,39141,252252,1380459,1963315,1115390,376949,39790,576638,True,True,False,True,False,False,True,False,True,False,False,True,False,24,4,Igcced,Gchkep,Iabkiki,7,True,3,25,0.2396,0.597,0.2365,0.5086,0.5044,0.9494,0.2693,0.3183,0.5531,0.0655,0.0289,0.6335,0.9137,0.0186,0.5541,0.5862,0.1015,0.763,0.6516,0.1256,0.5682,0.446,0.8463,0.5004,0.7829,0.1424,0.5404
spotify:track:egyyobvyqqebxhgrzvfvhe,Track Nbcsvs,spotify:artist:zwfnuwyqzshrifyixdxpaa,Eosmk,spotify:album:cwqoxvldzjpkvvzdjfattr,Sevqvf,2004-04-20,215158,True,Portuguese,Funk,Ambient,0.2091,0.1961,A#,-12.08,Minor,0.5691,0.494,0.5518,0.6598,0.5657,155.534,4,8,2526148677,4365886,267341,67,146,59,134,187,71,25750878,3103778,88,False,PL,2018,2,14,Rock,Indie,compilation,14,2,4,Def Jam,4507095333889,28,177,0.4238,0.0744,0.25,2759542,22093891,79,527174,656403,50712,14613,125820,56616,4040314.56,1777612.69,313148.55,66860.51,0.00325,0.343,0.172,0.101,14,42,2021-08-28,2015-04-24,10,50,154,40,False,True,False,True,True,True,True,False,False,True,True,True,False,True,False,False,True,True,True,True,False,False,False,True,False,True,True,False,False,False,3591211,849580,2848909,217869,3809071,4338696,2753088,4930935,1614650,906024,861423,103084,4992690,566604,4973492,1624156,4808451,1056810,4268945,2149883,0.3554,0.4814,0.6209,0.1859,0.1377,0.0441,0.1277,0.5845,0.5131,0.6517,0.3577,0.5837,0.5411,0.1456,22050,2,-41.48,-13.142,11.065,-59.515,260.746,6.783,208.598,4253929,4529503814,360517,102449,105052,41979,1648,9180999,USIRS695359641,spotify:track:lubfaffqgtyitfezjbachf,False,True,0.9753,language,E-Clean,takedown,365211,459161,1856781,549451,1507509,365501,712648,1777408,1162881,515824,374428,411015,45072,369261,1767650,549010,1909769,212211,44027,1743668,1420720,287820,794658,1373360,True,False,True,False,False,True,False,False,True,False,True,True,True,903,1,Uejjpz,,Gbqenui,1,False,8,65,0.9684,0.8858,0.2092,0.0814,0.4707,0.6635,0.0649,0.5086,0.7513,0.6451,0.5092,0.4986,0.4643,0.3218,0.3739,0.6945,0.7156,0.4948,0.2683,0.4009,0.9212,0.584,0.0366,0.2195,0.203,0.8632,0.3959
spotify:track:hxoyjodcljpmqlmkuijegq,Track Jcvnqu,spotify:artist:ycbaffihvrhszzttxahvuk,Kprmn,spotify:album:tdkftmnutsluieusflojpd,Yavvik,2021-07-10,317296,False,Dutch,Metal,Indie,0.587,0.5676,C,-1.56,Major,0.9772,0.9943,0.5682,0.7991,0.9138,140.343,6,48,1677770486,35869555,810510,49,122,28,85,146,116,40889822,12515663,21,True,PL,1982,17,27,Ambient,Funk,album,6,1,3,Republic,2260051841154,8,100,0.9551,0.8657,0.1299,3450687,20787452,110,3982743,166494,162693,308014,53208,65860,3583888.56,1376896.36,100851.36,198217.02,0.00501,0.63,0.281,0.087,85,72,2021-01-04,2020-04-27,60,37,11,48,True,False,False,False,False,False,True,False,True,True,False,False,False,True,True,False,True,True,True,False,False,True,True,False,False,True,False,True,True,False,3440135,3782725,1382770,2120360,1739563,4245177,374426,3876941,224125,614008,3874731,3197364,2882809,3349922,1630775,3327545,316876,90071,2102233,962028,0.7091,0.1365,0.6703,0.4642,0.4614,0.0825,0.657,0.7136,0.4377,0.4708,0.2791,0.1614,0.8385,0.607,22050,1,-42.351,-9.307,11.725,-55.345,303.261,6.774,223.024,3003851,764247480,749115,18059,468025,44239,4360,29013376,USLBQ766783300,spotify:track:utyjgckzierfwuveekcioe,True,False,0.9389,none,E-Clean,inactive,222057,747794,678151,364110,31445,843347,1371522,663203,25126,816183,446206,962122,461575,138446,1379845,1709356,583967,1363033,1308432,773807,92146,141203,1856944,458355,False,False,False,True,True,False,True,False,False,True,False,True,False,871,5,Mippjq,Gpzgqx,Ittqbjh,3,False,13,82,0.0379,0.9234,0.5981,0.9459,0.7393,0.3287,0.2781,0.6436,0.7605,0.5209,0.9776,0.648,0.2885,0.0237,0.8469,0.3313,0.2422,0.5393,0.9066,0.665,0.2483,0.6873,0.7195,0.6081,0.3815,0.3216,0.4424
spotify:track:awbfqdfcpvygcsisgeghlq,Track Huczke,spotify:artist:lnttvuajwtxpdsgmljpbdm,Eeans,spotify:album:myyzjmqpkbxkoflgxsnmrs,Qytgav,2016-08-09,305220,True,French,Latin,Ambient,0.4555,0.6811,E,-15.05,Major,0.0123,0.771,0.6444,0.9169,0.3977,142.062,3,66,3908202827,28383849,347857,110,65,178,78,129,137,51378017,78663295,39,False,DE,1973,326,19,Folk,Electronic,EP,24,1,24,Republic,6014074424111,62,47,0.5026,0.1102,0.5671,3566389,12457958,51,494777,786343,95802,424242,199010,25150,1296833.65,2706824.75,204396.2,125367.48,0.00662,0.647,0.15,0.094,97,15,2016-03-17,2011-06-11,44,2,150,16,False,False,True,True,True,False,True,True,True,True,True,False,False,False,False,False,False,False,False,False,False,True,False,False,False,True,False,False,True,True,3832916,3370612,1164867,215423,1030914,4451241,2344343,2084884,3090613,3790963,3986261,4319411,3465557,1576512,26248,2702671,139505,3021623,383814,2730703,0.6779,0.2336,0.4845,0.7392,0.794,0.3483,0.9391,0.9415,0.4761,0.6583,0.6995,0.1005,0.3849,0.6072,22050,1,-7.808,-2.475,23.546,-17.0,127.619,4.979,213.063,4603220,2004903816,939952,233982,60648,31599,4429,32333267,USGEY990471997,spotify:track:fgmxddnscrwytpqjstjqow,True,True,0.2591,violence,E,active,186938,713530,1553111,1241934,1965473,394592,1561576,1975533,243492,1201330,771200,267213,1789563,657189,797326,1209882,1545428,3520,651792,129782,1237445,1123240,398160,1776536,False,False,False,False,True,True,True,False,True,False,False,True,False,857,1,Mlpdru,,Spizdzs,8,True,31,37,0.7041,0.3767,0.9811,0.3331,0.8279,0.2106,0.7327,0.8104,0.7004,0.0526,0.8654,0.179,0.4875,0.3918,0.9844,0.6593,0.8485,0.9911,0.5479,0.3374,0.6779,0.9903,0.7577,0.3911,0.5278,0.283,0.6964
spotify:track:fwkdtpuwsledshdfttasor,Track Zdylvy,spotify:artist:czebzqpzqkagmryqjruruw,Qhqjd,spotify:album:cmrnaoohtuemqlocbxueva,Onvmnp,2024-01-13,334650,True,German,R&B,Jazz,0.862,0.6952,C,-8.91,Minor,0.123,0.1288,0.2062,0.1612,0.5625,179.203,3,10,4208761580,33967538,626263,94,140,44,109,169,1,33332239,40346846,5,False,PL,2016,72,19,Funk,Indie,EP,20,1,23,Sony,6001821552745,33,98,0.6498,0.1633,0.4561,4264422,45400869,108,1201617,561936,106830,36992,165037,96033,1347071.5,1899377.87,322785.61,142888.99,0.00607,0.559,0.253,0.075,40,40,2019-09-23,2018-07-02,4,39,64,5,False,True,True,False,True,False,True,False,False,False,True,True,False,True,True,False,True,False,True,True,True,False,False,True,False,False,False,True,True,True,2667547,3267894,1515590,2895520,4460073,4627757,4988008,3377683,4000207,4968657,1070153,2173161,79670,4308098,1304355,1060054,1196803,3177610,4761044,2242861,0.0529,0.7254,0.9745,0.7075,0.2491,0.6087,0.7068,0.1831,0.9862,0.7985,0.5022,0.2758,0.4278,0.9417,22050,1,-41.689,-2.842,28.424,-35.609,195.057,0.901,211.921,2013574,4058172647,173133,301631,30100,5543,2341,74378065,USYVA646914665,spotify:track:daevalnizrxzyrbleytxej,True,False,0.9525,sexual,PG,restricted,357530,782832,237467,708750,1916891,1424098,523795,1744256,1130615,1784208,1607286,1798949,247181,608309,627421,1013185,615608,555222,446831,4685,1547752,1323672,1192948,825484,True,False,True,False,False,True,False,True,False,False,False,False,True,5,2,Xejcmc,Nddmer,Fkhlevc,8,False,10,17,0.3537,0.434,0.3592,0.8705,0.1985,0.1896,0.0403,0.3945,0.7439,0.901,0.1603,0.199,0.4793,0.6652,0.2658,0.4211,0.5501,0.7998,0.7143,0.3249,0.7644,0.8818,0.5019,0.9236,0.8431,0.3888,0.1097
spotify:track:caentgriztlhmtgdngtwzg,Track Vfsvsn,spotify:artist:ezpqfdazylqcbkhqgimnqh,Hhjki,spotify:album:bbbtfmxceyjhcaowitjunj,Qfjxdt,1970-10-18,130758,True,German,Soul,R&B,0.0749,0.5466,F,-13.97,Minor,0.9896,0.202,0.7208,0.0438,0.1917,137.069,5,97,4188135975,24563151,940635,162,184,31,112,18,124,56238786,70299247,64,True,IN,1995,357,5,Metal,Rock,album,23,1,24,Republic,4550455362055,1,132,0.4554,0.7078,0.5251,5090377,14786520,75,2252464,578972,62444,89710,58701,5978,2667875.6,875565.29,319807.67,188409.2,0.0035,0.353,0.362,0.058,64,26,2021-12-28,2012-08-09,1,42,89,41,False,False,True,False,True,False,False,False,True,True,False,True,False,True,False,True,True,False,False,True,False,True,False,False,True,False,True,False,True,False,3092376,1244317,4018201,785937,4160423,1522645,3853643,1552127,1477322,1584271,4778637,4114766,1513360,2365958,176557,2601812,1366660,1490943,3306766,1575783,0.0695,0.072,0.2453,0.9091,0.9704,0.1002,0.5268,0.7268,0.808,0.6033,0.3779,0.0207,0.8266,0.7634,22050,1,-52.069,-4.598,8.03,-3.684,263.913,7.924,201.409,892035,7809347296,894141,370910,44546,13259,1140,64481609,USTXV493106618,spotify:track:chnvdxaldrfwkwvceccyjq,True,False,0.9233,none,E,inactive,373435,898898,1112498,702218,1257476,380350,1424874,891802,315034,1873003,1399373,1441080,632425,1310213,1714552,601894,730617,1835851,217941,568523,1921482,1047004,1387751,774085,False,True,True,True,True,False,True,False,False,False,True,True,False,982,5,Hczeki,Lskuiu,Rgkmnnv,7,True,37,91,0.4218,0.5779,0.6935,0.7483,0.7031,0.2352,0.0029,0.9939,0.0172,0.5584,0.9576,0.9209,0.0596,0.3493,0.8488,0.8668,0.819,0.2947,0.1441,0.8533,0.9718,0.913,0.2425,0.8278,0.0559,0.1378,0.9621
spotify:track:sjazjsrbvwajccovdettsh,Track Kiushe,spotify:artist:watnavrwovxnsleznzdfqf,Etovv,spotify:album:miqveuqfccpwahobptioqa,Gzooub,1988-03-22,144434,False,English,Folk,Metal,0.9587,0.5002,F,-4.96,Minor,0.9739,0.7027,0.0974,0.4073,0.7415,74.14,4,3,1641158401,39350332,1822131,10,75,42,39,175,119,10571029,84014952,11,True,AU,1978,394,23,Jazz,Punk,EP,15,1,11,Atlantic,3848732601648,18,80,0.5471,0.9689,0.7814,1462431,33481435,24,3815204,328957,88980,489714,77491,21164,340902.38,1729556.05,176684.24,14226.78,0.0074,0.484,0.396,0.197,196,56,2024-08-02,2013-02-24,16,37,125,3,False,False,False,False,True,False,False,False,False,True,False,False,False,True,True,True,True,True,True,False,False,True,False,True,True,False,False,True,False,False,3929968,4488876,3899469,915356,719931,1512242,908891,3329814,3633226,1673284,3368197,2757508,540826,2661578,2872456,4079338,1783713,3994818,959039,2335179,0.4546,0.5451,0.9485,0.1455,0.2135,0.5682,0.9878,0.7742,0.0624,0.8085,0.7896,0.9786,0.2134,0.2115,22050,1,-2.841,-6.327,8.095,-21.859,140.062,0.693,260.76,2502630,9509508137,936455,136025,96510,3522,757,57516899,USITE549457949,spotify:track:ovoxfspdrvtvtaxymiurgs,False,True,0.6343,drug,E,active,458485,1563862,393545,881173,1460553,1145225,1624001,348339,1260269,791793,453272,729988,439905,1997279,400889,1425283,1209713,30138,776483,1706618,762932,33955,633223,1880421,False,True,False,False,False,False,False,False,False,False,True,True,False,438,2,Epojvr,Lhqywz,Ucqqkmt,9,True,40,56,0.5034,0.8059,0.6677,0.8517,0.2119,0.7769,0.5516,0.1145,0.8563,0.9506,0.3506,0.7938,0.4639,0.908,0.6449,0.7846,0.3958,0.9396,0.7822,0.5076,0.2676,0.6587,0.3074,0.9027,0.9093,0.6733,0.0042
spotify:track:xaauvntieolokqkbylyksk,Track Iegsdd,spotify:artist:pktxveicaaudqozoatzque,Qffvs,spotify:album:ujgbcdazwcyddgecvxfcuk,Mqfkxq,2000-06-13,331956,True,French,Metal,Pop,0.9036,0.6597,A#,-7.87,Major,0.1172,0.3428,0.3468,0.9949,0.6,60.702,5,15,4421907100,1546565,1086414,132,195,40,56,94,30,29120581,3960103,41,True,CA,1970,373,23,Electronic,Latin,EP,16,1,3,Columbia,7648499218791,98,151,0.3116,0.7941,0.9538,8184459,29089791,114,3554566,625297,142435,427762,83558,81646,537884.8,1149168.39,99860.39,70583.1,0.00908,0.628,0.235,0.183,131,32,2023-03-01,2019-03-12,38,39,166,34,False,False,True,True,True,False,False,True,False,True,True,True,False,False,True,False,True,True,False,True,False,True,False,False,True,True,False,False,True,True,863357,4705662,2332439,627670,4814628,3537896,3650768,2665759,2685373,1662206,1653589,416576,4143420,4182987,392518,2301963,3533594,1000417,1040964,3798236,0.1711,0.3269,0.3829,0.5764,0.285,0.6437,0.8561,0.988,0.9116,0.2844,0.8416,0.4028,0.8958,0.918,22050,1,-39.757,-19.675,14.097,-10.209,219.619,3.01,247.578,2900985,1719465864,583480,406120,164193,32362,385,52791522,USHZM929136000,spotify:track:cirleexjxzywgucybipvhe,True,False,0.1199,violence,E-Clean,restricted,1335683,936965,1401390,256635,1094217,1106434,504414,1211912,1002285,1386781,1027822,588338,675097,1620351,1532734,1012308,473600,192517,553253,1606842,621248,1491874,173632,740314,True,True,True,True,False,True,True,True,True,False,False,True,False,107,2,Fpnwti,Lenxfj,Zwnuehe,5,True,9,59,0.8762,0.745,0.2406,0.8941,0.187,0.0286,0.6619,0.4526,0.2656,0.9269,0.0841,0.4315,0.1506,0.5022,0.5079,0.0532,0.2726,0.0978,0.6486,0.732,0.4226,0.294,0.4027,0.594,0.5296,0.4936,0.4336
spotify:track:rqyfbagbcfqskctwgfujhp,Track Tcnsmh,spotify:artist:xgibexdamiegcrwpzpmgcv,Ozvne,spotify:album:dchtltzgmjajsxuwxpcrsa,Zwrdmg,2022-06-04,232910,False,German,Hip-Hop,Classical,0.9206,0.3778,C#,-0.69,Minor,0.9873,0.8761,0.175,0.9103,0.3488,106.367,6,35,1328534462,2758672,1215434,134,180,88,157,32,111,61073780,76057143,44,False,FR,1961,256,30,Electronic,Soul,single,17,2,20,Warner,3270025034602,44,73,0.7853,0.502,0.9585,9407809,10404357,22,2270535,149573,103141,226519,153413,10579,1454081.05,96458.46,466467.38,49745.7,0.00711,0.454,0.22,0.186,67,38,2023-05-23,2016-12-20,23,37,112,44,False,True,True,False,True,False,True,False,False,True,False,False,True,False,False,True,True,False,False,False,False,False,False,False,False,False,False,True,True,False,741796,1179317,2536631,2035459,4868097,4296702,3129883,1067658,4557275,4744383,2460741,449092,3293865,1056426,3380123,49936,3882313,4345368,3860611,455889,0.0847,0.2702,0.9862,0.107,0.5943,0.8219,0.5654,0.6906,0.8643,0.1214,0.5846,0.5108,0.717,0.7016,22050,1,-26.277,-0.654,4.092,-6.297,273.52,1.548,294.236,54113,7755065294,653959,360592,105224,7517,550,4793,USDWN412484014,spotify:track:zvvovrwqlqevretomhrymr,False,False,0.6977,none,PG,restricted,1706019,890939,310727,58658,594379,958571,251923,1183232,816692,23109,1217476,634937,71478,1352891,1364034,1873220,1378230,1299975,932140,89405,1904441,1902239,743916,292140,False,False,False,True,True,False,True,False,False,True,True,True,False,671,5,Olwdur,Ybvmzp,Esnrgsp,10,False,37,79,0.8299,0.0676,0.0295,0.7329,0.2317,0.6653,0.4994,0.6793,0.3237,0.2315,0.7717,0.9173,0.7956,0.1054,0.8808,0.7282,0.3841,0.9733,0.9224,0.0619,0.2505,0.0374,0.7499,0.4415,0.3743,0.6313,0.0295
spotify:track:ecldqofmrftlnucaycadau,Track Owirys,spotify:artist:nefvnjxwulqwodncmboavh,Vkjwe,spotify:album:hngnpiqoxpyzqakfxbfvit,Xbmuop,1963-03-04,210661,True,Korean,Ambient,Ambient,0.9294,0.8875,G,-1.07,Minor,0.7233,0.1041,0.4966,0.2252,0.3503,126.863,4,2,3999674414,1769074,1622484,51,137,156,98,175,176,2429651,74155752,61,True,NL,2008,357,5,Blues,Blues,single,4,2,4,Columbia,3392004785088,31,15,0.0766,0.1267,0.1806,733490,21080631,89,2048870,306616,68008,317783,104285,62744,3287948.34,1969788.02,38188.94,187674.03,0.00285,0.582,0.344,0.185,57,56,2016-10-15,2018-03-25,100,36,75,42,True,False,False,True,True,False,False,False,False,True,True,True,True,False,True,True,False,True,True,True,False,False,True,True,False,True,False,False,False,False,708781,500968,2341197,3220690,4155359,158112,3209382,3226789,3724707,372584,1882810,1725789,3182025,1547084,3616202,4466866,438385,2559767,262614,4542843,0.763,0.9372,0.9101,0.7545,0.3362,0.8282,0.2625,0.7533,0.2165,0.0273,0.7258,0.6215,0.8657,0.7826,22050,1,-11.556,-8.934,28.574,-4.052,188.98,9.909,280.214,3555385,6523681065,170444,199906,245016,48865,1951,17699655,USXHR450253363,spotify:track:ruvpdoigemlmzmvfbyhpib,True,False,0.766,violence,18+,restricted,266804,476932,1321914,365943,308075,1827120,1295933,1375685,103976,487949,240011,1372797,80744,386411,1435377,1062667,1804746,923394,1216118,665498,87987,1160580,1504408,478050,True,False,False,True,False,True,True,False,True,True,False,True,True,242,1,Ijvkqw,,Diuikqm,5,True,10,47,0.0446,0.9303,0.9119,0.0255,0.609,0.808,0.5108,0.7809,0.5082,0.5815,0.3441,0.2149,0.8307,0.0326,0.7263,0.3811,0.9978,0.0784,0.0773,0.9355,0.2246,0.5035,0.5744,0.5482,0.4181,0.733,0.8476
spotify:track:nbmnlgvhggtjltdgtwjjnx,Track Qplkov,spotify:artist:dnukpdghickzoquxwadgoy,Tdalr,spotify:album:zdwxxjkosdxxpqzbtjlklv,Hmdetx,2005-09-12,141964,True,English,Dance,Dance,0.3699,0.6494,F#,-13.59,Major,0.5087,0.5881,0.9448,0.0969,0.2973,107.756,6,36,1386416773,21379927,1588273,46,37,11,189,188,54,57786785,69678116,35,False,FR,2004,146,6,R&B,Metal,EP,16,2,8,Warner,2997961287099,69,138,0.799,0.0067,0.8325,432471,24799447,52,2364224,987555,299455,223610,191912,58304,2604517.39,2493121.89,147470.79,21922.98,0.00736,0.638,0.233,0.115,68,11,2013-01-25,2016-03-31,94,43,30,23,True,True,True,False,True,False,False,False,True,False,True,False,True,False,True,True,True,True,True,False,True,True,False,False,True,False,True,False,False,True,1665750,744167,4331090,1796748,26824,3643330,564228,4116215,4678638,1749418,1494137,325584,3507774,2206823,3190105,4898099,1968938,2925139,4062041,4449830,0.6569,0.1801,0.3001,0.2319,0.2921,0.4851,0.7967,0.3922,0.3571,0.481,0.0965,0.1124,0.8809,0.755,22050,2,-34.824,-11.057,7.422,-34.508,162.287,9.563,299.092,2915700,7288424566,739056,67139,405632,31702,4007,80672745,USKGH742845364,spotify:track:vlgbmfqblfwnuczpdoyaju,False,False,0.7668,drug,E,active,1087685,441373,759374,1122967,416158,329237,1757725,1123441,829478,1802969,1505378,480949,608567,1680417,338489,1909779,784083,695210,866952,452177,1159622,1537913,521569,1971351,True,True,True,True,False,False,True,True,False,False,True,True,True,34,2,Tvjkvw,Wbnsta,Toxcpkv,5,False,27,65,0.7435,0.3022,0.4589,0.0997,0.9693,0.5762,0.3766,0.4295,0.2223,0.4063,0.2786,0.2844,0.7029,0.5066,0.3824,0.9932,0.7276,0.9515,0.7627,0.7146,0.4523,0.5779,0.0249,0.7712,0.4471,0.4768,0.1089
spotify:track:idqcofypckvnvtbmktvarp,Track Wgfomm,spotify:artist:yglmottxlcdandfwcxmqnd,Wkadz,spotify:album:swhixoehruyjpmfitzyesm,Iemzas,1977-11-16,301939,True,Dutch,Soul,Indie,0.0947,0.625,A,-16.87,Minor,0.6363,0.8833,0.345,0.0141,0.1926,99.786,6,74,3132419935,24647894,1309773,197,104,66,144,139,165,27191916,10399669,75,True,FR,1987,144,6,Latin,Dance,album,5,2,11,Atlantic,9769202296140,9,14,0.137,0.8072,0.4254,7913629,21950595,77,4197450,796925,61497,126234,146838,51543,1886610.03,1156620.3,237239.0,62352.37,0.0057,0.512,0.365,0.176,43,81,2016-03-25,2013-03-16,56,36,114,32,False,True,False,False,True,True,False,False,False,False,True,True,False,False,True,True,True,False,False,True,True,False,False,True,False,False,True,False,True,False,4015919,3341132,368405,2122636,2299936,480054,4799801,255235,3949434,3812460,4112938,1457696,3971573,4576718,871469,320391,3099874,241902,1285065,1484009,0.8709,0.1316,0.4196,0.8458,0.056,0.6375,0.0623,0.0975,0.5441,0.9834,0.1942,0.614,0.0167,0.8373,22050,2,-6.136,-16.616,29.588,-16.672,207.902,0.142,299.674,3492837,2876086952,68110,101156,432562,49892,4108,19798986,USSCL456646893,spotify:track:odmvcycxeciqaeaqlwyiry,True,True,0.3105,sexual,18+,inactive,585028,294494,1184974,661737,868184,473873,1751699,394778,572101,1852977,417804,371430,618517,543904,1462885,921904,554791,193802,1027364,744810,1213613,762552,731610,1619778,False,True,True,False,True,True,False,False,False,True,False,False,True,525,1,Gmacre,,Dpjjpas,6,True,10,53,0.4755,0.3367,0.903,0.1871,0.358,0.1627,0.5468,0.752,0.439,0.6166,0.5936,0.6945,0.731,0.4736,0.2436,0.7234,0.6009,0.4826,0.4012,0.0401,0.929,0.2343,0.9348,0.9269,0.1079,0.4259,0.2694
spotify:track:ppeehpsnyodrubcudiklrf,Track Ehewls,spotify:artist:eouaecokfmjmgxkiykihrw,Pnjrz,spotify:album:axegjnapkcfmbhcjedirmg,Yekncu,1991-01-25,299847,True,Korean,Pop,Jazz,0.319,0.5747,F#,-6.27,Major,0.4861,0.9599,0.4017,0.7714,0.303,96.211,3,77,3900736993,33693282,781971,200,122,183,86,137,94,14989380,24004439,54,False,DE,1979,4,11,Dance,Latin,single,17,2,14,Universal,4084053467022,53,5,0.4468,0.2977,0.0356,1873734,23974271,187,307126,557075,207730,130352,45936,11016,2674972.5,378207.58,72322.16,98690.06,0.00903,0.438,0.237,0.143,188,67,2022-10-06,2020-04-13,6,5,84,24,True,True,True,False,True,False,False,False,False,True,True,False,True,False,True,True,False,False,True,True,False,False,True,False,False,True,False,True,False,True,2390019,2287400,42371,3415696,1737585,157025,3475608,1088564,2304926,2240205,3879238,2668914,814933,1856597,1885966,151606,2723016,1854366,534542,2414504,0.7282,0.6093,0.4606,0.4208,0.5952,0.5415,0.4756,0.5577,0.343,0.3196,0.8226,0.1518,0.8544,0.499,22050,1,-19.621,-14.886,0.968,-8.862,352.254,6.314,284.199,2896579,356877432,784346,277658,193562,19925,2390,42323961,USLME841349095,spotify:track:mgxdpwcfzoeeutkktkpijc,False,False,0.2251,sexual,PG,restricted,600379,1732537,1938922,942577,329185,1937580,1831530,372510,838974,604835,6998,1117080,1740355,700563,1599990,973123,1376131,361277,1433092,1902705,206198,803950,1216679,1369658,False,False,False,True,True,True,True,True,False,True,False,True,True,582,5,Mcjtwr,Owwejw,Eyxihxf,8,False,15,87,0.6032,0.9897,0.7968,0.9728,0.5002,0.1112,0.604,0.3313,0.9202,0.1593,0.4622,0.9625,0.0069,0.0323,0.6769,0.8671,0.9955,0.8622,0.0704,0.4171,0.26,0.716,0.121,0.7766,0.6471,0.5342,0.0237
spotify:track:mshkvtjsnqlddgvtcekixu,Track Fcqbxm,spotify:artist:gghlusoptdhfjjhyeqmlht,Sdhjq,spotify:album:afhpgstzkqeiewijwmenex,Ayiifh,1970-09-23,290392,True,Japanese,Funk,Soul,0.5694,0.6386,C,-3.2,Major,0.7414,0.3636,0.0328,0.6264,0.952,131.038,5,70,4636191808,3756905,936756,146,134,64,63,66,190,24520519,87350865,31,True,NO,1982,21,20,Latin,Alternative,EP,3,1,24,Sony,9132274080704,56,22,0.476,0.0999,0.5894,8174374,20130039,145,80551,609970,225315,451484,29235,94369,4432598.76,2332198.72,97399.38,161153.17,0.00653,0.483,0.1,0.163,154,34,2021-01-18,2024-02-27,23,22,130,31,False,False,False,True,False,False,False,False,True,True,False,True,False,False,False,True,True,True,False,False,True,False,False,True,True,True,True,True,False,False,2684487,4449313,3958379,863331,2517097,1764056,4789965,1296859,2715941,1311875,1609807,3323901,1440972,1324923,1318124,2732012,4332433,3974314,4993148,3497287,0.7798,0.2694,0.9328,0.472,0.8562,0.3036,0.145,0.3337,0.3539,0.7452,0.4497,0.4253,0.3935,0.4171,22050,2,-56.682,-11.824,19.374,-51.604,229.654,2.742,322.78,1696286,9485903596,751485,134180,154558,24476,193,43197411,USLJO357642017,spotify:track:ypyyukysgzpbbinlhmwbzt,True,True,0.5898,drug,E-Clean,active,919100,514277,687534,1201108,1146272,1599680,1385569,546767,1167430,1113645,1714023,611150,1446133,45826,294581,1619212,1614609,142614,1826043,1648153,1466436,1491919,1549917,658424,False,False,True,True,False,False,True,False,False,False,True,False,False,618,5,Ydqluu,Vbzjoz,Ywiohib,2,True,35,99,0.1123,0.1582,0.5135,0.8515,0.5739,0.4684,0.6502,0.1909,0.0731,0.684,0.8178,0.4657,0.8894,0.9943,0.1522,0.3304,0.1817,0.5752,0.454,0.7811,0.7395,0.9485,0.8894,0.4015,0.2938,0.6237,0.3899
spotify:track:aidwptnqfvyxsoedicnybd,Track Jbwyrf,spotify:artist:ezgxuawydyawwfblfupdzn,Pnefy,spotify:album:tjzkfcnmnyajkzcjibyqfs,Qvwazs,1988-12-31,131893,True,German,Jazz,Dance,0.0093,0.5186,D,-6.1,Major,0.0612,0.8024,0.8663,0.661,0.3717,118.083,4,53,740539233,34803135,317567,190,172,47,94,29,42,4024864,66781754,26,False,NL,2007,466,27,Latin,Ambient,EP,1,1,11,Universal,8089035510809,14,122,0.4644,0.4151,0.8981,7388951,9019793,154,6053,326558,249688,246146,67334,16803,1614450.0,1619981.28,478452.68,133686.39,0.00187,0.497,0.349,0.136,33,28,2021-07-18,2012-11-29,19,15,169,6,True,False,False,True,True,True,False,True,False,False,False,False,True,False,False,False,True,True,False,True,True,True,True,True,True,True,True,False,False,True,4799011,4033044,4058784,2884857,1574946,4841916,3402896,3792524,1802176,3801663,2204565,4579168,3689838,988338,2342981,4315862,2829899,2829096,1562960,2141480,0.341,0.872,0.772,0.4563,0.0965,0.8562,0.7633,0.2629,0.782,0.4265,0.0254,0.5433,0.0946,0.9751,22050,1,-52.783,-5.746,3.789,-39.143,228.616,5.533,340.932,4233929,5079281484,859860,493485,464322,33482,1596,19019782,USVFA555755055,spotify:track:szeerqwfysoylfbzkknkmi,False,True,0.0749,drug,18+,inactive,1935780,1538178,1285800,1245676,140120,124198,1583705,860619,294237,301552,1008587,1724784,336074,1603467,1692377,1994204,508481,820486,1649017,334376,1354937,878726,819985,1240290,True,True,False,True,True,False,True,False,True,True,True,False,True,688,2,Tadicq,Mrhdtl,Bzxihzj,5,True,40,59,0.4259,0.1685,0.7098,0.8655,0.4873,0.2911,0.5228,0.0886,0.7318,0.9597,0.8651,0.2413,0.85,0.4945,0.7016,0.4325,0.0567,0.1052,0.7699,0.8423,0.7324,0.9047,0.6403,0.3288,0.667,0.2512,0.3567
spotify:track:asmpflgzvmpopwrbcvqccz,Track Gpspvs,spotify:artist:bqllwakutlxfeqihkalxjr,Jzhui,spotify:album:sqteowqttuemcjnuzihxck,Qqtfwm,1990-03-26,331261,False,Japanese,Jazz,Jazz,0.3228,0.1115,A,-13.79,Minor,0.7568,0.5383,0.398,0.6956,0.1986,72.676,6,33,4921026097,22828516,1117520,91,102,35,99,27,189,39449235,82332842,72,True,ES,1988,227,27,Rock,Country,single,22,2,1,Def Jam,2628481298445,72,50,0.4123,0.8479,0.5809,9654564,25978095,191,2193556,741076,190824,421226,69089,56533,1851205.49,2700163.58,468461.09,64030.94,0.00421,0.683,0.14,0.179,180,31,2022-01-27,2022-12-26,17,7,130,46,False,False,True,True,False,True,False,False,True,False,False,False,False,True,True,True,False,True,False,False,True,True,False,True,False,False,True,False,False,True,3323952,1805263,3792588,2599002,4516390,2555682,2772713,1950891,4780310,4261034,3415354,1209914,4526598,4923043,2637869,56835,444352,3006053,4927868,1003976,0.7746,0.071,0.0636,0.4137,0.1612,0.1946,0.9798,0.7737,0.9896,0.8357,0.0295,0.9288,0.7287,0.3318,22050,1,-3.231,-8.52,28.471,-36.753,217.818,6.964,220.776,2879770,785934340,326312,186204,93014,46351,3525,33824764,USMEK393604028,spotify:track:borcazaihuojbeqmnzcrej,True,False,0.7064,language,E-Clean,restricted,63631,1304601,81315,1961451,1127407,1862760,1664399,1972799,252251,1692831,1959259,653609,1960905,611174,226020,732019,1432422,378361,1237542,1087349,351032,1887920,209131,1043649,True,True,False,False,False,False,True,True,False,True,False,True,True,983,3,Ekjxxv,Xsvcnr,Inonkof,6,True,28,97,0.198,0.9442,0.4263,0.4351,0.0824,0.0238,0.1043,0.5613,0.6097,0.3059,0.9923,0.7707,0.7708,0.6989,0.5276,0.0416,0.9468,0.3071,0.5875,0.9003,0.5428,0.6409,0.7393,0.5343,0.0472,0.3029,0.1882
spotify:track:zbvwtnejsxcyxsbffqaxfr,Track Yagvvz,spotify:artist:zvjvbdgrwkowqfwthrkkhx,Vmpqk,spotify:album:slrfqcxmeiygryknhocdvw,Yomdzm,1969-10-22,149204,True,English,Reggae,Jazz,0.0836,0.6936,C#,-15.16,Minor,0.4381,0.1428,0.597,0.0411,0.9336,167.351,4,98,1365462649,38172112,29902,40,88,65,45,90,119,26931692,86455359,7,False,NL,1979,485,10,Punk,Hip-Hop,single,6,1,11,Def Jam,0486215310507,92,83,0.3704,0.1435,0.1038,3920197,396050,97,28697,590045,30627,426616,101587,74311,598298.5,673593.0,314143.3,112727.75,0.00167,0.56,0.373,0.191,166,49,2016-05-02,2023-10-26,50,29,192,16,False,False,False,False,False,True,False,False,True,True,False,True,False,False,True,False,True,False,False,True,True,False,False,True,False,True,False,True,False,False,3504136,3863637,3794266,3723643,3258494,3888263,3049764,2833682,2734778,3346073,1116646,4445431,1727340,2063657,1819986,1601931,4767972,1632439,3048545,3887079,0.5482,0.764,0.4082,0.644,0.2135,0.1413,0.1087,0.6522,0.3003,0.8329,0.7746,0.6236,0.0509,0.2172,22050,1,-20.421,-1.258,12.954,-3.408,125.72,2.065,285.109,1445699,9259329659,421398,301501,409919,12963,1234,55202373,USIGT723967867,spotify:track:cawbwixfdfvjxpvmshcoxd,False,True,0.5323,drug,PG,inactive,1177894,1158301,1318442,984754,1467718,589791,1446958,1778373,1895094,523008,237734,1392234,1982651,307539,1906698,933031,203568,1584762,82582,284371,1845979,798908,991560,795596,False,True,True,False,False,True,False,True,False,False,False,True,False,70,1,Dhkdzu,,Rzisycp,8,True,39,75,0.4177,0.1691,0.8513,0.192,0.2802,0.5204,0.9159,0.4896,0.9058,0.052,0.2388,0.3066,0.4489,0.4329,0.0405,0.75,0.7598,0.4581,0.0802,0.5513,0.1306,0.9782,0.6242,0.7346,0.0192,0.3807,0.9045
spotify:track:jarsiuwukiysomgxxcrinc,Track Vucbje,spotify:artist:uuwaauwqeqwlwucdsftccy,Augbc,spotify:album:inmfzpehrwbeaefdozssbe,Izeqpp,2005-06-15,287928,False,German,Blues,Latin,0.8245,0.7354,G#,-19.86,Minor,0.2814,0.1613,0.0616,0.4939,0.9027,68.457,6,10,1915264394,49947526,1414631,23,82,151,198,93,179,8843104,76397882,33,False,NO,2005,381,26,Funk,Folk,compilation,10,2,11,Independent,2164837948417,49,108,0.9496,0.8734,0.7883,6399792,42425756,38,3350563,383474,7313,227740,173479,22646,755278.15,2838131.5,108496.89,3277.87,0.00525,0.408,0.159,0.125,41,38,2022-04-28,2016-03-24,30,13,125,39,False,False,False,True,False,True,False,True,True,False,False,False,True,True,False,True,False,False,True,False,True,False,False,False,True,True,False,False,False,True,3100157,4742312,3972199,529530,148560,3750363,3103856,3498054,2064519,1757044,2736369,1958222,2621750,3994551,2353267,4655641,2858479,4842070,2777138,1630558,0.9019,0.9655,0.7816,0.5723,0.9114,0.7081,0.6094,0.8133,0.2491,0.5633,0.8906,0.3135,0.8807,0.3841,22050,1,-22.584,-18.374,14.728,-23.844,333.819,9.583,239.901,3770552,7601858850,746489,75016,190726,3868,3880,33096161,USFAJ894123965,spotify:track:vqypdttfuhukvagdaqtcmx,True,False,0.6259,drug,E-Clean,restricted,1590609,658688,225957,1964827,573680,956182,578707,414776,1481211,1272011,950709,597190,341628,1229938,269558,676968,35559,259868,109940,1819777,684799,1158834,1000554,773475,True,False,False,True,False,False,False,True,False,True,False,False,True,904,4,Bsdbbd,Nygtzi,Ktmonqk,3,True,13,57,0.1591,0.7628,0.8687,0.2274,0.0565,0.6835,0.0242,0.6429,0.6973,0.4787,0.0422,0.7585,0.95,0.9544,0.1377,0.3195,0.3875,0.6343,0.3958,0.5102,0.2896,0.0235,0.7147,0.4149,0.068,0.2001,0.036
spotify:track:fmjcwnvkdaqqgjkvtgfxkq,Track Llzruf,spotify:artist:ckcyftthrfphmqfxvfaavw,Fykiz,spotify:album:pemohzwgqwwqwyyhjoebfe,Lwbkau,1970-10-09,199180,True,Portuguese,Soul,Classical,0.1203,0.6367,A#,-4.14,Minor,0.1746,0.1126,0.7248,0.4552,0.8864,157.289,5,34,4391858229,37798269,1006156,17,188,178,40,56,17,53357772,50658129,3,True,DK,2015,426,15,Blues,Jazz,album,19,1,22,Sony,9877226916890,72,112,0.5589,0.7029,0.792,793470,19227837,93,741687,627099,192569,239210,123856,71380,819557.19,1975821.1,185636.14,110204.81,0.00231,0.594,0.204,0.076,103,47,2020-06-26,2017-10-17,99,19,38,44,False,False,False,False,True,False,True,False,False,False,False,True,True,False,True,False,True,True,True,False,True,False,True,True,True,True,False,True,True,False,4103539,980807,2730385,3131652,4600737,3313168,4388257,3295042,1837704,4840389,2945528,3422539,892771,1894271,3805526,1306116,1579836,5000,4232145,904299,0.4952,0.9158,0.6949,0.3066,0.7558,0.3029,0.2092,0.6382,0.9516,0.191,0.0162,0.2958,0.2071,0.8277,22050,1,-55.979,-10.948,3.569,-3.308,278.78,0.106,289.634,2878715,5960329328,218573,159271,224669,40583,4830,64215060,USQPR144324777,spotify:track:kpwyrzjztcgcgvqcjipmio,False,True,0.6137,none,E,inactive,1244510,1809248,1416086,1637529,59214,1961965,1061776,932037,144912,1052922,380073,971358,576173,1461989,1184995,814068,1680463,1939824,1123366,1370913,1519032,102162,531007,1228220,True,False,True,False,False,True,True,False,False,False,True,True,True,203,3,Mauuxu,Beirvf,Lsxcdty,10,True,28,63,0.3667,0.6989,0.0205,0.5252,0.6938,0.6348,0.1063,0.4737,0.2789,0.5573,0.4223,0.0652,0.2628,0.9487,0.3576,0.4013,0.9193,0.9066,0.8755,0.121,0.162,0.5704,0.6646,0.4461,0.9965,0.3733,0.263
spotify:track:buekogddsabucrpawdxwue,Track Mmckqo,spotify:artist:uddnwbnzogtvjfgblwuary,Kpwtd,spotify:album:puxqtephulabcxdqjkmuxh,Niiynk,2021-10-06,274549,True,Italian,Indie,Hip-Hop,0.6914,0.9752,G#,-9.66,Major,0.2516,0.2682,0.2713,0.2889,0.5135,103.827,5,30,2431016588,23388825,642557,50,86,133,174,106,72,35422420,80231057,54,True,AR,1977,411,25,Metal,Classical,EP,23,2,7,Def Jam,5178627816424,34,146,0.4591,0.3414,0.2547,1208802,16947383,31,3158831,852612,288716,206087,856,8722,944721.55,2802369.29,463902.86,90952.11,0.00992,0.533,0.183,0.135,51,34,2011-02-22,2019-08-05,81,32,153,7,False,False,False,False,True,True,True,True,False,True,True,True,False,True,False,True,True,False,True,True,True,True,True,False,False,False,False,True,True,True,4786683,2237541,4635677,2965804,1982750,1272576,192552,4644858,4899953,2656821,1844422,1441517,3215118,1704071,4544203,146302,1345497,764854,4791910,2262652,0.8096,0.1246,0.2462,0.4064,0.242,0.6096,0.8919,0.9176,0.2795,0.0032,0.6712,0.4352,0.8609,0.8496,22050,2,-47.197,-17.993,2.46,-17.254,226.207,7.392,257.671,3189035,8688833034,802219,142461,107546,44126,4026,58606209,USUNI735342108,spotify:track:rekfjhsxjwyroqbsaojall,False,True,0.4374,violence,E-Clean,takedown,768804,1911760,544964,1003551,331555,353457,459563,1790227,1227871,1352681,1084583,1256414,1113454,1698991,410438,1773986,76112,799946,764562,100618,1595325,479367,188686,1482905,True,True,True,False,True,False,False,True,False,True,False,False,True,234,3,Ingcbr,Uyyeoy,Xgvfsbc,3,True,49,59,0.5534,0.3689,0.1789,0.5337,0.1868,0.7869,0.3255,0.1718,0.2723,0.8133,0.5009,0.8948,0.3938,0.167,0.4691,0.8465,0.2419,0.609,0.3672,0.7832,0.4624,0.4549,0.7102,0.7134,0.1621,0.606,0.0423
spotify:track:zdhnmtosxmqnupvkgyewda,Track Bzvdxj,spotify:artist:hamtfutlptdukdxxgksjfd,Ygdqc,spotify:album:jjxxwchvobzwbiinactobn,Qjlipj,1989-04-18,194691,False,English,Punk,Dance,0.1233,0.4384,G,-11.33,Major,0.6663,0.548,0.7489,0.5059,0.9986,81.466,6,42,1147211900,9544134,1598357,51,24,158,99,71,101,29560783,5623602,5,False,US,1977,100,14,Dance,Classical,compilation,5,2,18,Atlantic,9291077291616,43,158,0.7279,0.3721,0.4689,4329920,38724730,142,4596331,932362,173329,331100,174310,42799,2633593.11,2003272.2,417679.33,117955.92,0.00714,0.622,0.333,0.087,6,55,2020-11-03,2016-02-08,43,33,77,32,False,True,False,False,True,True,True,True,True,False,True,True,False,False,False,False,False,False,True,True,True,False,True,False,True,False,False,False,True,False,3969272,256653,2799998,3106973,991754,2583753,1977046,4081225,4126027,3324780,4936051,1795401,3400051,3607987,1972256,2403064,2040410,1383234,2819505,1335399,0.598,0.5934,0.8532,0.1007,0.0823,0.7374,0.15,0.4285,0.8966,0.9344,0.7936,0.6974,0.1519,0.0514,22050,2,-49.346,-17.33,29.511,-37.994,284.559,8.268,253.588,4798260,375896352,173247,468126,162407,21636,818,5226739,USZCB108113915,spotify:track:qnvhbpgqscprawrsvjnhsk,True,False,0.6663,language,E-Clean,restricted,311890,1474789,325518,77170,166625,123203,1232460,1835305,246872,309707,225809,941453,264471,313161,1515757,154019,592393,1615576,697781,1442265,670984,1214817,501752,1507098,False,False,False,True,False,True,False,True,False,True,False,True,False,67,0,,,Awgemrk,6,False,8,41,0.7453,0.7074,0.6584,0.9581,0.7515,0.8681,0.184,0.8692,0.1642,0.2506,0.0932,0.8755,0.3346,0.042,0.1403,0.5128,0.4954,0.2779,0.2023,0.1805,0.0384,0.0092,0.3607,0.343,0.6149,0.3372,0.1046
spotify:track:uzfdrwthknpyfutbzphzlh,Track Apzbvk,spotify:artist:mwoyvfgxwvrpkaffvgabbu,Nxyaw,spotify:album:ttutrmpnouwykseraligmc,Ytehge,1998-04-04,173501,True,Japanese,R&B,Metal,0.3095,0.5423,G#,-7.22,Major,0.9828,0.8732,0.853,0.0033,0.2396,169.013,5,22,4781892007,30286166,707951,32,129,197,200,137,120,68556677,16388650,61,False,DE,2005,404,3,Folk,Jazz,compilation,7,2,24,Universal,9697913561973,43,100,0.7927,0.4324,0.8073,6752148,14251237,42,1595040,651244,253452,405517,153709,98007,3486803.71,2928412.99,372325.63,166902.23,0.0094,0.612,0.267,0.119,83,82,2018-04-10,2014-06-20,6,3,116,13,True,False,True,False,False,False,True,False,False,True,True,True,True,True,False,False,False,True,True,False,True,False,False,False,True,True,True,False,True,False,3184157,1283765,2354414,2851633,3456356,624089,4454034,3051651,630082,4179934,2586921,2515073,3413080,190691,219343,2392055,2749398,1550014,780780,1152802,0.9314,0.6029,0.8516,0.3625,0.0952,0.2642,0.3338,0.8884,0.1826,0.2123,0.8004,0.2315,0.2765,0.8415,22050,1,-11.305,-9.021,17.321,-18.571,191.33,5.524,244.632,3386059,4469933228,963471,460306,220290,6092,2730,36111036,USTDC850808411,spotify:track:yxgiexscvmsdtvrgkrwosv,False,True,0.0594,language,PG,inactive,1730203,1106837,613849,721982,285654,848341,1238934,863068,1909973,1212849,603272,564889,522255,1292652,1795455,1865558,261407,1482485,881273,534772,1359662,1269313,1043704,3046,True,False,True,False,True,True,True,True,True,True,True,True,True,748,0,,,Rdfyoqs,1,False,6,43,0.2063,0.1444,0.7243,0.7856,0.8688,0.3251,0.4111,0.6595,0.6803,0.4434,0.2015,0.6351,0.2068,0.3532,0.87,0.8581,0.6623,0.4899,0.9491,0.4375,0.2521,0.4333,0.1586,0.7814,0.8337,0.7483,0.5243
spotify:track:fchhetmtblhffwvzhmlduq,Track Jzoqdg,spotify:artist:jgcwnikbycxggyywoyxqza,Yiroo,spotify:album:afchtgupqryojjqxiwjtnm,Lorcxg,1963-12-08,173728,False,Korean,Alternative,Hip-Hop,0.1026,0.9898,G#,-11.17,Major,0.2207,0.2145,0.3709,0.0366,0.0117,142.25,3,35,3821669629,14031919,196147,88,61,157,31,24,65,72061301,84438310,97,True,GB,2020,353,9,Alternative,Jazz,album,16,1,14,Columbia,1525069751795,85,71,0.1925,0.8223,0.2342,758400,49153231,45,1642959,867463,109613,103622,34767,38666,2304329.51,1985000.73,112812.59,26903.01,0.00206,0.665,0.161,0.144,195,38,2019-09-08,2013-06-14,89,5,41,31,False,True,True,False,True,True,False,True,True,True,True,True,True,False,True,False,True,True,False,False,False,True,True,False,False,True,False,False,False,False,1796396,168004,1646429,3404232,2479120,3150141,4491661,3899598,763570,4877157,967605,1063498,451241,1927180,4475682,949295,4698164,4020841,3310203,4870948,0.7124,0.8167,0.0528,0.1798,0.8758,0.7989,0.2405,0.0508,0.8583,0.5437,0.0742,0.539,0.0836,0.5251,22050,1,-44.421,-13.358,4.085,-49.301,222.653,8.502,230.795,1849753,8973832043,155002,327596,231917,4681,3458,96760222,USQCT681280777,spotify:track:rwscetqcrmulxqbqzadjjc,False,False,0.2608,none,E-Clean,restricted,602268,1029993,1095179,1908940,1610585,160649,315783,368521,1728801,1600606,606029,1051544,1303704,1653205,89044,658744,795754,983300,84689,1063557,911610,980025,55053,92581,True,True,False,True,False,False,False,True,False,False,True,False,False,576,0,,,Gdhfirj,3,False,46,5,0.5525,0.0394,0.4698,0.4067,0.2404,0.6021,0.6142,0.46,0.3551,0.9987,0.7724,0.7786,0.9531,0.8562,0.5258,0.1258,0.0607,0.802,0.9281,0.8653,0.2528,0.5286,0.8902,0.9152,0.7385,0.2616,0.7333
spotify:track:zqomwgfseqkgrdkrsnqrhh,Track Awtdsv,spotify:artist:lcygmbkyqeyjhweusjoeew,Srmiu,spotify:album:wnynxafcgsnvhsdpsrihqz,Hffzvf,2007-03-17,187558,False,Spanish,Reggae,Country,0.8067,0.8059,C#,-18.11,Minor,0.5262,0.7213,0.7874,0.5444,0.6065,87.807,3,80,2915351637,33057055,454725,35,104,165,83,58,11,54580226,4666068,92,True,DE,2023,389,11,Reggae,R&B,compilation,17,2,25,Universal,0189017115923,60,164,0.7028,0.2639,0.2836,2008248,48639003,106,25787,925138,112041,205395,96444,79920,3960433.47,401822.21,28972.52,62245.57,0.00164,0.349,0.258,0.166,74,13,2022-02-04,2016-07-22,29,15,102,34,False,False,True,True,False,True,True,True,True,True,True,True,False,False,False,False,False,True,True,False,True,False,True,False,True,False,True,False,True,False,3317665,3595940,3652158,388882,4356533,805183,977378,1080339,3577875,150733,353651,1618486,464623,4364228,1704415,3030989,3276504,3337242,741383,228753,0.3863,0.6849,0.0727,0.9403,0.2129,0.9528,0.7676,0.254,0.3405,0.0521,0.4298,0.5503,0.4362,0.1088,22050,2,-34.532,-8.773,27.073,-22.729,356.141,8.314,243.56,338411,497479920,318773,469951,290733,324,4323,60053039,USUIG959754266,spotify:track:dcjravnzpbhoyslgukpoyk,False,False,0.8303,drug,PG,active,1864685,1095158,619808,304466,1122531,1643183,767936,1214837,805513,1335418,1996352,1192778,520514,308138,692802,1185603,215889,617417,44613,1619629,1049495,1860883,649264,1194289,True,True,True,True,True,True,False,True,False,False,True,False,True,571,3,Eqlkxq,Efozfp,Irxqxnr,9,True,18,0,0.8973,0.96,0.8873,0.1178,0.1425,0.6951,0.61,0.3413,0.5493,0.849,0.1472,0.5905,0.3587,0.6766,0.4341,0.266,0.7836,0.3824,0.3783,0.4069,0.0728,0.8292,0.0149,0.4819,0.426,0.672,0.6857
spotify:track:denoztgegoguinqbaymfaw,Track Lkxbbv,spotify:artist:tnbrvizwbbnphhpwiluwnw,Yqqbj,spotify:album:qhxlpkbyxstkddautmqmjb,Esptgk,2007-01-03,296850,False,Spanish,Classical,Classical,0.2027,0.2321,D,-0.92,Minor,0.3579,0.9306,0.2026,0.9158,0.4013,125.407,3,59,45705406,11024665,1422037,27,21,155,42,1,98,15116604,29377377,96,False,CA,2000,68,15,Funk,Alternative,EP,13,1,7,Independent,4853571508208,55,71,0.2848,0.0529,0.4517,4196416,6819296,101,3945984,560130,56771,486373,37165,60713,3704608.2,1498999.94,256695.39,183034.11,0.00168,0.634,0.292,0.182,151,68,2014-02-03,2012-04-18,81,13,67,34,False,True,False,False,False,True,False,True,True,True,True,False,False,True,False,True,False,True,False,False,False,True,False,False,True,False,False,True,False,True,129703,3062565,18886,3155096,4535054,1204851,707600,1433950,1513715,1878278,2930172,2750545,1335610,723006,3299715,3070570,124421,2810611,4522084,3752076,0.9371,0.6867,0.4049,0.1503,0.0729,0.6513,0.9371,0.0728,0.5706,0.3274,0.3979,0.4567,0.5942,0.0394,22050,2,-45.887,-7.531,16.256,-12.999,328.339,9.531,219.031,316989,7949436675,837167,17779,498807,39660,1882,88894223,USVLS982962686,spotify:track:obcjqnztarcygolmozeylj,True,True,0.7194,sexual,PG,restricted,806301,1136607,314398,1797309,1307870,1205008,1919561,915332,1060751,1042758,1506887,1773165,322783,1755410,1749209,271555,671332,1082375,1209646,411363,1035798,1572370,80069,1657857,False,True,False,True,True,False,True,False,True,False,False,False,False,702,3,Oadhou,Ijgykp,Fjvhqqd,9,False,50,50,0.8303,0.2222,0.9406,0.5462,0.9015,0.5726,0.1031,0.4049,0.2607,0.6845,0.916,0.1866,0.7615,0.7224,0.9322,0.1779,0.945,0.3891,0.9686,0.1719,0.9461,0.2217,0.6946,0.3433,0.6079,0.6864,0.1022
spotify:track:wycsjaqnyyoaimrvffqdrn,Track Pycmmb,spotify:artist:nspgavfhiliicsjxvmvngl,Wbygw,spotify:album:sqcyuajlqydpmbtdmhdvnw,Jedivv,1998-05-30,229073,True,Japanese,Dance,Punk,0.4155,0.7543,G#,-11.16,Minor,0.8626,0.1382,0.7061,0.5102,0.9832,185.044,5,69,2715160793,49183767,1233899,109,94,82,183,158,74,23861571,67382482,16,False,AR,1975,496,3,Blues,Indie,album,5,1,2,Universal,1365802689133,26,2,0.324,0.4805,0.5218,7141772,37282064,188,1527976,715123,52622,148850,79498,37272,4255625.5,1574399.44,191533.78,117286.7,0.00996,0.496,0.25,0.178,57,54,2020-01-27,2024-04-17,57,47,75,42,False,True,True,True,False,True,False,False,True,True,True,True,True,True,True,True,True,True,True,True,False,True,True,False,True,True,True,False,False,False,1343442,1710915,4636769,3885486,2894129,203217,4467043,1384616,3956577,3389210,4351014,730579,3825435,1484290,1515529,2936748,4027199,3894507,2691475,2183895,0.7468,0.3632,0.6277,0.4838,0.3789,0.8627,0.9421,0.3254,0.6186,0.5109,0.7755,0.6698,0.4536,0.8997,22050,1,-16.227,-12.15,16.481,-49.101,225.489,1.209,270.316,531182,923712273,464412,412725,376016,47730,1779,75763872,USRZY133155678,spotify:track:yturpqgogeqsgpxfoikmqt,False,True,0.1616,sexual,18+,inactive,1975304,41020,1197565,697563,547436,1814944,532459,1211333,1700294,1998748,1625148,1044627,1281806,1500493,1520497,244273,378453,1873326,937063,1265856,1729875,1778267,1804838,1221099,False,True,True,True,False,True,True,True,False,True,False,False,True,219,3,Svdyyn,Darzdj,Ssbeabt,8,False,33,64,0.5059,0.5689,0.3493,0.2106,0.74,0.705,0.3722,0.5143,0.1847,0.6374,0.3943,0.0609,0.8379,0.7506,0.9975,0.7686,0.202,0.2781,0.3021,0.9225,0.6454,0.8147,0.8552,0.5739,0.1095,0.0664,0.8352
spotify:track:efsxwadpuspjahmqtfpfak,Track Mfpczd,spotify:artist:bddfdrslmrbptcckdedsls,Rytyf,spotify:album:qsaolinrlwvucthchurqdi,Arzdhd,2013-01-21,170765,False,Japanese,Reggae,Hip-Hop,0.8105,0.736,C,-3.89,Major,0.7157,0.5689,0.3452,0.7792,0.5835,175.289,3,29,4161332578,7962989,297641,71,49,109,92,141,84,72430164,49217380,49,False,BR,1987,434,1,Latin,Hip-Hop,single,1,1,16,Universal,4312405079480,29,34,0.1265,0.2814,0.6501,1795827,22977425,81,2189945,999203,83151,433988,179424,82802,3210240.71,665549.63,355165.86,57091.16,0.00325,0.35,0.285,0.186,104,63,2022-08-29,2024-05-08,58,24,109,20,True,False,False,False,False,False,False,True,True,False,False,True,True,False,False,False,True,True,True,True,True,True,True,True,True,False,True,True,False,False,2316681,754812,4101896,1357900,3555136,4330869,357551,4566528,110134,4335668,817288,3072276,3756093,900954,1242622,4972325,255701,907493,2874935,510047,0.4635,0.1955,0.0425,0.453,0.2465,0.4619,0.2292,0.0797,0.0478,0.8702,0.3611,0.5307,0.2755,0.3002,22050,2,-49.501,-5.919,0.744,-26.092,163.614,5.317,279.218,2980753,6214043851,737576,225173,312559,16630,4064,3984125,USFOI958761899,spotify:track:vxldjbgdwabgkczqabdlmm,False,True,0.0196,violence,E-Clean,active,1720812,1499259,1180530,1588146,1467867,1799189,1483750,1323459,1460536,565300,1204119,6347,660701,522800,1400288,1484215,137948,664096,1645127,360963,88703,535867,1280433,1276849,True,False,False,False,False,True,True,True,False,False,True,False,False,617,4,Tcxydm,Ymogvt,Lfrnpho,2,False,0,8,0.7115,0.9111,0.1651,0.4308,0.988,0.6603,0.0263,0.4673,0.5156,0.8198,0.5406,0.1715,0.089,0.0549,0.1584,0.6654,0.0274,0.8032,0.6278,0.0951,0.9309,0.9365,0.9437,0.7992,0.2352,0.6843,0.7509
spotify:track:opxuldczztnqzynvwzyxhd,Track Tlwjny,spotify:artist:olnlaevgbmmcvvjcpcqcex,Rpupl,spotify:album:xdskyrwrbbjsguuljbxqeh,Xroijc,2001-04-16,272314,False,French,Metal,Rock,0.8848,0.9262,B,-7.21,Minor,0.3837,0.2487,0.2648,0.6118,0.0256,123.428,5,19,278142779,779986,320857,144,87,27,99,37,41,47724980,77846932,97,True,SE,1995,278,18,Electronic,Pop,single,9,2,18,Independent,6812497454602,27,29,0.5865,0.7567,0.7248,6002000,44371114,193,1369399,860617,107254,374726,106792,14150,1163321.25,1425357.41,203816.25,84.88,0.00268,0.399,0.376,0.098,131,12,2018-12-26,2017-06-16,100,45,6,11,False,False,False,False,True,False,True,True,False,False,True,True,False,False,True,False,False,True,False,False,True,True,False,True,True,False,False,True,True,False,667896,3714903,2272222,3470362,4336672,877333,1899802,2738444,1549442,3309470,3158577,2223203,4579467,3541545,4516458,2088560,4880237,3320442,4609977,3693895,0.3116,0.5067,0.5672,0.6887,0.8667,0.3273,0.5884,0.9789,0.8036,0.0493,0.1241,0.1348,0.5991,0.1806,22050,2,-0.319,-15.072,27.862,-6.651,130.677,1.134,271.172,3544037,265717272,872964,312479,281971,49329,4548,53000670,USFIK921523040,spotify:track:pqhdnpehjjwutolmbugaui,False,False,0.49,sexual,18+,active,1197914,945021,1641056,1998567,647016,1610624,668849,462909,403256,1638419,1062043,1688762,1276349,60589,891607,274424,508594,1797337,1640456,774959,541250,1675477,848164,1836865,False,True,True,False,False,False,True,True,False,False,False,True,True,9,5,Ylwdde,Tlzmri,Dibachz,2,False,32,32,0.5334,0.5171,0.3882,0.06,0.7605,0.9794,0.015,0.4746,0.5163,0.3961,0.711,0.9916,0.1279,0.8746,0.1729,0.5955,0.9418,0.4441,0.7856,0.0136,0.8019,0.4461,0.9942,0.4085,0.2631,0.1641,0.812
spotify:track:bsxbnftmfipktbozqjgnid,Track Otnwjt,spotify:artist:ybrlhjqidfwcyesluptzrq,Vclut,spotify:album:ghqtmawojebmsrbwpkgbiq,Apufsn,1972-12-28,189930,True,Japanese,Country,Metal,0.0118,0.8578,B,-4.24,Major,0.5147,0.7152,0.3963,0.4742,0.2866,186.7,6,44,4247288055,18714084,532991,66,172,93,67,68,110,7179930,71369528,26,False,DE,2020,309,20,Classical,Soul,album,1,2,8,Sony,1456878545518,88,154,0.0609,0.9932,0.3145,9710236,47182737,34,4021006,109737,143781,440268,117811,89263,687737.7,1130557.65,18214.59,17908.34,0.00756,0.539,0.324,0.107,65,22,2016-01-03,2012-12-18,27,36,167,15,False,True,True,True,True,True,True,False,True,False,True,True,True,True,True,True,True,True,True,True,True,True,True,True,True,True,True,False,False,False,3182658,961454,380084,249984,4260768,4681752,4033632,3239964,1020916,93986,4594784,701383,2478596,1588389,3126193,3218842,779641,2422327,517676,1973267,0.8977,0.2894,0.3193,0.244,0.9434,0.5896,0.7551,0.7862,0.2764,0.783,0.7664,0.5503,0.1383,0.3149,22050,2,-8.019,-8.226,24.962,-12.594,128.369,1.986,315.964,141781,7523051084,960494,95619,1839,24252,2285,44214537,USYPL193904832,spotify:track:bxkjwssxyzalikvxgqbpjo,True,False,0.4197,language,18+,inactive,792557,1120499,1521726,1190066,1184055,1304072,849884,334088,814563,1272831,962830,1646079,32351,1107200,490901,1132327,909008,1170273,1164801,1090600,1882626,1332276,1186469,248120,False,False,True,False,True,False,False,True,False,False,True,False,False,23,5,Pdydwt,Jwqpve,Azoayxj,3,True,50,59,0.3612,0.5105,0.9715,0.1178,0.4867,0.2908,0.0902,0.748,0.4883,0.3851,0.1849,0.0746,0.5418,0.7972,0.645,0.1447,0.0919,0.7128,0.4028,0.1378,0.2663,0.1627,0.6032,0.4775,0.5122,0.0744,0.0534
spotify:track:szwsjxcorjvblnapdwmaoy,Track Bqfsih,spotify:artist:bevhwznxpxxhbmqxneglcz,Byoyu,spotify:album:abuyqtbdjaemuzriltbjyw,Lvdbmv,2013-04-04,202289,True,English,Funk,Latin,0.9061,0.83,A#,-18.27,Minor,0.5618,0.3272,0.293,0.8107,0.1408,139.448,6,52,2461379531,27657741,722807,34,153,66,72,121,197,15512151,55489239,93,True,AR,1978,243,7,Metal,Alternative,album,7,1,2,Atlantic,3176460828732,97,62,0.3374,0.9184,0.4207,1014610,27221473,69,4577411,456572,20404,390768,112529,58694,968861.31,1643883.67,494863.22,199291.17,0.00902,0.672,0.251,0.132,46,40,2015-02-10,2018-08-01,81,20,104,9,True,False,False,True,False,False,False,True,False,False,False,False,False,True,False,False,True,True,True,True,True,False,False,True,True,False,False,True,True,True,836594,699061,839842,3881406,4257305,3253943,794860,160193,1193902,2755942,2474068,3734484,3263714,452845,1486021,1410880,199590,3406805,3111746,1961322,0.3151,0.9199,0.268,0.9405,0.6826,0.9982,0.893,0.6669,0.1822,0.9011,0.7849,0.9001,0.3573,0.962,22050,1,-50.525,-11.646,24.374,-4.862,138.946,1.11,232.19,1535893,6821269416,461535,332249,466929,40477,2783,4293708,USLBV227784597,spotify:track:pjaftbakyqzuarpajywlns,False,True,0.072,violence,E,inactive,1371414,706343,1846542,1290532,1293102,1870464,365454,1143877,753242,725841,1593762,1572953,510931,1906945,783915,1438698,1189257,714012,307249,95849,757797,813532,148188,69746,True,False,False,True,True,False,False,True,True,False,False,False,False,45,5,Xznsdx,Ffwhsz,Wakltwi,1,True,10,81,0.3479,0.0111,0.4932,0.9854,0.3131,0.13,0.3912,0.2859,0.4594,0.2548,0.5821,0.6277,0.6615,0.5727,0.7791,0.2188,0.2213,0.331,0.0952,0.0152,0.7875,0.5713,0.6432,0.8923,0.8389,0.0464,0.2443
spotify:track:qyokgaxdjluqaxizxiwouo,Track Ioeetu,spotify:artist:ikgvkueasljegzxsdxcuvf,Taese,spotify:album:qprbxndomajccclnioswom,Zerjns,1990-06-22,181953,False,Dutch,Ambient,Classical,0.0672,0.9791,A,-1.15,Minor,0.8992,0.8037,0.2761,0.9614,0.311,67.479,3,65,593145041,48478767,1581337,123,42,1,14,46,142,28690232,82550527,37,True,CA,1977,340,5,Rock,Latin,album,9,2,16,Atlantic,6798709957767,94,4,0.1276,0.634,0.9787,4647258,47942177,178,1252148,229656,68786,68463,187941,57528,2490185.31,2551466.94,63596.06,175162.1,0.00319,0.587,0.112,0.167,34,64,2012-02-06,2019-05-17,43,4,105,17,False,True,True,True,False,True,False,False,False,False,False,True,True,True,True,True,True,True,False,True,False,False,False,True,True,True,True,True,False,True,4540017,2314464,561037,3247224,3287344,1360652,1265302,4760443,680818,1703089,994179,3521533,4083976,117374,4203424,468730,3077717,3404623,4673964,3091826,0.9688,0.4177,0.9697,0.3933,0.954,0.877,0.0406,0.2339,0.394,0.153,0.5703,0.8042,0.3621,0.0604,22050,2,-13.272,-4.336,9.015,-57.829,351.675,3.915,229.452,2568336,9399813004,235635,297561,218540,22530,69,40574135,USQJL268348092,spotify:track:urxtyoircnnxbtyprcqkqs,True,False,0.2637,language,18+,inactive,1860932,280972,1510296,590837,1986495,966646,391452,1864291,766788,1398193,120802,764769,1114906,494613,471676,514898,546815,1990690,424268,1990960,1709674,72843,1696421,1446037,True,True,True,False,False,False,True,False,False,False,False,False,False,511,2,Uksszs,Yxifzl,Ozhksuj,2,False,13,35,0.1265,0.1771,0.2856,0.0221,0.6977,0.0079,0.332,0.8388,0.6183,0.9399,0.508,0.8148,0.1854,0.3991,0.1426,0.7865,0.3712,0.3813,0.3021,0.4467,0.1128,0.9226,0.0135,0.8701,0.2762,0.2396,0.7769
spotify:track:pdedvbrgofuekduxfvlkrl,Track Cxxaqt,spotify:artist:mnjeycslxoifvrtexnlgrx,Mcfzw,spotify:album:yrrkitdxmdlrkfahbvyqjd,Lnayin,1964-02-04,129533,True,French,Funk,Jazz,0.7295,0.0657,D,-13.6,Major,0.1199,0.0265,0.3011,0.9677,0.6923,77.279,4,97,2981257048,33177587,345036,9,51,32,51,97,160,46421975,47120069,90,True,FI,2010,91,30,Pop,Ambient,single,19,2,8,Columbia,1368869116826,66,155,0.6079,0.0014,0.3636,7947055,46384968,177,1862770,819838,185618,118227,33869,29705,2116191.9,261368.47,175004.04,6951.68,0.00457,0.663,0.265,0.119,131,23,2018-09-23,2023-08-14,64,8,196,33,True,True,False,True,True,True,False,True,True,False,True,False,True,True,True,False,False,False,False,False,False,True,False,False,False,True,True,True,True,True,1188115,1353802,4264418,141661,890287,2449783,2128662,1291582,2903348,4699408,4748568,1294219,1544614,1498525,2967377,3397615,479492,3162731,1535454,2831439,0.2111,0.6561,0.9002,0.2422,0.8971,0.7904,0.4788,0.7987,0.0667,0.6478,0.5316,0.2716,0.6837,0.4918,22050,1,-10.34,-19.874,20.07,-46.253,254.134,3.049,218.304,4711752,1391392754,14210,465818,346025,4701,1800,51723054,USERN466284307,spotify:track:ubiouyrjlsboxilaycspfi,False,False,0.8049,none,PG,active,1701216,287494,38084,531881,353846,911415,331970,1398094,31266,149150,1306000,1817973,1367403,1040460,201523,285118,1528748,1387543,188335,313883,644834,153703,1973002,423174,True,False,False,False,False,False,True,False,True,True,True,False,False,914,3,Guzelk,Tlionq,Qkgqfqo,5,True,7,77,0.0917,0.77,0.3288,0.1884,0.9538,0.6721,0.7856,0.6369,0.1817,0.1247,0.0457,0.1211,0.0693,0.8422,0.7746,0.4863,0.3781,0.9932,0.563,0.4561,0.9217,0.4799,0.711,0.0012,0.4209,0.5613,0.3956
spotify:track:irlkopyxcvkjrawakjsmat,Track Zoqzlc,spotify:artist:qqdsffspsejeekfhzwpxqo,Oikxk,spotify:album:lhigxythgbxpkyptgswhlf,Wwgnrr,2010-05-12,164915,True,German,Rock,Dance,0.3282,0.4201,A,-5.54,Major,0.9883,0.669,0.5332,0.7705,0.5224,180.139,5,12,1070209023,6953739,16827,195,147,115,34,16,177,23265910,15455302,61,True,DK,2001,155,29,Punk,Folk,single,10,2,12,Columbia,4581202439165,3,37,0.8972,0.8746,0.1066,1926003,13692903,187,3871098,349509,206298,453152,93385,69306,3534923.24,1174849.39,165383.68,67476.36,0.0071,0.489,0.101,0.191,21,73,2023-09-02,2014-11-25,9,17,181,24,False,True,False,False,False,False,True,True,True,True,False,True,True,False,True,True,False,True,True,True,True,True,False,False,False,True,False,False,True,True,157005,2527133,1946079,3781267,4860741,3487020,4231504,3323944,4532132,235052,274051,4631928,2632282,1181688,4773796,2353673,3199659,4886923,420462,1283378,0.8861,0.6538,0.6466,0.9723,0.4382,0.286,0.4658,0.1883,0.0375,0.2078,0.3185,0.1552,0.5366,0.7914,22050,2,-3.165,-16.733,24.452,-23.43,187.279,3.908,227.176,2825065,3258918001,208635,105403,69980,34099,1255,83699313,USUAA524928222,spotify:track:mbrrllyawdmptixbhjbyeg,False,False,0.1706,none,E-Clean,takedown,1503110,1924975,1993891,1661791,276425,97867,266455,1132847,620767,961444,142818,1985055,1676788,1219551,1697643,1554826,1671772,1923657,1616007,34362,190561,952566,1505124,341928,True,True,False,True,False,True,False,False,False,False,True,False,False,328,2,Kqvyeg,Kqfwlu,Mdnyeib,10,False,24,50,0.7582,0.2817,0.2547,0.5071,0.7395,0.9472,0.4855,0.6272,0.4514,0.7694,0.0763,0.1863,0.13,0.086,0.0471,0.5309,0.966,0.042,0.6969,0.9825,0.5528,0.8073,0.7427,0.05,0.9163,0.976,0.0739
spotify:track:wwmsuypjpqgjptxccexytg,Track Oeawdc,spotify:artist:errgwjyxtaofzhlxannnpi,Haewp,spotify:album:jnjpwermqxkqfypigexmue,Jdkxjc,2014-03-29,155080,True,Japanese,Dance,Jazz,0.1509,0.2858,C#,-13.55,Minor,0.2184,0.1516,0.3177,0.7575,0.7011,116.311,6,31,4957120499,27421554,361566,160,186,76,171,196,47,5738190,57911178,48,True,ES,1993,320,17,Pop,Alternative,EP,4,1,7,Sony,2580582806119,22,20,0.3721,0.2961,0.6627,1889999,47729756,95,4515809,161117,228296,284919,109355,70226,2497567.74,1204420.1,446814.75,20796.24,0.00625,0.512,0.179,0.131,100,39,2016-11-08,2012-12-30,87,1,11,25,True,False,False,False,True,False,False,False,False,False,False,False,True,False,True,True,False,True,True,True,False,True,True,True,True,True,True,False,True,True,2385066,1368141,2121777,4461879,1819976,945965,2360592,4073487,4287248,4767681,938824,755374,3951532,3745626,1287015,3407882,4933571,4983348,2329391,4826530,0.6907,0.0965,0.1609,0.6983,0.1109,0.5496,0.057,0.8752,0.4222,0.0209,0.6882,0.1681,0.0021,0.0054,22050,1,-15.12,-9.215,5.802,-36.238,329.512,0.038,294.771,2740033,3477261834,283275,128068,464674,34698,1924,73797377,USSYO309866560,spotify:track:ksellgfvzfwpkuyfmxcicq,False,True,0.3976,none,E-Clean,restricted,1157942,639008,1629427,227876,1720,155997,398190,325168,1392139,1060826,1659061,328940,421789,1887581,473136,1503440,1276691,319510,207931,1411439,1133645,1780793,1065566,1533206,True,False,True,False,True,False,False,True,False,False,False,False,True,666,0,,,Kqjpaxn,2,False,15,98,0.0751,0.1274,0.6067,0.9565,0.1168,0.9182,0.6948,0.3523,0.5934,0.5796,0.5332,0.2469,0.6928,0.3499,0.4975,0.7344,0.0166,0.7162,0.7319,0.7015,0.3769,0.6959,0.822,0.5339,0.7637,0.6116,0.3539
spotify:track:vdlinoyifhlqttxpplqdqk,Track Zhtoka,spotify:artist:aulrmorwhhyfpnhkgvnqft,Nnzhp,spotify:album:ahaprnkazdxakybkoxaohv,Jcfooo,2019-09-22,330894,True,Japanese,Funk,Metal,0.6668,0.5409,D#,-7.62,Minor,0.2619,0.8546,0.9948,0.5533,0.416,181.169,3,19,54656025,42904,446487,12,174,89,185,100,195,54130615,13667386,75,False,AU,1962,467,12,Reggae,Metal,album,18,2,25,Independent,8968240799651,82,9,0.0312,0.631,0.204,6247184,46166344,31,399343,242143,142283,481786,77496,39716,4748474.66,756232.41,300726.49,187628.5,0.00454,0.41,0.203,0.113,103,47,2013-09-12,2016-09-30,5,25,37,50,True,True,False,False,False,False,True,False,False,True,True,True,True,True,False,True,True,False,False,True,False,False,False,False,False,False,False,False,False,True,3666437,2736847,1432123,808568,1944145,4482683,1889317,2621774,51226,4102859,686487,1150748,2411471,2793548,2916703,1830070,852512,1394389,4999040,472753,0.0033,0.2491,0.1277,0.1848,0.0914,0.8689,0.9293,0.7791,0.2368,0.7788,0.1432,0.9699,0.4947,0.4256,22050,2,-27.836,-9.088,7.391,-39.21,197.036,6.751,283.122,1434193,9367085917,701070,160051,89292,44647,2836,18782845,USSIK743300308,spotify:track:biclhmtqjdlnttculjhuof,False,True,0.0366,language,PG,active,466082,409438,261749,1111178,456703,883499,174369,1832589,1651539,143964,1443639,421609,502573,1731195,1351215,1092963,1926117,1260126,382142,895743,1963645,78505,1075796,994960,True,True,False,True,False,False,True,True,False,False,True,False,True,320,1,Drkvfi,,Fvubnwj,8,True,18,35,0.8694,0.4966,0.7352,0.4427,0.3789,0.1626,0.8091,0.5889,0.0653,0.3104,0.2099,0.3961,0.5877,0.5756,0.8887,0.6291,0.43,0.9717,0.3415,0.6096,0.5751,0.7903,0.6895,0.1122,0.5323,0.5541,0.4797
spotify:track:pngysesoknxehhyuhtxrsp,Track Lowvxi,spotify:artist:sjnytvbdlptpxvvvhoqxlc,Aiphz,spotify:album:yvuufmwnkncsqfntwccgzm,Ohxoxa,2015-05-16,292147,True,Spanish,Soul,Soul,0.5771,0.3704,D,-8.79,Minor,0.9246,0.5852,0.221,0.7893,0.0894,176.068,5,95,3224911465,48447217,974603,192,4,197,172,82,50,16984445,52958459,2,True,FR,1990,404,19,Hip-Hop,Pop,single,18,1,19,Def Jam,3631700587870,41,16,0.8793,0.2993,0.7146,3465905,26874477,17,2879398,977971,278360,260146,53907,49691,3787654.24,419625.72,219935.4,43406.59,0.00414,0.588,0.22,0.087,91,30,2023-11-17,2011-05-10,91,1,161,22,False,False,True,False,False,False,True,True,False,False,False,True,False,True,False,False,True,True,False,False,True,False,True,True,True,False,False,True,False,True,1328822,4569293,4987038,3538517,3172658,3438148,39308,2878260,2091900,2474515,1485531,4372478,689600,3168469,2138150,2151046,576196,3457856,642092,293281,0.8933,0.6235,0.6966,0.9589,0.3233,0.8916,0.3348,0.8722,0.6348,0.2996,0.8282,0.0429,0.3733,0.1244,22050,1,-19.843,-9.063,4.061,-1.192,121.985,1.427,262.955,3541843,3746768335,276087,332272,135876,44330,2216,60839237,USDTF507955042,spotify:track:txwqraenthplhiycsvtnxd,False,True,0.4535,language,E,restricted,1690396,1159296,1174301,251276,1654309,221581,1588716,804776,1759811,1745041,1721260,568305,1626676,1511717,1605719,1738538,73641,425921,639771,1986235,436762,1238677,1056706,1593849,True,False,True,False,False,False,True,True,True,False,False,False,False,14,2,Cspqcy,Fvwzed,Dgebgre,4,True,39,4,0.7242,0.3561,0.4618,0.0073,0.758,0.0663,0.0566,0.6901,0.6895,0.8389,0.2721,0.565,0.1596,0.3712,0.7808,0.8402,0.6432,0.0595,0.4827,0.6161,0.0988,0.6343,0.1444,0.7507,0.544,0.4656,0.5874
spotify:track:tmtzwofecmhdhgxqfkcvbf,Track Jlrfmd,spotify:artist:kseydapugxkdofypampacg,Iuzal,spotify:album:pctalecojbnwrmeavixutu,Zcevzm,1960-07-25,239219,False,Portuguese,Country,Blues,0.0538,0.9784,D#,-4.81,Minor,0.8568,0.9307,0.1317,0.3605,0.0928,115.624,4,43,777749641,39441262,566075,194,22,37,188,171,187,2285070,78295709,34,False,NO,2020,453,6,Reggae,Ambient,album,7,1,14,Columbia,3214663596236,74,139,0.3508,0.3823,0.1314,1783428,38585748,170,926438,335197,281555,304843,23833,22377,4027135.44,1621500.78,202301.71,151489.61,0.00357,0.543,0.261,0.112,123,71,2019-08-07,2021-07-10,87,27,33,14,False,False,True,True,False,False,False,False,True,True,False,True,True,True,False,False,True,True,False,False,True,True,False,True,False,True,True,False,True,False,4532637,2256665,4277028,3666209,2268439,3766882,327765,4229281,1323054,983718,1879060,4815767,4427373,3441161,2672284,2301171,3621307,1572794,1241800,81607,0.1682,0.9979,0.1993,0.7269,0.6863,0.7425,0.8662,0.3593,0.3289,0.8786,0.7614,0.002,0.0206,0.5485,22050,2,-45.08,-14.166,21.43,-35.802,177.425,1.112,200.724,4329846,386466710,264369,62448,212962,173,189,77798642,USYWJ901262486,spotify:track:yplsbauiovcwxlzkbapvph,True,True,0.4346,none,E-Clean,restricted,172977,1949447,201580,1097631,1850485,178599,667608,193917,1388635,1266950,1164540,1354260,774646,1456058,543451,691485,1051194,296792,1592219,1202362,1687905,648116,314743,38107,True,False,True,True,False,True,False,True,False,False,False,True,False,329,3,Ypgpsw,Ldbbdw,Svsocnx,4,False,38,98,0.289,0.0011,0.961,0.3911,0.0337,0.3467,0.8872,0.4969,0.6888,0.9048,0.4676,0.7897,0.3585,0.9709,0.4116,0.1598,0.9306,0.3444,0.4544,0.0084,0.0872,0.6198,0.9925,0.56,0.1395,0.7012,0.1072
spotify:track:dkbeqiohwkwbpfgkbdgdcc,Track Wxfxoz,spotify:artist:qbcaxysatliyuszgjbwrxz,Kfqjz,spotify:album:ccgjsuzzivgjyczneicrvr,Elakkv,1991-07-01,303183,False,French,Electronic,Latin,0.9836,0.9564,A,-2.41,Minor,0.8523,0.442,0.8563,0.2696,0.6235,126.263,3,84,4980632723,4033039,1340414,54,93,4,10,106,28,68486923,40710319,64,False,JP,1978,65,8,Indie,Latin,single,10,1,10,Republic,8759136867127,2,103,0.6599,0.2764,0.2831,1475412,8303030,25,4136067,811713,102532,286629,144292,10526,2656028.96,1390824.75,1260.73,133738.02,0.0031,0.39,0.303,0.168,129,64,2014-01-04,2011-06-15,68,34,71,38,False,True,False,False,False,True,False,True,True,True,True,True,True,False,False,True,False,True,True,True,True,True,False,True,False,False,True,True,False,True,842888,4238230,3230038,443517,490349,1699831,1368648,524136,1691516,881093,4988491,3747374,4620099,4967957,415224,672614,750490,2315444,272073,110782,0.2099,0.919,0.4748,0.1168,0.1069,0.6899,0.7475,0.5897,0.4666,0.6522,0.4149,0.7807,0.105,0.6303,22050,2,-6.954,-16.888,29.631,-38.713,291.669,9.778,348.594,4255765,1109692905,610097,339746,149367,41689,3822,70314452,USIJA250933114,spotify:track:enwltmupbfcklonumvdfpt,False,False,0.4811,none,E-Clean,restricted,710615,1756367,475392,84553,938284,1841942,879179,1173688,1810452,222386,1886745,1893598,14625,381809,1674091,601454,1147204,31298,1412927,1515810,1502227,1151422,768263,1644960,False,False,True,True,True,False,False,True,True,True,False,True,True,993,0,,,Kazptow,5,False,42,60,0.0199,0.8008,0.6822,0.3565,0.4369,0.6901,0.2459,0.8497,0.9144,0.3647,0.7486,0.8775,0.142,0.3219,0.7358,0.8387,0.8946,0.8235,0.3884,0.0044,0.9277,0.2176,0.364,0.9792,0.955,0.6488,0.7668
spotify:track:xewssqwphwnfaxtpvvifdj,Track Bmjuok,spotify:artist:hsgrywgocivwhmgzmvplyi,Gitxc,spotify:album:oblmudptmcjewqtvmfjdul,Tzukmd,1992-02-16,136949,False,Spanish,Pop,Soul,0.2036,0.8269,G,-17.55,Minor,0.8055,0.7547,0.4807,0.9949,0.7526,127.362,3,27,419630589,21344485,643706,59,136,5,199,48,114,39797475,9784931,38,False,NO,1983,197,2,Jazz,Dance,single,11,2,25,Republic,6414589441486,18,123,0.9456,0.8597,0.7064,5675015,13975140,186,4601066,965577,210180,249502,109463,90653,691901.94,1811245.98,108944.05,105802.76,0.0075,0.634,0.282,0.111,172,88,2010-09-05,2015-11-27,67,34,101,38,True,True,True,False,False,True,False,True,False,True,True,False,True,False,True,False,False,False,False,True,False,True,False,False,False,True,False,False,False,False,2887878,2136503,1331986,3660236,645708,4921567,231703,2023668,4420534,2178286,1234489,1517731,4000165,1762093,3375921,1092514,3820521,1730083,1512150,500265,0.7062,0.1754,0.6435,0.4821,0.1064,0.075,0.4648,0.371,0.887,0.4259,0.1207,0.4918,0.4229,0.0572,22050,2,-50.543,-2.339,11.158,-42.663,320.916,4.041,283.019,271639,1609740447,985658,54298,438066,27841,4739,1055438,USFWE138799709,spotify:track:xekmckabmxafzkfxbiaapf,False,False,0.1835,violence,PG,inactive,1788475,237255,1809895,1695211,923941,335354,1181118,584344,1641062,930299,908551,506810,1920739,1164353,11176,1132317,466180,1180322,68181,1554897,834034,1585933,1949571,681776,False,True,True,False,False,True,True,True,True,False,True,False,True,553,0,,,Eovfqhu,7,True,8,55,0.7185,0.4526,0.6459,0.8241,0.4536,0.1662,0.6445,0.3559,0.2054,0.4893,0.6234,0.6266,0.3736,0.4526,0.0006,0.8592,0.4348,0.8161,0.4187,0.4952,0.3634,0.4128,0.871,0.1696,0.5456,0.6651,0.9224
spotify:track:ovebecjvhvqhoxpeeygeyg,Track Bejqiw,spotify:artist:bqszhurawpvvhuqtgwhgxp,Dvaot,spotify:album:zfdzhheplipiwpdbdzkblp,Hbaeug,1968-05-02,268467,True,Italian,Indie,Ambient,0.986,0.0978,D,-16.38,Minor,0.076,0.2291,0.4816,0.2321,0.4008,192.182,5,60,1367956354,44814443,1789069,131,162,103,65,99,27,19042068,3410779,79,False,FR,2017,415,25,Country,Pop,album,19,1,22,Atlantic,3101132300271,81,27,0.2995,0.6662,0.0494,7409097,32555480,151,3867110,668688,73220,136801,122195,79359,4869126.39,1123116.49,370624.5,171993.91,0.00238,0.337,0.264,0.156,66,80,2017-03-17,2022-02-08,15,38,47,48,True,False,False,False,True,False,False,False,True,True,True,True,False,False,True,False,True,True,False,False,False,False,False,True,False,False,True,True,False,False,4008294,1132258,3393450,1442010,150906,4260703,2232422,3337815,4045448,1051338,4903150,1411649,3040137,2559729,1817865,2674977,3130898,672372,4912387,3286573,0.1688,0.159,0.1836,0.3504,0.755,0.5333,0.3527,0.7958,0.9338,0.4057,0.7569,0.9889,0.4472,0.5525,22050,1,-24.661,-14.961,5.408,-59.237,324.26,1.695,224.379,2294510,4669443392,597406,300625,91752,38929,93,1804521,USPRK984132838,spotify:track:zjfbvqagbtcfjfqdhmcpja,True,False,0.9651,drug,E-Clean,restricted,1018908,1382182,78164,671866,838806,589271,839350,232568,1936654,1436732,1569429,876578,1742635,1762746,115118,994053,914204,1825168,272208,819823,590097,457994,1486275,1102518,False,True,True,False,True,False,True,True,False,False,True,False,False,674,1,Wrfwfk,,Ayqhcld,4,True,24,44,0.276,0.8171,0.1163,0.7489,0.4598,0.4639,0.6585,0.3884,0.362,0.951,0.8943,0.7521,0.422,0.6925,0.79,0.6044,0.1801,0.9747,0.8188,0.88,0.8089,0.4734,0.8583,0.1001,0.5505,0.0198,0.0865
spotify:track:wqoesbeolggteglifvolta,Track Jhntjt,spotify:artist:kohmflsbaypfwqitgcsgup,Vaumc,spotify:album:rbmqkcfnxgfbsctvzjkxwd,Wtkyxu,1992-12-28,292784,False,Spanish,Punk,Folk,0.8165,0.7465,A,-19.33,Major,0.1492,0.4754,0.6958,0.5769,0.11,168.79,5,42,4471103599,30496246,1362854,144,99,6,75,61,94,55284939,57500502,4,False,GB,1989,362,8,Soul,Latin,compilation,19,1,7,Universal,3660478191148,73,165,0.2812,0.0813,0.0161,8588269,30341391,130,4253583,451839,172541,114310,131696,99605,1647518.97,1793404.26,413225.81,77442.17,0.00776,0.529,0.161,0.152,44,89,2021-07-21,2023-11-10,65,49,124,26,True,False,False,True,False,True,True,True,False,True,False,False,True,False,False,True,False,False,True,True,True,True,False,True,True,False,True,True,True,True,4114931,1006616,4713158,1291161,3512138,2708330,1711892,1957736,3889382,758640,3838133,50967,4478622,3547447,2583363,2201292,1439616,3399274,4926732,2448942,0.1577,0.2062,0.6955,0.5356,0.9537,0.2344,0.8843,0.6746,0.2374,0.3268,0.6871,0.6397,0.6923,0.113,22050,2,-13.495,-7.79,12.556,-58.393,211.292,1.796,292.54,4518173,1886303290,2088,192866,135509,39797,4345,21797774,USYHO757278676,spotify:track:vbscmwaqyhfcwnwtxcqgux,True,True,0.3286,language,PG,active,239993,998147,114083,1964854,1256355,327314,864585,1322906,625672,89194,935888,1845148,100504,426953,65195,1076211,1319326,1131248,65945,1085446,1343481,1883775,1816487,1801459,True,False,True,False,True,True,False,True,False,False,False,True,True,468,1,Nrzyeq,,Qckayrs,7,True,10,60,0.4061,0.1324,0.5575,0.5304,0.8407,0.2401,0.12,0.0568,0.7574,0.1752,0.9228,0.1946,0.9014,0.2646,0.2693,0.3261,0.5949,0.6302,0.1839,0.2531,0.9983,0.6805,0.875,0.9,0.0812,0.011,0.7464
spotify:track:vydewfppyefjaoglvybpql,Track Dtgivx,spotify:artist:ijftgtsvuuhagksvxodwoz,Gjykd,spotify:album:fdljupqnhbjivzwretyene,Yodjkz,2011-01-24,272936,False,French,Classical,Folk,0.377,0.9853,A,-6.85,Major,0.588,0.7372,0.7911,0.734,0.2479,104.886,6,51,2127866152,40998314,392877,96,200,112,4,78,32,33160705,34200609,67,True,GB,1992,459,20,Country,R&B,EP,7,1,25,Sony,1100026643879,39,167,0.6613,0.8529,0.8707,9462735,4745735,55,2520936,123950,8746,107020,135419,75354,2478581.15,456959.62,317783.89,108712.81,0.00219,0.537,0.262,0.147,172,49,2016-08-31,2013-08-01,96,43,179,9,False,True,False,True,True,True,True,False,True,True,False,False,False,True,False,False,True,True,False,False,True,True,True,False,False,True,True,False,False,False,843088,4414020,3612247,4797201,2795130,4028980,1282913,2435881,56434,2597281,2079609,2578269,4116730,2161136,1010961,1370420,2667473,1891952,608531,1628825,0.4822,0.6187,0.8504,0.0969,0.0518,0.4902,0.1964,0.1696,0.4963,0.9707,0.0621,0.419,0.7576,0.7618,22050,1,-2.04,-17.068,10.006,-22.679,320.598,5.976,210.647,1663259,6509608814,202769,110083,240974,2642,1555,40033119,USTVW492450244,spotify:track:ykdfzxxrmiupuqzrwzcsye,False,True,0.268,sexual,E-Clean,takedown,77677,1268815,1706962,153877,1170933,1666786,742429,1067206,3052,722077,726278,1142127,1556060,165787,1528655,1544774,1693996,200144,673103,1877365,1751473,947685,546459,568849,False,False,True,True,False,True,False,False,True,True,False,True,True,913,0,,,Siiozzg,9,True,11,10,0.8043,0.0241,0.209,0.3826,0.7689,0.7672,0.7384,0.0399,0.5137,0.9153,0.544,0.3993,0.9485,0.6283,0.6934,0.021,0.4448,0.5405,0.1516,0.3217,0.6081,0.3379,0.9708,0.3821,0.692,0.7093,0.2066
spotify:track:fgsdbezhwnnbtlbspmzpbr,Track Dscvvq,spotify:artist:zwcfwdkcihibekedpkhlrz,Dipma,spotify:album:mhshsybnxuxxcthtvosoku,Uzdkgs,2011-09-11,218546,True,Japanese,Country,Pop,0.1379,0.3844,B,-9.31,Major,0.1297,0.4862,0.5555,0.4484,0.2161,114.357,6,6,3490095223,26399162,496084,11,102,102,62,112,3,49791022,5908834,16,True,SE,1994,429,1,Ambient,Alternative,album,1,1,19,Universal,5907611636743,59,179,0.5975,0.2313,0.1121,3131852,26335072,10,415563,653557,279679,225644,11271,17438,4315214.81,1390432.42,458615.73,189504.47,0.00941,0.565,0.177,0.091,162,75,2013-01-27,2010-12-26,41,19,192,36,False,False,False,True,True,True,True,True,False,False,False,True,False,False,False,False,False,True,True,False,True,True,False,False,True,False,False,False,True,True,3425813,860242,3523207,1170544,2597087,4544618,3548860,255712,3755118,87954,2485818,3765727,1294054,3536631,3406655,134514,1099594,1650377,2963858,527541,0.366,0.3652,0.071,0.9549,0.6809,0.0679,0.2304,0.7258,0.9511,0.4232,0.809,0.316,0.054,0.5266,22050,1,-37.595,-16.415,9.067,-47.449,261.775,3.076,285.075,474916,7342913134,277048,383738,390771,23944,1751,13029027,USRIY695345779,spotify:track:qnlthsplkdgwsmqokyjmuz,False,False,0.8013,none,18+,inactive,1794194,12539,1689697,1347187,210263,1182084,389249,343812,53547,1265568,754724,906990,1025232,507291,455111,397732,1783226,1714169,301269,1447461,1481571,1266059,1465076,1004657,True,True,True,False,False,False,True,True,True,False,True,True,False,957,3,Jwqglx,Qsfnid,Dracral,4,True,48,22,0.5163,0.2933,0.2124,0.2969,0.6598,0.6046,0.5253,0.8895,0.0091,0.6727,0.3314,0.3211,0.0841,0.8427,0.69,0.1268,0.389,0.9148,0.4426,0.4364,0.6897,0.6223,0.2017,0.9594,0.1243,0.0038,0.8323
spotify:track:uzfeulquxmmfykssakysau,Track Aobjap,spotify:artist:enhqcvquhbxhrwmtnlkjyv,Levgk,spotify:album:urjwvkygkbogpqfnfpurtv,Svpcps,1998-05-01,129012,False,Japanese,Pop,Metal,0.5972,0.8004,D#,-17.14,Minor,0.7751,0.4365,0.2165,0.1318,0.2224,142.667,6,12,561620778,10533133,1507115,141,150,181,137,167,20,14003854,44231687,78,False,PL,2003,117,9,Pop,Pop,album,6,2,14,Warner,1155993891345,62,17,0.8472,0.7744,0.5264,2160366,13759299,115,4411229,674192,286280,340227,126636,7577,1649205.93,1639989.3,423910.03,13478.51,0.0057,0.454,0.123,0.16,179,92,2015-09-24,2022-11-28,83,24,103,20,False,False,False,True,False,False,False,False,False,True,True,True,False,True,True,False,True,True,True,True,False,True,False,False,True,True,True,False,False,False,2673079,3771674,4249395,3408727,2330213,2772803,4188115,4385048,3343675,2705105,2749603,3007097,4140050,2953335,837821,1444081,2137129,3944829,3615099,2303488,0.0057,0.0523,0.5238,0.3376,0.7869,0.4149,0.531,0.1328,0.6833,0.3574,0.4147,0.3529,0.3251,0.1539,22050,2,-8.306,-14.8,23.095,-24.676,233.354,2.961,221.558,1692120,9455760995,426283,478228,280185,27905,139,68794462,USUVV157494068,spotify:track:gxnkeuibpnapwtfrauqvmm,False,True,0.8407,violence,E-Clean,takedown,229671,439866,760382,816296,1277989,566863,1104416,27645,626679,666418,1917579,88578,973159,429169,742260,1580227,1614962,791970,1576622,1449764,1032098,627373,1068371,29697,False,False,True,False,True,False,True,True,False,True,True,False,False,150,5,Wwuzjn,Zdnpwm,Vdfollh,7,False,23,78,0.3653,0.9486,0.6563,0.0667,0.8994,0.7378,0.9934,0.6867,0.7216,0.2015,0.5009,0.7546,0.1291,0.6064,0.7867,0.52,0.3964,0.5143,0.9376,0.106,0.4203,0.2447,0.7665,0.1683,0.8915,0.0311,0.6428
spotify:track:sjqhlvhnczfakvfzxccvyu,Track Coduxv,spotify:artist:vokovyygldqdqyademvbsu,Zihuo,spotify:album:qbxhmligqlmipcvworvtmb,Pipohn,2014-08-05,319781,False,French,Reggae,Alternative,0.2101,0.2636,G#,-11.13,Major,0.5251,0.8612,0.9595,0.6852,0.3986,81.131,6,87,467182597,7685558,1962309,162,171,155,8,162,86,11841119,73442529,69,True,BR,2009,434,21,R&B,Punk,single,1,2,1,Republic,3790141415362,35,181,0.5114,0.9297,0.4367,5096719,40766751,116,387722,254395,165770,23193,110290,64334,1639585.37,1533121.92,206882.85,103712.88,0.00757,0.39,0.392,0.101,177,57,2010-04-19,2020-12-02,57,16,190,7,True,True,True,False,False,False,True,False,False,True,False,True,True,False,True,False,False,False,True,False,False,True,True,True,False,True,False,False,True,True,1278292,1902718,2707038,412883,1664736,3360445,4494231,3724286,954882,2720420,3301285,4477964,626190,314358,4888707,3673460,3777677,3744747,4510779,448260,0.8737,0.1421,0.6388,0.3026,0.778,0.267,0.4264,0.2919,0.412,0.473,0.8102,0.0247,0.7613,0.2319,22050,2,-16.462,-11.455,8.945,-58.701,223.682,9.376,291.973,4024567,2842861081,910797,62403,186157,38161,4081,49130598,USLXP951413577,spotify:track:dvijshevfhjzjoqgglkyxh,False,False,0.709,sexual,E-Clean,active,724307,1558205,1325797,1200204,748130,1142464,594407,1363781,172660,1932689,1315148,1021430,561480,1553410,1954317,1936402,1948438,1278758,240972,890649,133466,926843,6160,706048,True,True,True,True,True,False,True,False,True,True,False,False,False,395,5,Xsgosv,Htdvwn,Hqgfyvl,6,True,36,92,0.6458,0.3845,0.8192,0.1166,0.8907,0.4156,0.4524,0.1231,0.7463,0.9899,0.4139,0.9525,0.0015,0.9974,0.7466,0.9153,0.2779,0.8113,0.9217,0.1344,0.849,0.128,0.68,0.9788,0.2687,0.5884,0.0396
spotify:track:xfllfkjtcwpiqhkhaegwbh,Track Kjwdvv,spotify:artist:cjmdfoujxjpipeerjwvhbf,Wuviz,spotify:album:tibsfyzuygomexfamgggjj,Tcrhvd,1968-04-28,150004,False,Swedish,Soul,Punk,0.5171,0.5896,F,-15.73,Major,0.8748,0.0081,0.014,0.3222,0.2439,129.377,6,54,4701953299,13041039,108664,179,136,96,129,14,16,13410058,71930099,61,True,DE,1999,106,19,Hip-Hop,Indie,album,3,2,8,Republic,4469070406633,42,117,0.8389,0.4065,0.5479,38580,9582333,109,4850176,688438,103768,128131,189133,9450,1861501.41,789870.68,353364.38,39235.19,0.00464,0.321,0.159,0.078,129,55,2017-07-09,2024-07-06,89,22,179,2,False,True,True,False,True,True,False,True,True,False,False,False,True,True,False,True,False,False,True,True,True,False,False,True,True,True,True,True,True,False,313383,264301,2680295,1947056,4925003,1094643,1545091,1477240,395871,3124238,3169054,1173047,230949,801999,388871,633555,955225,1742603,2147701,4481069,0.3067,0.2236,0.101,0.2278,0.1743,0.1815,0.3788,0.9729,0.7966,0.1583,0.7329,0.2542,0.8324,0.4117,22050,2,-40.005,-15.668,5.57,-36.016,305.404,2.979,266.408,41746,5039124680,612001,268434,225469,28141,1583,35919709,USEBV552764982,spotify:track:oqjqvjvcrzzkvobmxyjgqb,False,False,0.3001,violence,PG,takedown,459644,522638,847920,1780473,1219713,1463747,777770,333979,605119,1841628,925958,1630440,1990139,567898,1937357,1603658,825872,910797,1509276,666434,1398639,489318,708971,437001,False,True,False,True,True,False,True,False,False,True,False,True,False,486,0,,,Elqyyto,4,False,17,27,0.9402,0.2866,0.5485,0.5002,0.4292,0.6688,0.0261,0.7848,0.3933,0.5384,0.296,0.4704,0.6389,0.6159,0.7521,0.7589,0.7873,0.0772,0.0962,0.8604,0.6738,0.5001,0.1015,0.8969,0.5153,0.1967,0.4619
spotify:track:aaumjmevacnlmosodtodzz,Track Kftule,spotify:artist:qvtzqksikxecdywpxakonr,Zcqsj,spotify:album:hlqlrkxfipaycjuaksohpt,Cfhhmr,2003-03-31,292173,True,Portuguese,Alternative,R&B,0.2814,0.8255,G#,-4.06,Minor,0.0886,0.0621,0.0712,0.4342,0.6005,65.278,5,69,391448179,26874694,21956,73,149,168,182,152,170,11146168,3345072,6,False,IN,1964,78,17,Alternative,Blues,compilation,4,2,18,Universal,7060218257358,7,54,0.3193,0.0747,0.0614,8020438,37948335,171,806718,509255,52265,107693,142487,50090,293897.53,971810.28,240276.21,171042.54,0.00895,0.616,0.135,0.182,181,12,2023-01-28,2016-12-09,3,9,78,30,True,True,True,False,True,True,True,False,False,False,True,False,True,True,False,False,False,False,False,False,False,True,True,True,True,True,False,False,True,False,1024368,4845220,2401390,1420352,2092987,1272986,997996,2922180,2382019,401689,638667,1992030,691231,2814507,1826996,2780792,431167,3447421,3635140,1556473,0.3885,0.4065,0.2533,0.3444,0.1672,0.3232,0.7577,0.4968,0.3119,0.0751,0.1389,0.3633,0.4866,0.8087,22050,2,-24.975,-8.056,18.407,-28.764,339.576,3.589,258.564,2368326,2567893482,61188,16056,193590,6944,4840,84378401,USSIL949235881,spotify:track:qcektjjgwmrcwrhvavnyke,True,False,0.778,none,E,active,1338342,1704420,863712,858108,1135598,1257253,123720,1409948,570306,1686544,1593198,210324,1018925,284322,1124699,295108,16164,989252,854891,353371,403018,1051726,1510190,233456,True,False,True,True,True,True,True,True,True,True,False,True,False,482,2,Wnjppa,Hbtgpd,Jusyjaw,6,True,20,99,0.9437,0.9276,0.1647,0.6431,0.592,0.9235,0.0077,0.9295,0.2893,0.6396,0.936,0.3594,0.4894,0.9805,0.5988,0.4644,0.2403,0.1276,0.5404,0.8515,0.0237,0.3001,0.6221,0.91,0.7123,0.3294,0.3013
spotify:track:pwdttcrhouhwdacnopafiz,Track Osazmp,spotify:artist:ddfrssgxgspavoyxuphtoh,Otvpl,spotify:album:qrjdpoabbilgtjxcilcfrb,Podfah,2002-12-18,309500,False,Swedish,Ambient,Jazz,0.6401,0.8489,E,-14.61,Minor,0.7739,0.4989,0.9094,0.3231,0.8764,61.281,5,86,791072554,49925913,295459,65,45,55,78,132,2,4283852,36764130,10,False,BR,1999,57,24,Indie,Indie,single,13,1,11,Columbia,3299385311427,28,169,0.1444,0.7948,0.6757,4884127,24081098,46,1864293,889531,43288,168903,167781,70493,4608120.78,417941.52,193437.44,9218.03,0.00118,0.631,0.282,0.109,177,79,2023-06-17,2012-01-13,57,11,26,32,False,True,True,True,True,False,True,False,False,True,True,False,True,True,False,False,True,False,True,False,True,True,False,True,True,True,True,True,True,False,4459709,3005569,63668,1551444,1268556,378185,3506327,798760,4907660,408935,891230,4835648,2007893,2042782,1775418,3134586,1893249,4105460,4087043,710956,0.6037,0.0021,0.6461,0.1838,0.5818,0.3416,0.0995,0.1462,0.8417,0.3766,0.7179,0.2808,0.4922,0.5141,22050,2,-38.766,-8.006,0.074,-33.03,359.4,8.119,221.394,3946,7643478669,762268,421423,113872,8959,1919,11119104,USZQM787234220,spotify:track:tpyjrscclmzsiirqtbaoov,False,False,0.5474,sexual,E,active,326903,276919,515703,145222,1415939,238817,819549,1003404,1312950,1147340,1425544,1944816,926519,50416,810301,1319527,1732049,1002068,1326681,896696,428862,703174,516055,284129,True,True,False,True,False,True,True,True,False,False,False,False,True,933,3,Chdiaa,Tlixon,Xdgsfgi,9,False,24,78,0.2087,0.9709,0.755,0.5354,0.2579,0.4909,0.5537,0.8014,0.4969,0.3425,0.0716,0.9854,0.8955,0.9193,0.1395,0.0942,0.7789,0.6673,0.0303,0.3878,0.3531,0.7003,0.3929,0.184,0.4451,0.793,0.2203
spotify:track:xbdehyfvgyjkykmknnpehu,Track Hjdhqi,spotify:artist:ypzkjywdrwttwseytsppfr,Hddcl,spotify:album:ujadfxlzrwrshimowddnsb,Afpdho,1972-12-02,322944,True,German,Soul,Electronic,0.6934,0.9265,B,-5.94,Minor,0.064,0.9225,0.4882,0.7659,0.4453,115.359,6,80,4898947052,34911875,894196,52,2,29,18,36,39,3633821,6579058,92,False,FI,1994,65,13,Latin,Alternative,single,7,1,14,Def Jam,6395966470203,86,65,0.6066,0.286,0.4349,2232725,1612413,143,3107741,961782,219837,146764,148965,93741,4169733.74,341218.21,93898.61,52310.19,0.00433,0.647,0.372,0.19,96,6,2024-08-25,2010-01-08,10,7,85,19,False,True,False,False,True,True,True,True,False,False,True,True,False,True,False,True,True,False,False,False,False,True,True,False,True,True,False,True,False,False,3842665,2681995,2955001,4242000,418916,1653268,352848,100849,864943,3383258,4331202,2665573,3199693,2364180,3752884,922661,4085740,3781609,4604631,2200030,0.0361,0.9621,0.6082,0.1548,0.4626,0.9119,0.1027,0.8975,0.5271,0.5588,0.7033,0.4837,0.1028,0.0934,22050,2,-29.043,-12.215,29.429,-28.958,221.375,0.852,285.693,3232802,6178485376,607274,385793,373716,34164,1654,89119979,USFKM157839213,spotify:track:opkldjjggrunhkrcxsibro,False,False,0.4278,sexual,E-Clean,active,1708732,1834949,1628161,424450,13547,317980,1654009,1080952,715070,428885,330490,1889429,1731685,968938,374906,1004514,1581147,805827,901770,1242619,1174773,1701039,1357589,465522,False,False,True,False,True,True,False,True,False,False,False,True,True,4,4,Mexnom,Xvqtfw,Vyumxyd,9,False,8,40,0.1283,0.7325,0.6525,0.9215,0.1984,0.7802,0.0615,0.4426,0.0829,0.0732,0.8273,0.7163,0.2787,0.1935,0.6751,0.4889,0.8884,0.9643,0.3488,0.6586,0.8488,0.6917,0.447,0.4697,0.7574,0.8342,0.7837
spotify:track:xyrpmjsluklhpsjwfuapje,Track Vhdrrj,spotify:artist:uqyevptgqaasmgbcmqcxit,Cbsxk,spotify:album:aakosrvxpwxfinsjxpcomc,Ggxnkq,1985-06-12,297937,True,French,Pop,Classical,0.0916,0.9949,G,-6.15,Minor,0.4233,0.1463,0.5184,0.3104,0.5387,96.942,4,92,552057578,175904,82722,9,177,189,173,169,37,2791536,73297885,50,True,DE,1998,342,24,Reggae,Pop,EP,3,1,18,Columbia,2841920679346,27,98,0.5983,0.7626,0.8968,215813,6000147,14,477013,757472,19774,308980,13740,68986,4103794.91,1765953.42,32983.25,88673.46,0.00203,0.301,0.382,0.178,137,5,2013-11-22,2021-10-24,83,15,86,45,False,True,False,True,True,True,True,False,True,False,False,False,True,True,False,False,True,True,True,True,True,False,True,False,False,False,False,False,True,False,1847909,617822,740520,304807,2926378,4600984,1779147,2051072,70187,3629334,4170771,1701234,3756960,4226500,2434507,1170279,794103,4678322,4903389,1046831,0.747,0.1399,0.4222,0.2328,0.9987,0.7334,0.356,0.0288,0.7285,0.4055,0.4858,0.4789,0.8668,0.5091,22050,2,-36.112,-2.041,19.746,-27.438,349.966,4.092,235.428,4569668,1535601321,92045,382053,343272,25985,1322,61725422,USYEE644485564,spotify:track:kyziexpxnpmpgindimmlzv,False,False,0.0249,language,18+,active,664981,61501,1938350,151917,1926141,1490199,1973819,1960979,610079,261721,1621531,924459,229345,1870537,1986473,1637264,812712,691350,1012601,1156445,1222036,395252,1198851,146739,True,False,False,False,True,False,True,True,False,False,True,True,False,792,0,,,Apgpqnl,8,False,40,59,0.9924,0.6265,0.6426,0.7739,0.5897,0.018,0.1017,0.8772,0.3399,0.0132,0.6437,0.3914,0.6256,0.4934,0.1709,0.7542,0.023,0.6616,0.6007,0.1492,0.1812,0.2271,0.189,0.6047,0.8208,0.634,0.0157
spotify:track:ebumfyvuxqlgulgythavmu,Track Cqhkrp,spotify:artist:xrxgsomfqgjgshrxzrkynr,Wnuow,spotify:album:ryryqwvfzvngarljmyxhew,Kuorqh,1998-08-19,276516,False,Dutch,Rock,Folk,0.0238,0.7241,E,-13.62,Major,0.3612,0.7207,0.5959,0.532,0.4009,83.126,3,6,1966604855,18815414,361261,195,155,195,51,146,12,62739810,59974391,29,False,BR,2000,139,21,Folk,Pop,single,18,1,3,Republic,1533666236902,29,17,0.1393,0.464,0.2648,3901379,15018756,192,4122756,650579,173335,98613,20622,94575,3624444.69,301756.07,71118.12,131364.07,0.00618,0.41,0.361,0.11,48,58,2015-12-05,2013-05-05,71,28,173,25,True,False,True,True,False,False,True,True,False,False,False,False,True,False,False,True,True,True,False,True,True,False,False,False,False,False,True,False,True,False,1138438,3975414,1564282,4561861,903063,3487422,3822080,1676013,2075767,3709961,2098660,3231889,800846,1177737,728709,2663051,3989854,3141968,3549877,1399103,0.7611,0.2573,0.1015,0.7533,0.0287,0.2575,0.1185,0.9757,0.655,0.3923,0.0141,0.6214,0.0592,0.571,22050,1,-23.79,-11.37,0.605,-9.355,341.507,5.977,342.473,3655978,7493565281,986736,31098,162930,21993,266,95600191,USIQP289167460,spotify:track:ethfuxnbnwchddpghbroug,True,False,0.1325,violence,18+,restricted,793974,978443,387564,1271667,1278494,134057,231104,1506458,694651,614055,1238305,50924,1569690,598186,1318502,542660,407020,1877580,178427,1093323,1784339,1483206,425980,1356640,False,True,False,False,True,True,True,True,False,False,True,True,False,16,3,Dpyypk,Uiblwn,Vdpttmv,3,True,6,75,0.5499,0.3971,0.8999,0.7868,0.4427,0.6794,0.4351,0.484,0.7729,0.359,0.5649,0.6824,0.4873,0.4421,0.292,0.8504,0.7405,0.8405,0.081,0.8634,0.0565,0.2742,0.0511,0.8089,0.1776,0.1309,0.6462
spotify:track:tnooafyqweiktbqbauuhrl,Track Jqnsgl,spotify:artist:nbxvrlbwighboeagreueut,Rbtkd,spotify:album:ukkanrrqsztpmnsqlebjcs,Cbmacg,2010-04-18,215730,True,Dutch,Ambient,Indie,0.1042,0.2167,C,-9.42,Major,0.7647,0.8822,0.5841,0.0805,0.2648,149.962,5,33,4014679281,28207411,1269942,121,37,158,102,89,87,52276832,15420427,76,True,NO,2014,256,3,Country,Soul,compilation,24,1,23,Republic,7823177375934,58,26,0.1956,0.8461,0.5248,4806597,3123130,42,1172642,227976,151356,349813,99819,9023,1509699.38,2362387.3,442873.18,35181.75,0.00482,0.591,0.1,0.193,29,9,2020-04-02,2019-05-02,100,7,176,20,True,True,False,True,False,True,True,False,False,True,False,False,False,True,False,False,False,False,False,False,True,True,False,True,True,True,False,True,False,True,3368567,1904324,660669,2890004,4837317,1519386,1216070,4981651,953070,1406494,4047958,483612,3215368,2766819,1871114,2350148,540343,366422,2216458,418420,0.3771,0.9366,0.1452,0.0942,0.5432,0.1703,0.5136,0.2808,0.1241,0.1926,0.0875,0.1142,0.6965,0.7727,22050,2,-20.88,-3.04,14.414,-19.371,246.197,7.291,325.477,4367442,7113191226,873076,302278,250119,18668,4764,82450006,USLPI271128793,spotify:track:toncyzlmqryskgzfcpzjjv,False,True,0.4186,violence,PG,inactive,1023417,1916494,1175566,1063500,148961,185975,1203678,1759888,1869898,443042,1102170,1788756,1446492,1490083,1237272,1359521,1217946,1860298,1227352,112306,822007,1112332,1987595,349573,True,True,True,True,False,True,False,False,False,True,True,True,False,227,5,Fxugmw,Iptbrv,Grptjun,6,False,15,87,0.5977,0.586,0.7585,0.1237,0.4818,0.2785,0.7325,0.6038,0.1541,0.9108,0.7772,0.892,0.1058,0.8087,0.0697,0.6002,0.7398,0.3227,0.8806,0.0668,0.7391,0.9815,0.9487,0.2541,0.4935,0.421,0.1795
spotify:track:yvzskaskoggvsoickupaum,Track Kriybp,spotify:artist:shwpmqxazpwslqxiyyknbf,Zmylm,spotify:album:dmfhaxhqqtycqwvfvkxegi,Xcoqig,1986-08-08,319433,False,French,Pop,Jazz,0.6931,0.2447,F,-19.85,Minor,0.4392,0.351,0.8944,0.0909,0.6683,132.066,3,43,1176669292,41117335,1683497,148,73,27,80,127,90,25825230,83349828,69,True,AU,2019,20,11,Metal,Electronic,EP,11,1,22,Universal,5830970136159,4,163,0.9568,0.2419,0.3822,6402264,29043523,149,3551959,629091,90842,406515,44008,74691,1734935.83,695176.84,191861.68,113736.23,0.00184,0.326,0.347,0.167,50,77,2010-05-14,2023-12-07,30,20,33,18,True,False,True,False,False,True,True,False,False,True,True,False,True,True,False,True,False,False,True,False,False,False,True,False,False,False,True,False,True,True,3218868,1120305,4651357,2766306,2881700,174680,3772917,2256439,1712974,2852343,182107,4845408,2914169,1368091,4692942,4387760,3130776,2281528,4023211,69262,0.2487,0.4269,0.9043,0.8736,0.4219,0.3268,0.3227,0.0961,0.8619,0.4049,0.0448,0.4579,0.8026,0.523,22050,1,-57.742,-8.162,17.661,-43.562,252.115,9.495,231.84,2304951,8529612215,775497,382586,320088,42274,3292,89518125,USJZL855544178,spotify:track:awwpcglcatugysyckvksai,False,True,0.6862,sexual,PG,takedown,546852,1180644,1859793,1516669,1432544,378959,428679,595772,1456040,435132,771620,1280722,1861415,1341466,912129,1206876,1084485,687165,39104,1851666,1942700,583509,679907,1592721,True,False,False,False,True,False,False,False,True,True,False,True,False,73,3,Vneilh,Adbwwo,Wzlejvn,2,False,48,96,0.2494,0.6468,0.573,0.7587,0.4072,0.5593,0.0518,0.3854,0.3231,0.3508,0.0189,0.8399,0.0217,0.0795,0.7641,0.4393,0.5781,0.6011,0.0841,0.8065,0.6485,0.0015,0.2939,0.9207,0.8597,0.1474,0.8682
spotify:track:slntbfidytfhhqgnptsgnr,Track Dflkmv,spotify:artist:xlfdlhjmlrxkylibpxxpvg,Mujhh,spotify:album:ghnipwllgvatgkkmawawkj,Ilfcim,1978-08-19,290849,True,English,Ambient,Dance,0.0582,0.0323,B,-19.07,Minor,0.7385,0.7963,0.3726,0.3571,0.5062,93.904,5,92,1131259125,16386213,1101804,86,168,169,109,94,63,45897619,24199568,25,True,SE,2015,17,21,Pop,Rock,EP,15,1,19,Sony,0785734065578,10,23,0.5476,0.6828,0.3183,3607712,30052826,70,3370484,447097,40108,163556,191408,40162,2351972.13,1275179.41,46504.7,128567.24,0.00683,0.504,0.301,0.092,119,93,2023-02-02,2019-03-26,52,43,167,25,True,True,False,True,False,False,False,False,True,True,False,True,True,True,True,True,True,False,False,False,True,False,False,False,True,False,True,True,True,False,459655,2974208,563988,1814300,740205,4462186,3259391,3154925,270377,2586434,4064729,2579734,3783826,2043766,1788568,4628525,4955828,757396,2125089,3806607,0.7332,0.5003,0.1677,0.4552,0.8647,0.8276,0.0027,0.3273,0.2625,0.1031,0.93,0.7463,0.6722,0.9163,22050,1,-13.015,-10.383,6.77,-38.559,139.701,9.158,302.294,3408184,6071450805,970636,454591,453261,32564,3924,40593660,USCCF560603329,spotify:track:kivjyyujedoiwubphxubez,False,False,0.361,drug,E,restricted,966190,723856,1589428,1301982,372904,451164,1128345,431036,1976490,1790578,203635,1232279,462084,652316,1116719,1598458,1199444,192308,1148676,1869670,1502560,1605221,86092,1535827,True,True,True,False,False,True,False,True,True,False,True,True,False,588,3,Tgtbpy,Enexhz,Hkfcwjf,1,True,20,28,0.039,0.0589,0.3073,0.0103,0.441,0.088,0.7122,0.8937,0.6166,0.888,0.4073,0.6139,0.3031,0.7681,0.3198,0.4068,0.8394,0.4322,0.7493,0.3054,0.988,0.3036,0.7831,0.742,0.1838,0.591,0.1414
spotify:track:ywpibhcqtckcsjqrcbtvsn,Track Drdtkd,spotify:artist:vydcvjqeuvojdnqmustaod,Uqyqm,spotify:album:tolseayrxgimduoydjhesb,Rnyqsd,2016-09-04,255268,False,English,Reggae,Rock,0.288,0.0287,D,-14.76,Minor,0.7832,0.8472,0.8864,0.2635,0.9546,115.88,5,5,100047024,5599498,1330877,129,187,150,130,85,112,52633484,34841947,26,True,FR,2009,169,21,Folk,Blues,single,8,2,17,Def Jam,7349962260681,75,6,0.8847,0.9923,0.7994,3246889,37313372,97,76516,966897,146508,252703,154434,36319,3327079.19,1341677.19,441103.54,150733.07,0.00654,0.386,0.105,0.099,195,92,2015-10-02,2021-09-08,76,49,83,47,True,True,False,False,True,True,False,False,True,False,True,False,False,True,True,False,True,False,False,True,True,False,True,True,False,False,True,False,False,False,2782741,3187652,1251997,4974454,1399211,3083316,4486195,1556684,1332532,4408525,1382020,4500667,13509,929315,4420312,1831516,1294046,2059146,3133284,1758827,0.0417,0.8983,0.5142,0.4271,0.7275,0.6815,0.8318,0.485,0.4095,0.4952,0.0185,0.9491,0.2785,0.8017,22050,1,-31.222,-14.624,8.422,-40.473,257.962,3.347,211.902,2998207,2732365301,85103,491587,250387,21127,2823,91761851,USUIQ747454290,spotify:track:qzkxylidtdqmgfpjitulxp,False,False,0.2376,none,E,inactive,736021,1544338,1057629,1715840,385216,127979,1751269,231226,830477,1644761,401963,1755575,78935,180064,1590901,1544359,686358,1207135,996986,1367778,1340712,325548,361867,1933500,False,True,True,False,True,False,True,False,False,False,True,False,False,670,5,Bcqnaa,Fxobww,Lgunktc,6,False,16,34,0.4168,0.0158,0.245,0.1542,0.393,0.6151,0.4374,0.8558,0.9314,0.8247,0.4029,0.7005,0.4958,0.0481,0.3328,0.2062,0.9252,0.8526,0.2989,0.5734,0.1071,0.6909,0.7106,0.821,0.349,0.4444,0.6265
spotify:track:rujbzwyzswqrowrlwoceeg,Track Yjmnhk,spotify:artist:lpvvvcuoocnljborhupefc,Xqett,spotify:album:nqrmlljixmjhpqsqhzlmmi,Koysvg,2014-12-13,345075,True,Italian,Reggae,Country,0.2985,0.1126,D#,-12.8,Minor,0.4666,0.9941,0.664,0.1098,0.9497,150.083,6,58,3688554363,19310163,1288928,68,62,170,19,169,68,72016813,64929712,17,True,IT,2006,240,17,Indie,Reggae,EP,4,1,11,Atlantic,6740583261859,44,142,0.0177,0.7752,0.7499,5771537,32613861,191,2528426,873321,255747,189857,131487,12808,3268140.19,1207385.72,77691.98,179585.25,0.00578,0.664,0.288,0.068,50,52,2013-10-05,2015-05-07,28,48,189,42,False,False,True,False,True,False,True,False,False,False,True,False,False,False,True,False,True,False,False,False,True,True,False,False,False,False,True,True,False,True,1601917,3257329,845344,161858,652911,3859743,2918687,262058,329786,879630,3676973,295831,3214662,3858859,4804815,2262494,4820295,280544,4101032,4554980,0.4325,0.5974,0.9442,0.3126,0.6799,0.3979,0.7036,0.1098,0.7981,0.5783,0.7806,0.6646,0.7707,0.9233,22050,2,-33.29,-6.463,10.588,-48.123,222.825,9.999,255.202,2986728,6847665443,47684,256402,30300,29783,1049,17829404,USNFU372311020,spotify:track:mweqzfkrfmuolvbsnaswxa,True,False,0.6735,language,18+,restricted,1768907,764951,1175914,1706576,321635,817536,1728812,52827,1077236,365127,1782161,718704,380580,1989323,1403809,870487,497621,1880991,1529787,987497,1698227,1240040,1983854,554521,True,True,False,False,True,True,True,True,True,True,True,False,True,330,1,Uccmqo,,Zvvwkti,5,False,24,47,0.7001,0.1809,0.6864,0.317,0.2864,0.0764,0.5208,0.7973,0.6875,0.6657,0.7645,0.6963,0.0853,0.382,0.4501,0.5112,0.0183,0.3381,0.0579,0.5526,0.6481,0.5399,0.69,0.2164,0.8375,0.7223,0.513
spotify:track:unxwygreygnfizxcloxaam,Track Uxmmta,spotify:artist:krlzgmdpakmvqecdhnnorc,Kobxr,spotify:album:khikpmcpkixtpauguaosma,Hircyl,1964-10-05,152344,True,Japanese,Alternative,Dance,0.0998,0.3971,G#,-17.16,Minor,0.4645,0.0108,0.2773,0.1179,0.3321,94.524,4,81,3871176280,48897728,290654,200,88,44,103,1,36,23386052,15178555,54,True,PL,2018,188,26,Latin,Punk,album,5,1,7,Columbia,5781860328843,32,97,0.5739,0.7715,0.706,2048795,1744716,41,683566,319037,24686,475710,23180,19731,4554419.58,733668.21,43390.28,66083.81,0.00562,0.554,0.312,0.135,4,28,2017-08-08,2023-07-10,59,7,127,32,True,False,True,True,True,False,False,False,True,False,True,True,False,False,True,False,True,False,False,True,False,True,True,False,False,False,True,False,False,False,3898926,3653936,508693,78768,3252881,2347261,1882744,2601844,2722920,4925138,3817206,1956037,671331,3962938,1982515,374192,1909638,1894133,1485178,2216242,0.5801,0.4202,0.8287,0.7253,0.3333,0.7549,0.4999,0.98,0.9945,0.3403,0.7795,0.3022,0.2809,0.5333,22050,1,-24.801,-5.982,29.497,-16.478,172.132,1.171,213.909,2889359,1662224154,898048,178732,443089,18973,1328,64914236,USBPW568724810,spotify:track:yokwjrjidolerfngzafany,False,False,0.7416,none,PG,restricted,1517425,1237598,1528643,1252962,381673,1933928,1815089,1363053,1505395,1809637,855058,141933,458193,1089266,277278,1953471,859343,1639527,1148948,998994,70820,1310291,1609626,1808378,False,False,False,False,False,False,True,True,False,True,False,True,False,479,4,Ettlrc,Ytzdok,Eukzqef,4,True,43,99,0.2419,0.7878,0.2157,0.5894,0.2298,0.2799,0.0226,0.4011,0.7084,0.0275,0.8482,0.9477,0.566,0.9743,0.7077,0.6801,0.0023,0.612,0.6544,0.1907,0.4376,0.88,0.3231,0.1406,0.3055,0.1365,0.3436
spotify:track:mvajygxohmygdptuugjzxn,Track Aglthd,spotify:artist:iaozlnyoaefpddxxaxqsik,Kfpod,spotify:album:vouexmvsgeijkocxpicafe,Oaaise,2003-10-01,201846,False,Spanish,Electronic,Pop,0.1471,0.1592,B,-6.88,Major,0.0823,0.8874,0.3609,0.3666,0.2716,115.769,6,79,4885479397,46720085,143022,15,69,104,107,34,120,42888660,87273923,94,True,FR,2005,88,13,Dance,Soul,EP,9,1,2,Independent,8349379825391,30,177,0.5554,0.3979,0.7072,175585,28604795,12,737564,906419,136113,175936,116767,77911,767730.45,403789.77,242713.28,53578.22,0.00697,0.437,0.311,0.143,118,0,2012-02-23,2018-03-09,6,47,28,37,False,False,False,True,True,True,False,True,True,True,True,True,False,True,True,True,True,False,True,False,True,False,False,True,True,False,False,False,True,True,3601701,1770101,3721452,698619,2369130,1383060,162716,3914506,2803865,3854485,2539264,928613,2598564,1539464,2508417,4708428,3923721,1998366,4889081,3456487,0.1585,0.1303,0.6013,0.5171,0.5454,0.6931,0.1778,0.6531,0.9525,0.9678,0.9149,0.7276,0.2356,0.924,22050,2,-17.503,-10.778,5.156,-14.91,191.296,6.354,229.633,2874002,7988329703,652881,470147,242451,34006,4058,22117862,USPWJ243473886,spotify:track:vpotfyqqdmwyqsoabsmmdw,False,False,0.6945,language,E-Clean,takedown,548822,1245497,322520,1935341,69317,463101,865266,1639742,1257442,484292,111256,1248713,1594830,177269,1505403,562938,1935571,1741022,1320218,122992,1913380,210251,1423483,696438,True,False,True,True,True,False,True,True,False,False,True,False,False,983,2,Kzaabg,Xufint,Lheogut,6,False,43,53,0.9116,0.4813,0.4767,0.9342,0.9829,0.2492,0.5951,0.7896,0.1662,0.7691,0.1635,0.3012,0.7286,0.2363,0.3244,0.0427,0.2028,0.6051,0.0159,0.0379,0.9714,0.0556,0.3006,0.4533,0.0676,0.8407,0.3118
spotify:track:dngtigyshqdqpsttljwyff,Track Yrkaif,spotify:artist:upezjnoflgunxgygiqvfef,Ivdty,spotify:album:aojslbfbxkdvivmcyiwbpz,Qshdqr,1986-11-02,209361,False,Portuguese,Hip-Hop,Hip-Hop,0.5937,0.1563,F,-2.88,Major,0.3207,0.5107,0.8127,0.9414,0.7707,70.551,3,31,3805024335,1431363,732627,184,191,58,187,177,80,34082688,9179028,78,False,FR,2002,355,16,Indie,Folk,compilation,4,2,14,Independent,1569407148065,46,184,0.4326,0.3159,0.0093,13016,30749377,111,613690,327848,21776,151604,40328,7174,1572030.08,1687152.94,192706.15,161735.14,0.00701,0.468,0.234,0.182,79,24,2014-11-03,2019-06-23,4,33,11,48,True,True,True,True,False,False,True,True,True,True,False,True,True,True,False,False,True,False,True,True,False,False,False,True,False,False,True,False,True,False,2802393,3357622,4670813,4498834,1344795,3189294,4015064,1477210,4395675,287518,100927,4019547,1309314,4095948,1313597,14911,4647085,941703,2435910,3753303,0.1543,0.1932,0.2108,0.42,0.0177,0.5158,0.7272,0.7119,0.0288,0.5335,0.0497,0.4003,0.4434,0.8843,22050,2,-53.806,-14.894,29.308,-23.546,169.061,4.615,211.915,3250822,6360013228,591710,18517,494833,28493,3104,70713307,USNKJ813414306,spotify:track:uvfhycbqlpdsdnyltfusmg,True,True,0.3785,drug,PG,active,1241309,1641576,337407,1760872,871751,225928,778413,593853,1148203,1007653,1412007,322330,26456,1787012,217047,301103,550756,1394158,120747,290446,786324,1715605,608325,706772,False,True,True,False,False,True,True,True,False,False,False,True,False,138,2,Jkauug,Fraphi,Pqfarsc,10,False,20,34,0.4133,0.3875,0.512,0.4965,0.1947,0.0998,0.6056,0.3776,0.1453,0.1552,0.778,0.6318,0.0557,0.1659,0.2498,0.1296,0.8966,0.287,0.3723,0.7436,0.4516,0.848,0.9535,0.1845,0.0788,0.369,0.5639
spotify:track:bgxwewwabkbocepmoumppj,Track Fcdkio,spotify:artist:vwhedugogoksglmhbyvwxa,Drqvx,spotify:album:upgoacgyuwotvvuqtwjrpx,Skouhz,1979-10-11,188638,True,Portuguese,Hip-Hop,Classical,0.7556,0.5157,C#,-1.12,Major,0.3121,0.9488,0.3418,0.0859,0.7039,81.92,3,56,2871257369,20785305,654032,116,10,129,93,107,1,76843955,36896175,6,False,NO,1972,152,22,Punk,Soul,single,3,1,7,Sony,2873317464207,3,57,0.2148,0.9931,0.4497,4333072,41489174,160,4870630,643235,275388,235812,972,79202,4712846.67,740834.29,53271.31,45751.87,0.00773,0.7,0.187,0.078,162,51,2016-09-27,2011-08-04,1,25,5,15,True,False,False,False,True,True,True,False,False,False,True,True,True,True,True,False,False,False,False,True,True,False,True,False,True,False,False,True,True,False,3697801,2437671,4370914,3355491,3891300,2519213,4709621,3175683,4897925,4352222,4957180,2278546,4267835,2116660,4334934,581635,3919972,101645,2067425,3399798,0.8081,0.0254,0.0536,0.892,0.7979,0.0039,0.0718,0.4863,0.9558,0.8616,0.6538,0.3132,0.9075,0.5955,22050,1,-11.048,-1.315,13.325,-53.804,343.579,0.739,215.993,3549422,3574045817,38287,145768,323007,1548,1394,12458835,USGHY553542263,spotify:track:oksiyfzmrvsjxwtispeqzf,False,True,0.9572,drug,PG,restricted,493581,217612,953008,453940,1191025,1822536,636356,1600858,896683,1456410,1914780,324576,572619,1062347,1038740,1505035,1515767,319263,1948452,1925706,411201,1662579,1564996,1702441,False,False,False,True,True,False,False,False,True,False,True,True,False,590,1,Uxmpla,,Ajqmfip,2,True,24,17,0.339,0.3932,0.8115,0.5573,0.188,0.8769,0.7501,0.3931,0.4006,0.8196,0.5351,0.596,0.0156,0.9387,0.6626,0.6284,0.3277,0.486,0.847,0.2308,0.7173,0.2505,0.1323,0.6956,0.9822,0.7243,0.9856
spotify:track:ktzjdvqiqezaruucubvlkv,Track Louztq,spotify:artist:cywarodtnhzvqtrxsokdrf,Brnmx,spotify:album:zygzwyzsbdzunddktnzvdj,Qqsvek,1970-06-10,300952,False,Swedish,Country,Blues,0.5067,0.3169,A#,-7.81,Major,0.4138,0.4624,0.2739,0.8366,0.1473,169.417,3,91,1474417790,35813838,312963,163,103,117,27,45,98,32266907,61888173,74,False,AR,2001,433,28,Jazz,Jazz,EP,6,2,25,Atlantic,2629874755880,100,57,0.2208,0.4261,0.0243,8719744,1645630,82,4713798,523954,251082,44655,87541,41584,3512432.31,1781516.82,329963.04,138850.38,0.00794,0.664,0.31,0.075,124,67,2020-09-28,2023-09-05,7,11,92,37,True,True,True,False,False,True,False,True,True,False,True,False,False,True,True,True,True,False,False,True,True,True,False,False,False,False,True,False,True,False,4100895,4855905,2649517,2904611,565795,4733901,1225145,2137886,3786944,2260162,715870,616482,540147,4022205,1816732,3284253,3825621,99400,1832222,4426719,0.4257,0.9613,0.3929,0.6529,0.8628,0.1041,0.1603,0.9481,0.2917,0.8502,0.2053,0.0306,0.0144,0.043,22050,2,-2.626,-19.359,28.432,-18.034,258.729,1.661,237.912,4686039,9188289622,488990,117006,476636,11225,906,5276822,USXRN350624395,spotify:track:dadblahogrlsmstfkbqsjc,True,True,0.957,none,E,active,1296969,636642,1444173,1127777,1611836,536730,1488989,270318,270157,900253,1839440,362635,436189,1447206,99942,26979,439990,877325,22513,947486,282361,270536,504631,675783,True,True,True,True,True,False,True,False,True,False,False,True,True,445,4,Dyapws,Fkxlko,Shgwghg,1,False,6,55,0.391,0.5803,0.0043,0.6858,0.2874,0.7888,0.3313,0.0275,0.3292,0.6559,0.4898,0.2993,0.5801,0.4129,0.6933,0.5157,0.5863,0.2957,0.119,0.0061,0.8181,0.6542,0.9643,0.4079,0.5731,0.7051,0.0987
spotify:track:sfieiegerzyivfllhjhbss,Track Mkytrp,spotify:artist:bcdieinlelonkfzhpzaxjx,Xnspd,spotify:album:obxvvdpxjsytrjwbtjkimp,Wcelpo,1961-08-23,305766,False,Japanese,Soul,Blues,0.9716,0.4422,E,-13.5,Major,0.0878,0.3891,0.5495,0.9789,0.8489,195.517,6,4,4763247454,23396699,1382747,43,47,30,199,53,52,50858200,70020765,76,False,GB,1960,469,17,Classical,Latin,compilation,14,1,5,Independent,0943112866585,59,27,0.6334,0.929,0.6959,816020,14785874,54,4369379,709633,254672,392255,141820,68032,3383162.97,2647550.31,72766.9,73099.02,0.00678,0.677,0.358,0.127,132,83,2012-05-09,2022-04-01,99,50,67,50,True,False,False,True,True,True,True,False,True,False,False,False,False,False,False,False,False,False,True,True,False,False,True,False,True,False,False,False,True,False,3791018,2975074,4765107,915408,3279939,259984,2173618,2092837,2859530,4863203,4323426,1755718,4326212,2763122,4762143,454580,3876050,4800814,3600334,3052398,0.5063,0.3142,0.5074,0.223,0.6719,0.3299,0.666,0.7974,0.072,0.477,0.3094,0.8238,0.991,0.6772,22050,2,-9.54,-6.132,1.704,-33.429,280.782,8.064,326.03,3906505,8406546164,98481,461458,482977,44963,1583,42453462,USRQA755311752,spotify:track:geppdorbeczdvuiegssvhl,False,True,0.1884,language,E-Clean,takedown,1010977,1021939,156943,612408,888942,1661386,1284241,691513,1858558,70002,1227169,509661,1489735,748546,658428,772054,722838,1457228,946831,87874,1915217,312048,77065,85887,False,True,False,False,True,True,False,False,False,False,False,False,False,113,1,Coypyd,,Rtakatc,3,True,9,69,0.6491,0.6562,0.6323,0.3647,0.296,0.4192,0.695,0.2483,0.0044,0.2567,0.3697,0.8113,0.3401,0.333,0.1261,0.4079,0.7057,0.4287,0.4997,0.4873,0.5389,0.802,0.3116,0.7936,0.2321,0.1369,0.4099
spotify:track:zopgvansvkjrvdyxoerdoj,Track Iacuaq,spotify:artist:xasyrebpfialmecebqrtvp,Qvtex,spotify:album:upcwfmexbbownqlhlbhomo,Xuxybf,1974-03-30,301657,True,Spanish,Jazz,Blues,0.976,0.5534,E,-14.83,Minor,0.3657,0.5796,0.1374,0.881,0.4911,61.84,6,88,3530101567,43401975,894717,68,113,40,178,161,66,45989531,23741973,46,False,AU,2017,282,15,Latin,Funk,compilation,18,2,1,Def Jam,0664448909569,19,140,0.3063,0.3989,0.0613,2287252,34403326,37,3364282,720389,37329,370904,168794,99075,1888338.1,358623.1,13422.9,68320.02,0.00879,0.33,0.255,0.114,86,49,2018-12-03,2022-03-05,66,1,52,5,False,False,False,False,False,True,True,False,True,True,True,False,True,False,True,False,False,True,False,True,True,True,False,True,False,True,True,False,True,False,4076015,862111,3078779,1430677,330591,4022659,3920326,867890,459813,3953514,2392698,488344,2390596,1896570,1886894,3562212,4596720,4856845,3128867,3713087,0.5971,0.453,0.1517,0.912,0.4123,0.6697,0.3275,0.0674,0.035,0.8287,0.9252,0.0512,0.469,0.8152,22050,2,-26.684,-12.758,21.795,-59.291,131.536,3.48,243.359,3972470,9292042847,799645,487739,328580,15049,1438,4398598,USCZE703662466,spotify:track:yqwkptlivedrrtgqbchjsl,True,False,0.0929,language,E-Clean,restricted,1965937,1637826,1284735,1609250,481861,1821163,931426,1655522,888665,1669797,1576207,829360,1555161,1202567,1617840,1642841,1440170,1274910,938032,795492,1118984,241617,1559321,1417799,False,True,False,False,False,True,False,False,True,False,False,False,True,281,2,Pabyun,Etrlga,Qofgtiz,10,True,6,14,0.0905,0.9628,0.911,0.5181,0.8007,0.8616,0.9622,0.2503,0.6774,0.8971,0.6097,0.6683,0.7269,0.5965,0.8185,0.0764,0.357,0.5769,0.1178,0.666,0.0523,0.6591,0.7232,0.1986,0.275,0.937,0.5319
spotify:track:wberkeqyrdiioeowyxocpz,Track Wumrpo,spotify:artist:lkhpyymogmuegceibhuqxl,Wvqnq,spotify:album:lznyihnwtzgaxydyzzkxai,Pelrbs,1978-09-24,185842,False,German,Punk,Ambient,0.0272,0.1532,E,-3.17,Minor,0.7876,0.4785,0.2424,0.7188,0.6691,116.997,3,46,3450223100,9134227,1479118,34,180,62,16,120,8,56222870,45002576,78,False,FI,1963,444,11,Country,R&B,compilation,2,1,23,Warner,4920891867456,20,73,0.2983,0.8722,0.3521,3155006,4202828,26,1091009,655929,40106,109946,142503,91557,71779.76,1633615.13,93004.03,180815.77,0.00586,0.619,0.372,0.112,82,89,2016-09-13,2017-10-11,80,33,85,33,False,False,True,False,False,False,False,True,True,True,True,False,True,True,True,False,False,True,False,False,False,False,True,True,False,False,True,False,True,True,2034563,664733,1847333,1405610,4533153,4659769,3861037,764796,1405821,1758320,1336658,140681,1744705,3628834,3201388,4386858,3661449,2457693,1063474,3712076,0.9295,0.749,0.5451,0.1362,0.9447,0.7024,0.7778,0.1862,0.144,0.4628,0.3787,0.0291,0.2432,0.0063,22050,2,-33.07,-15.47,8.059,-1.803,349.581,0.073,227.3,4504212,5247866919,668704,332029,181906,49439,3016,64469963,USGXE931884702,spotify:track:fnsmbdmtrdovvxasubsdih,False,True,0.9811,sexual,PG,active,614825,218651,218101,871511,999662,1170037,1127087,1790567,145019,754314,1654055,1224278,883584,1337210,1644884,1812415,598714,838296,1823358,1352502,965182,488314,1106548,819932,False,False,True,False,False,False,False,False,True,True,True,True,True,987,5,Eoinxl,Awxgpy,Ppvykak,9,False,13,7,0.0851,0.9441,0.0472,0.8595,0.2449,0.5117,0.6938,0.2413,0.9453,0.4988,0.8671,0.3759,0.5443,0.2478,0.4243,0.6246,0.3205,0.8876,0.7751,0.0757,0.5408,0.0169,0.117,0.8186,0.2067,0.2802,0.8081
spotify:track:ildrmnlzyjlqmxrhyiioza,Track Ixgqds,spotify:artist:ccnwyhbfieitrjvblrnzet,Kiwps,spotify:album:cvjhhdubudqtwmasohbvjw,Eyuthz,1960-11-10,313143,True,Swedish,Classical,Blues,0.2336,0.644,C,-8.48,Major,0.176,0.7165,0.8227,0.9012,0.3617,176.263,4,45,2440328837,47473448,56533,73,123,156,65,23,35,31765883,20652179,41,False,SE,1961,45,18,Ambient,Hip-Hop,album,7,2,24,Independent,2530276684412,16,30,0.768,0.1507,0.7733,1448081,46694716,181,1709735,526910,43821,117329,10337,12093,1450066.77,2577899.92,280241.73,32552.23,0.00573,0.541,0.267,0.147,183,8,2022-12-22,2018-07-09,87,27,78,24,True,True,True,True,True,True,True,True,True,False,False,True,True,False,True,True,False,False,False,True,False,True,False,True,True,True,True,True,False,False,300016,2693241,253105,939645,2006368,1727585,1332850,192319,2088892,2285315,2210369,4969694,3085999,3605904,233337,4136361,642677,2148337,4355689,3982485,0.7699,0.3449,0.8264,0.4959,0.3468,0.7034,0.3581,0.8597,0.4592,0.2261,0.8255,0.7559,0.209,0.3944,22050,1,-20.272,-0.806,15.115,-55.39,276.558,8.528,311.653,460285,7537852837,888023,16240,98546,49787,4696,82148163,USJUB618036458,spotify:track:krgszgrbmtivupwbrofehv,False,False,0.8896,sexual,18+,takedown,1849027,1459292,1136051,1454352,1103380,1157752,404116,1306633,1835577,1365436,358821,510459,981719,702658,1257827,1535552,10913,1763137,1211671,1033660,391127,298090,1100163,1784504,False,True,False,False,False,False,False,True,True,True,False,True,True,941,2,Netlox,Omkoqd,Gagggji,7,False,33,55,0.7381,0.9437,0.2657,0.3929,0.4911,0.0883,0.0386,0.228,0.4574,0.3452,0.1687,0.4423,0.3996,0.1218,0.3584,0.3019,0.5129,0.1109,0.7763,0.2531,0.0795,0.4394,0.5441,0.7067,0.7113,0.703,0.8916
spotify:track:bodhxwwbnetaiiqjjgtngn,Track Gwuvgl,spotify:artist:zufwrqizwjklazwcyqdmdf,Numgd,spotify:album:cwzlwfugjubpvqaufasokx,Jobksg,1961-09-23,183058,False,Dutch,Latin,Alternative,0.272,0.8716,G,-3.74,Major,0.0156,0.42,0.8105,0.928,0.3307,152.507,5,90,533064802,12163469,1245635,91,66,73,157,192,100,57412199,77320841,42,False,BR,1970,380,25,Funk,Folk,compilation,5,2,11,Warner,5919799864246,36,179,0.7513,0.5851,0.2342,1972044,27467611,182,1785587,577558,119513,431652,42547,55386,1392561.63,2196862.12,303019.71,143686.38,0.00718,0.573,0.114,0.064,4,59,2022-06-23,2012-04-27,17,44,183,40,False,False,False,False,True,True,True,False,False,False,True,False,True,True,False,False,True,True,True,False,True,False,False,False,False,True,True,True,True,False,2732265,3173889,2297797,3828096,3962385,804100,694472,2865979,4342384,4700704,1089635,543156,4401384,3932108,314733,4376677,4987174,2328637,612236,17021,0.4876,0.5769,0.116,0.4165,0.0761,0.933,0.2578,0.3818,0.6496,0.9678,0.9994,0.8563,0.2411,0.7582,22050,2,-38.206,-13.931,21.944,-41.882,340.395,2.129,309.75,4330034,7582310827,744959,96848,126445,32574,3955,39244170,USOVS680451123,spotify:track:ccquvoeemzbkksdlxvofoz,False,True,0.4099,sexual,E-Clean,active,1611736,1504243,2440,1738766,29091,396176,1432072,1562428,990666,20187,1744760,1587571,1571318,1245136,1767439,44407,937464,97817,1700250,515830,1022189,1090911,1628883,127445,False,False,True,True,True,False,True,True,False,False,True,False,False,739,2,Owyekb,Mhwvkl,Lkrcpec,10,False,31,61,0.5774,0.0035,0.9194,0.0404,0.3073,0.7647,0.7548,0.061,0.4375,0.1796,0.6115,0.9767,0.0583,0.125,0.7432,0.6633,0.904,0.3453,0.953,0.3712,0.4433,0.2415,0.6118,0.7157,0.033,0.993,0.7535
spotify:track:vubjiliqhkmdiomqpasjvf,Track Stpfdl,spotify:artist:fgdyseynmxvvmeipcgfmts,Xasir,spotify:album:gxflgexfdqxnnjqzdqxqam,Lpuqjy,2020-10-13,149798,False,Korean,Dance,Reggae,0.5404,0.8936,A#,-7.44,Minor,0.3695,0.706,0.3072,0.7279,0.6912,73.42,6,85,3399683817,31109983,1301852,172,41,112,75,8,83,27684563,19525598,80,False,AU,2014,268,17,Folk,Ambient,single,9,1,17,Independent,6524949686032,12,153,0.5098,0.7576,0.8243,7056596,23182444,92,676937,714012,15651,66986,86932,1531,1980673.24,1303232.9,455754.74,129870.08,0.00464,0.568,0.111,0.147,58,38,2021-01-31,2019-05-14,61,6,77,37,False,True,True,False,True,True,True,False,True,False,True,False,False,True,True,True,False,False,False,True,False,False,True,False,True,False,False,False,True,True,4666846,4721798,2918114,2687584,2399113,3479243,3039141,3653068,3087017,1664185,624837,3942059,488282,4307950,4115453,1822009,262658,449422,1255078,763697,0.0157,0.1465,0.8067,0.4677,0.204,0.6715,0.2214,0.7429,0.1677,0.7358,0.6568,0.4612,0.7198,0.8268,22050,1,-3.176,-15.91,27.544,-32.879,255.427,5.984,209.797,3283611,9002415578,129858,17503,316254,680,2476,73647351,USNKZ127281394,spotify:track:txqfmjjyczuuqafckxurjy,True,True,0.2856,sexual,E-Clean,takedown,877588,912951,1205125,1751943,629454,534651,1917146,1035484,1662569,447549,1444237,490333,1131543,923753,1610850,1151551,1850072,119452,1560701,1616889,1649156,1870366,1981304,1492206,False,True,True,False,False,False,False,True,True,False,False,False,False,92,4,Ntnzhv,Jpkifb,Eidbwqv,7,False,25,77,0.9523,0.1654,0.9303,0.2982,0.8749,0.3583,0.5284,0.5949,0.1768,0.1121,0.8202,0.686,0.3889,0.8225,0.5044,0.0635,0.5211,0.045,0.3301,0.3103,0.6219,0.3818,0.0007,0.2997,0.8024,0.2119,0.4024
spotify:track:lltprwledizgorszoknybo,Track Qbvdnf,spotify:artist:fdosravniaweiwfncwaehj,Mzcjb,spotify:album:trchopekujwiortpvonclr,Baaiyp,1978-04-20,305371,True,Dutch,Folk,Pop,0.4904,0.9118,C#,-8.0,Major,0.1537,0.591,0.2075,0.1405,0.7624,99.123,5,20,4130559073,2825196,1179826,198,68,11,171,14,55,64157138,9804499,60,False,IT,2004,198,5,Soul,Latin,album,13,2,4,Sony,6899777699589,54,82,0.4904,0.0933,0.1102,9300740,28965638,12,532444,568372,42922,471448,31834,87454,3649351.05,2590445.64,355227.8,155982.71,0.00887,0.546,0.283,0.083,16,23,2017-04-12,2018-01-04,75,48,131,50,False,True,True,False,True,True,True,False,False,False,True,True,False,True,False,True,False,False,True,False,True,True,True,True,True,True,False,True,True,False,2299193,865860,4670755,111812,2123765,2140007,3414748,356525,4539204,632305,4190639,857373,2152972,319950,4628924,1980431,2291559,3563917,4730528,2732029,0.2636,0.566,0.3524,0.8202,0.0116,0.6801,0.8496,0.3324,0.9087,0.5015,0.414,0.1317,0.9447,0.2623,22050,2,-34.068,-8.85,20.528,-21.739,339.493,3.484,298.079,4086188,1107635935,637941,143749,40985,19991,1172,89275671,USQAQ689944317,spotify:track:nltpwufcyzmnqdzrjnpazz,False,True,0.6088,sexual,PG,active,253670,1590805,818370,811485,287531,1612139,1508188,1132762,836800,913071,16521,1610599,397705,646848,1251505,1094909,267333,566374,1694317,1973900,838904,1837376,1150060,1246748,False,False,True,True,False,False,False,True,False,False,False,True,True,64,2,Vmdcyi,Hyiitv,Aivvikb,3,True,23,7,0.3395,0.1502,0.6259,0.9082,0.8971,0.3305,0.7675,0.1884,0.119,0.2722,0.9185,0.0167,0.6126,0.8293,0.2299,0.6639,0.2422,0.1269,0.7178,0.1236,0.6045,0.8832,0.9214,0.5787,0.9164,0.8891,0.2262
spotify:track:cvxqbwunungxwrqwmtdwbd,Track Ylnffq,spotify:artist:ortccabrjwekznquvrjmzu,Wwkth,spotify:album:nnftmqiheqfdxzrtoizgjo,Nnmagk,1999-01-14,219533,False,English,Alternative,Electronic,0.5403,0.9699,E,-13.58,Minor,0.079,0.6651,0.0556,0.4726,0.2076,155.762,4,91,3914029404,37275805,754881,155,49,27,96,199,193,18290061,53168996,16,True,GB,2021,431,10,Hip-Hop,Latin,EP,8,1,21,Sony,0322175934220,78,123,0.0967,0.1225,0.8513,3804764,15239188,62,2320519,823647,236413,86312,163111,56640,4210017.28,1402236.15,46117.44,150001.06,0.00772,0.617,0.191,0.094,154,76,2021-02-17,2018-03-04,95,46,139,45,False,False,True,True,False,False,True,True,True,False,True,False,False,True,False,False,True,True,False,False,True,True,True,True,True,True,True,True,False,False,4670339,343574,3682363,115595,2431335,3778807,1734256,986998,2618896,4407042,1831596,3324764,4660505,3886640,2597565,3857347,3956056,4163849,2146127,53499,0.459,0.2212,0.385,0.8596,0.982,0.3533,0.0125,0.6722,0.4493,0.9624,0.1392,0.8548,0.5496,0.1547,22050,1,-12.753,-7.1,3.812,-25.138,342.704,8.587,275.517,4506234,5003778815,582585,414258,137148,49974,3607,17939984,USLSF361027694,spotify:track:etxkzahjgegxfivhwocniw,False,False,0.0981,violence,E-Clean,active,61004,1830642,815369,1571524,492912,980801,1168806,1430696,185279,993713,1587842,1483778,39797,643678,1172541,1489651,1522192,1967059,472959,1655249,789084,529363,1312647,1991645,True,True,False,False,False,False,False,False,True,True,True,False,True,943,0,,,Fwfrimm,8,False,33,63,0.4762,0.3661,0.2096,0.7883,0.4251,0.2086,0.7756,0.0893,0.2568,0.5956,0.5848,0.2201,0.814,0.5554,0.9599,0.6524,0.7994,0.1792,0.7866,0.855,0.192,0.6078,0.013,0.8114,0.8495,0.115,0.8659
spotify:track:abfciziefzmebzpcwnkujv,Track Vvsavz,spotify:artist:roczmnxjpomglzpkbefehr,Bnkoz,spotify:album:xxqmrtjxlftmadirczrfvs,Wazlin,2021-09-16,260519,False,Spanish,Rock,Punk,0.343,0.605,D#,-1.16,Minor,0.9863,0.4788,0.83,0.9204,0.5912,176.099,4,52,1175991633,33298859,107181,44,98,52,39,126,102,66142777,88296523,54,False,AR,2010,414,28,Latin,Indie,compilation,21,2,13,Atlantic,8697388289867,16,65,0.0235,0.3645,0.4427,2846306,40299932,165,46641,586319,143074,356110,196093,68710,3055745.97,944495.97,113495.33,124748.69,0.00399,0.311,0.232,0.172,72,70,2010-09-24,2020-10-23,68,1,96,15,True,True,False,False,True,True,True,True,False,False,False,True,False,True,False,True,False,True,True,False,True,False,True,False,True,True,False,True,False,True,384949,1184071,3419291,3027986,4332928,1933246,4470817,3791278,4877353,3622882,1727847,1695262,2444032,3309877,3919821,2358311,3582281,2235378,3305914,3622902,0.7456,0.2476,0.8508,0.9516,0.9034,0.1966,0.7838,0.6193,0.2645,0.3357,0.1466,0.0537,0.9549,0.5756,22050,1,-56.798,-18.224,5.371,-30.646,130.781,8.042,216.526,2750607,4788822756,313555,271449,137557,38790,3780,63857650,USOMN408002846,spotify:track:hynfiyxrtrkemswmlmmqxo,True,True,0.5997,language,PG,active,1809203,458062,1195345,230240,267126,393432,1031765,968298,531740,763186,1254561,1351840,1233649,1092442,624103,1409646,214861,1467760,1544383,434323,1906786,1915487,521059,1044862,False,False,True,False,True,False,True,True,False,False,True,True,False,273,0,,,Mzntrhn,5,True,0,29,0.2543,0.8414,0.3513,0.2131,0.9297,0.3286,0.2847,0.6784,0.868,0.8776,0.6202,0.4792,0.5141,0.6143,0.1891,0.8669,0.5541,0.8192,0.2449,0.6632,0.39,0.986,0.2457,0.9482,0.428,0.7442,0.3256
spotify:track:qvyzxorxzpazzaqjasilqb,Track Tevqxp,spotify:artist:pqjfyvegwkgaglqdjuvurf,Edwqj,spotify:album:cziadcydbzwydxhwuagzxj,Nsfnlv,2013-10-29,237196,True,Swedish,Punk,Electronic,0.2709,0.7167,A#,-6.4,Major,0.5263,0.105,0.858,0.5358,0.486,180.339,4,97,593063888,18421065,1786772,34,151,91,26,130,88,24786437,48632981,46,False,SE,1970,173,29,Indie,Dance,album,8,1,17,Sony,5786825363875,36,150,0.7395,0.8848,0.8453,510848,34253774,146,1142782,686195,133854,151050,106750,93302,1452475.07,712019.41,166218.09,88723.94,0.00866,0.538,0.208,0.168,154,89,2014-09-20,2018-04-05,43,33,131,5,True,True,True,False,False,False,False,False,False,False,False,False,False,True,False,False,True,True,True,False,True,False,True,False,False,True,True,False,True,False,2776075,3055031,2384113,4592084,2604994,4774717,3490119,3874237,2224252,885189,3660594,3576663,1112093,1656565,4728153,2859836,3538092,4098497,984930,1292164,0.3299,0.5861,0.3435,0.0299,0.1688,0.4504,0.4468,0.6241,0.7912,0.3756,0.1239,0.1549,0.7758,0.153,22050,1,-19.228,-12.054,5.92,-56.235,187.926,3.678,216.976,1694148,1186721076,520551,475215,487005,41744,404,7500377,USIYI407363898,spotify:track:ylozfjzrswknoujaztcntb,True,True,0.4736,violence,18+,restricted,1172633,673311,1606331,332766,196062,1312287,1506168,1214429,957961,1222788,485519,467806,819921,1165991,804709,1860523,96942,1632499,1967400,1291976,1429522,508705,1825236,143795,False,True,False,True,True,True,False,False,True,True,True,True,False,861,1,Eehasr,,Tsylmbx,4,False,33,21,0.9436,0.9943,0.0628,0.5323,0.2113,0.2972,0.9526,0.4498,0.0993,0.7559,0.7729,0.4323,0.2485,0.882,0.8807,0.8044,0.7391,0.5437,0.299,0.6994,0.1856,0.1863,0.7659,0.435,0.4807,0.1489,0.8162
spotify:track:hwgqfremvkluicsmvhpekl,Track Cygvfu,spotify:artist:qicivkqfhyqupaoojtpkrv,Bxrnv,spotify:album:ouguqwdjmebmfsubksfkxs,Zzmgyu,1989-05-31,273123,False,Japanese,Soul,Reggae,0.6517,0.6661,F,-3.49,Minor,0.5024,0.5616,0.0021,0.8867,0.3373,178.962,4,50,1822566437,42892970,535813,155,68,55,107,58,43,62666203,4889339,47,False,FR,1992,493,14,Folk,Classical,EP,9,1,2,Universal,2064278120555,85,169,0.0217,0.3403,0.3741,1699225,15799603,57,2655823,921828,286958,167512,13018,71227,438044.62,789370.72,93768.48,37125.93,0.00267,0.525,0.36,0.121,109,52,2014-08-05,2014-03-06,63,43,152,45,True,False,True,True,True,True,True,False,True,True,False,True,True,False,True,True,True,False,False,False,False,False,False,True,False,True,False,True,True,False,3600512,802643,948451,2432124,1808322,2655246,4226182,1625213,375366,2618178,52337,4059918,4019274,3072582,1036015,1852416,336789,3591219,644334,90928,0.5953,0.1531,0.8894,0.1399,0.4015,0.5877,0.2875,0.8036,0.2012,0.4599,0.2825,0.447,0.9664,0.155,22050,2,-45.25,-7.808,13.304,-45.065,140.877,4.138,261.685,3339869,3676035700,184060,116215,105511,26326,708,55542271,USZIA282334986,spotify:track:kxtdscayxvxyobpiyuzcnw,False,True,0.8102,language,18+,inactive,1204498,1684983,481582,1594340,1460166,1927373,485168,35018,1320458,1814118,777152,571774,1110914,591137,1539468,1222139,1469816,670400,171758,1826352,1825840,877875,693836,992121,True,False,False,True,True,True,True,True,True,False,True,False,False,422,5,Niyica,Shwqbs,Oaibfhu,4,True,26,25,0.764,0.0065,0.482,0.7722,0.6999,0.1935,0.7006,0.0529,0.5776,0.5403,0.2818,0.4056,0.9909,0.2333,0.9291,0.033,0.6468,0.0959,0.4624,0.8285,0.7467,0.4408,0.1113,0.1839,0.7038,0.8738,0.1696
spotify:track:xvffxvtcqwjnlpjjcygroa,Track Szrsxp,spotify:artist:upogqmfxhmnsghksuhzjdt,Oyjam,spotify:album:yjjokwmwidyecreadyqjty,Dlwadz,1979-10-06,234296,True,Swedish,Hip-Hop,Dance,0.2783,0.5718,G#,-18.66,Minor,0.049,0.8724,0.9947,0.4996,0.4062,83.532,3,44,2250060522,31202036,1726644,126,127,13,22,72,172,79010893,62297606,17,False,FI,1976,452,4,R&B,Dance,EP,14,2,10,Republic,0423537698138,15,53,0.3684,0.2402,0.9275,9545123,49561732,169,3855099,835799,148011,383048,139105,87846,3049096.23,1055149.9,24353.95,71384.89,0.00482,0.599,0.364,0.158,107,81,2020-08-09,2014-03-30,47,35,31,36,True,True,False,False,False,False,False,False,False,True,False,False,False,True,True,False,False,False,True,True,False,True,True,True,True,True,False,False,False,True,1247418,3200452,4117988,938986,4843000,746977,4769739,3525133,4909584,4825093,1586697,1768476,3100101,2004671,315174,1785829,640065,2057857,4656625,4013027,0.5568,0.0396,0.6414,0.5304,0.5156,0.738,0.7829,0.3739,0.2354,0.8431,0.1779,0.6895,0.0533,0.5982,22050,2,-13.467,-0.878,7.607,-29.749,147.297,5.585,260.485,4942851,5140937846,782246,193142,64078,29626,1890,76582679,USZUD380653975,spotify:track:hsvjtqizsmmvchbdhhijns,True,False,0.495,none,E-Clean,restricted,331184,105201,1297929,569741,1081227,72644,1537365,1650915,394464,798039,1240516,1471843,1792316,782572,945201,1349836,738907,875991,391020,1849814,1283061,538091,413304,418313,True,False,False,False,True,False,False,True,False,False,True,False,False,821,0,,,Bsadmtm,10,True,22,35,0.8415,0.1503,0.9208,0.0014,0.8508,0.7997,0.5049,0.8773,0.615,0.6113,0.9381,0.6415,0.2141,0.1556,0.8475,0.6277,0.2454,0.4483,0.9532,0.2101,0.3067,0.5028,0.6342,0.1007,0.325,0.4995,0.8551
spotify:track:hjbczkvweeviikexyvigks,Track Eroavc,spotify:artist:lrfkxxuyvgrsbbuynzbpuc,Edgtc,spotify:album:exeqmkjbplrctxherljudi,Yubxsw,2009-07-07,150558,False,Swedish,R&B,Folk,0.727,0.5488,A,-18.81,Minor,0.1777,0.803,0.5926,0.1702,0.8144,180.79,3,83,1216079390,38281337,1222523,156,70,129,29,75,29,38151544,919028,96,True,AU,2006,356,23,Reggae,Dance,single,19,1,10,Warner,4198804816533,79,129,0.5135,0.5206,0.4032,4987782,36491057,18,4550505,154010,242929,97841,157249,16334,1236540.05,1156786.03,443457.63,65389.75,0.00646,0.341,0.225,0.193,178,81,2022-12-08,2012-10-10,41,13,39,47,True,True,True,True,True,True,False,True,True,True,False,False,True,True,False,True,False,True,True,True,False,False,True,False,False,True,True,True,True,True,2626764,2071122,2123475,1333167,2027875,4503812,3556030,3699471,330129,3759678,3976929,3228482,248620,2608326,1129237,1660130,4949635,4490111,4139721,3578632,0.7083,0.91,0.3024,0.9713,0.7008,0.8957,0.4992,0.8633,0.075,0.4488,0.338,0.7935,0.8428,0.0518,22050,1,-10.046,-6.021,26.474,-37.778,137.53,6.879,322.156,4135973,4916195136,837055,242195,421698,9015,2823,37112451,USEJX657656548,spotify:track:tysgosfrueyoxqzqulqnmz,True,False,0.1806,language,18+,restricted,1621670,1364068,484410,165828,1092751,1288062,1262663,770107,1213859,493385,148429,1720962,169121,1521415,894186,1429612,1213407,1243969,392348,1414449,169607,1364827,400910,668464,True,False,False,True,False,True,False,True,False,False,False,True,False,579,2,Rpukul,Nsktgy,Vxjpvot,5,True,10,47,0.5827,0.3366,0.1961,0.8461,0.1889,0.0346,0.3274,0.0673,0.2941,0.5818,0.2082,0.6888,0.1097,0.7477,0.9238,0.0995,0.5967,0.4979,0.3426,0.6725,0.9773,0.8067,0.4289,0.4019,0.3555,0.6054,0.9428
spotify:track:iabgwxdgksvumybswveqod,Track Cbunqs,spotify:artist:tjwrtwidvbetyltmvbhvfz,Cankz,spotify:album:bltupgvavnnashysrxdnhs,Acbnzb,2016-11-30,264219,False,Dutch,Soul,Classical,0.1837,0.0642,A,-7.87,Minor,0.8619,0.854,0.2096,0.1284,0.0206,86.279,5,85,2128481778,14297718,1518934,53,79,79,34,27,12,55212598,48483562,8,True,US,1997,432,13,Pop,Hip-Hop,album,21,2,4,Independent,1337517796129,54,178,0.4643,0.6569,0.4891,1287737,47699159,133,4691767,986650,290621,260475,187515,72577,4531124.63,2469523.03,245553.26,95224.2,0.00494,0.448,0.119,0.125,119,84,2011-09-19,2012-11-21,28,39,138,6,True,False,True,True,False,False,True,True,False,False,True,False,False,False,False,True,False,True,False,True,True,False,False,False,True,True,True,False,False,False,4278179,2780417,1616533,4770835,889553,4524253,2728724,2000062,3282442,1176159,276557,3034135,2339814,2564116,1604014,1975838,4894997,1532600,3758585,680737,0.6743,0.3162,0.0311,0.4106,0.5166,0.8474,0.8964,0.0084,0.9771,0.7389,0.9635,0.0747,0.3551,0.4586,22050,2,-48.845,-6.264,10.391,-19.054,203.578,3.366,232.857,2681087,5441637953,982484,398102,445340,2360,3687,69276290,USSRL999858917,spotify:track:szutaburahtqmzzuhclrna,False,True,0.9426,none,18+,restricted,857430,1013921,171586,1094328,877529,539203,1994467,573406,312339,908913,264415,1613949,613090,630443,1727477,1986457,1043469,124348,1458997,542661,1180593,1150526,869118,985701,True,True,True,True,False,False,True,True,True,True,False,False,True,709,2,Rftmdv,Ruopmx,Pvbfugy,9,True,29,56,0.6243,0.8784,0.5002,0.5899,0.1427,0.4039,0.5736,0.2836,0.0223,0.8551,0.1212,0.9291,0.6801,0.0592,0.5117,0.7678,0.2884,0.1359,0.0837,0.2643,0.3573,0.379,0.3716,0.5101,0.1247,0.4637,0.5947
spotify:track:xmahxlfvjjrhzuuijiwrfb,Track Icbpxa,spotify:artist:djmgkpbaweziewulzgtvor,Ildkz,spotify:album:itophduchviluwnensqbcw,Pwiaud,1991-02-28,265531,False,Swedish,Country,Folk,0.5112,0.6937,A#,-5.26,Minor,0.8759,0.1714,0.5179,0.3361,0.9261,129.417,3,63,2183907124,39320207,1439009,162,116,55,93,67,76,17651951,48068198,23,False,DK,2023,251,16,Latin,Metal,EP,19,2,9,Independent,0480058935174,46,54,0.4968,0.5937,0.7852,9436714,23597908,166,2434822,684955,199145,10851,152780,13195,698653.81,66466.82,423221.97,4871.46,0.00241,0.444,0.343,0.103,51,77,2019-10-05,2010-12-23,12,49,112,4,True,True,False,False,True,False,True,False,True,False,True,False,False,True,True,False,True,True,True,False,True,True,False,True,False,False,True,False,False,True,2036734,3585121,761730,4189065,4962116,2219586,4780741,3474053,2202541,2819606,2569382,2972454,2969895,3828718,4253644,972865,1453751,3763342,1619384,915990,0.493,0.8741,0.6811,0.8632,0.801,0.4394,0.1065,0.2286,0.85,0.9318,0.2799,0.0237,0.2133,0.965,22050,2,-8.25,-1.715,14.274,-53.858,218.077,8.157,306.574,2321739,4202599881,291677,381891,483926,25522,2755,89091046,USJCO395993978,spotify:track:npauhqpeynsduxmueqigxf,False,True,0.7314,language,PG,inactive,1274882,877093,1614254,1564856,1213135,392391,167377,1729881,722914,251015,86118,24997,289309,795566,2967,1027011,924891,1586684,346311,142002,539932,406239,1874924,1317078,False,False,False,False,True,False,True,False,False,False,True,True,True,364,1,Aofofr,,Ojmfglv,4,True,8,78,0.4763,0.1928,0.9465,0.9413,0.7421,0.5172,0.0517,0.9787,0.1599,0.6903,0.6698,0.9977,0.6065,0.8295,0.6967,0.5255,0.412,0.7162,0.0003,0.0588,0.1507,0.0275,0.6552,0.4776,0.8714,0.9438,0.1212
spotify:track:pthepqikagbiquqsycjuae,Track Aynbla,spotify:artist:pymaytdfalqlqnuirizpoc,Ihvlx,spotify:album:kqrdeliodtdizfotibygkc,Wgfhww,1985-09-15,147949,False,Korean,Soul,Latin,0.9687,0.4416,A#,-8.81,Minor,0.5636,0.7358,0.8649,0.6965,0.8359,110.386,5,57,4618707138,5774754,114607,102,166,112,118,165,39,57552416,38883460,11,False,AR,1990,335,19,Soul,Alternative,EP,7,2,16,Universal,0158173651899,56,140,0.0146,0.4404,0.2927,8094551,42162229,150,1685322,407873,180648,35794,133421,58596,1866412.19,2359115.22,89217.12,86421.9,0.00728,0.536,0.327,0.175,199,99,2014-12-12,2024-12-27,93,11,121,14,False,False,True,True,False,False,False,True,True,True,True,True,True,False,False,False,True,False,True,True,False,True,False,False,False,True,True,True,False,False,4510491,1785577,3416381,387366,1724189,258588,1696047,2253748,613834,2062673,3402942,2838518,1585850,1048658,4935075,4325021,2711007,3637996,4497179,2239486,0.6165,0.6797,0.998,0.4438,0.7201,0.4412,0.9653,0.7364,0.8013,0.4262,0.0249,0.2724,0.3773,0.8316,22050,1,-45.149,-11.097,29.786,-12.964,295.981,0.793,330.153,4095325,8554857519,935054,498105,148746,12908,3174,75137680,USLRQ582941034,spotify:track:mhaizvlddtshhmjgbctnmk,False,True,0.0822,language,E-Clean,inactive,1496857,458862,1208466,1823513,1227318,1750069,1679828,1099228,1881257,1763282,1713767,1925827,333898,257263,658596,1181088,1647271,49934,29986,966841,1465230,1724280,257789,443803,True,True,False,False,False,False,False,False,False,True,False,False,True,751,3,Qjaiov,Oxkvil,Kxvytkj,8,False,24,51,0.8613,0.4807,0.394,0.5621,0.1257,0.5001,0.7374,0.342,0.6408,0.5861,0.3109,0.8805,0.9266,0.0706,0.3638,0.2875,0.6232,0.5194,0.5292,0.5933,0.5013,0.9961,0.468,0.2991,0.2759,0.1666,0.4311
spotify:track:roskppnugnuhbudkyfaewg,Track Bcszvg,spotify:artist:vxccwgajninidhdkihklgl,Yfblo,spotify:album:oqlyrizyxlwrfvsostlgmn,Dykbdp,2012-04-25,149056,False,French,Latin,Blues,0.9343,0.3065,G,-11.58,Major,0.5919,0.3933,0.8853,0.9359,0.284,120.426,5,14,2533407752,12834352,910488,124,145,187,156,13,24,527751,17599115,83,False,DE,1967,348,26,Ambient,Indie,single,1,1,18,Def Jam,1918300237139,34,107,0.6886,0.1505,0.0939,5646903,28522804,104,1820883,662877,123638,315425,55610,88881,1764100.24,1565795.2,143974.43,146358.64,0.00445,0.429,0.302,0.064,71,1,2015-04-10,2011-03-16,83,32,81,21,False,True,False,True,True,True,False,False,True,False,True,False,False,False,True,True,True,True,True,False,True,True,False,False,True,False,True,True,True,True,3926349,4061902,806922,4674654,1458697,1976436,2756038,2026068,1083964,4101720,3982199,1850625,4106381,3658818,2974591,2878530,2158012,3698000,3337298,544182,0.4376,0.4438,0.4758,0.2252,0.3205,0.5574,0.1067,0.4682,0.0973,0.9091,0.4063,0.1058,0.8913,0.2471,22050,1,-12.082,-8.458,26.099,-23.567,163.016,7.078,324.84,578596,1484966749,979094,336419,51496,13611,2086,29874642,USQOL706796312,spotify:track:lesvbdwwfxrczjgsjmxyuc,True,False,0.9404,language,E-Clean,active,1747416,1942254,1481004,821236,1795948,1370372,1513398,1411330,681999,1254180,186316,96171,8085,1503954,579036,1749360,527284,397598,826013,526774,1838263,452126,822704,560035,False,False,True,True,False,True,False,True,True,True,True,False,True,169,3,Knimbq,Xxximb,Xetfapx,7,True,40,17,0.3421,0.7309,0.4241,0.9573,0.9318,0.8847,0.2837,0.3697,0.4132,0.4794,0.5527,0.3091,0.4625,0.0278,0.2893,0.8034,0.6377,0.2202,0.7117,0.82,0.3537,0.789,0.7607,0.4131,0.8639,0.285,0.8223
spotify:track:bhkfdifztvncszkrjvjpik,Track Byxxff,spotify:artist:tdokhgdaezdcgjxqvfqfkb,Bdlfe,spotify:album:wbcuepdaujtizedpjczryo,Xoaurr,1989-06-18,171940,True,Dutch,Soul,Alternative,0.9338,0.6592,A#,-14.12,Minor,0.4029,0.687,0.024,0.9509,0.4383,81.816,5,51,1684194929,40773578,647297,177,144,57,111,176,2,75843079,85065857,39,True,FI,2012,259,6,Folk,Pop,EP,11,1,11,Republic,1413718737129,91,106,0.9218,0.82,0.6057,2779093,31781189,14,2268966,490235,92712,100892,176153,89120,1204892.72,1914118.79,437619.29,195628.2,0.00475,0.342,0.206,0.191,77,76,2018-08-31,2011-12-14,70,4,97,33,False,True,False,False,True,False,False,False,True,True,False,True,False,False,False,True,True,False,False,True,True,True,True,True,True,True,False,True,False,False,3530161,4912511,571406,1134307,1707006,4143633,4142586,2077877,4622411,19784,763857,1323323,1341698,233228,644067,3234276,1804064,803630,4204154,3079152,0.1804,0.0059,0.1533,0.5799,0.3638,0.2162,0.9282,0.2424,0.826,0.6372,0.6857,0.6789,0.2911,0.0049,22050,1,-55.227,-10.299,5.508,-52.668,262.753,4.264,228.095,942853,9375623547,364572,316877,9525,16048,800,88997981,USUMI836066667,spotify:track:cmwvwvehigzunucxishqcz,True,False,0.0108,sexual,E-Clean,inactive,1900257,69580,1769505,533757,111628,97700,1307038,497896,1377385,1536742,1507838,1089836,20280,1805747,1823620,1143610,1956835,1524818,423845,593561,1315122,1496100,1190975,1345349,True,True,True,True,True,False,True,True,False,True,True,False,True,559,1,Dtjsjj,,Rbefcmj,5,True,33,95,0.2151,0.8905,0.4941,0.0266,0.7493,0.0834,0.4459,0.1108,0.8032,0.9872,0.4683,0.8293,0.537,0.7369,0.9531,0.0071,0.3199,0.3331,0.5072,0.8747,0.754,0.4323,0.2339,0.0157,0.1711,0.6148,0.2989
spotify:track:muyfwhrjfphbraiinnehyl,Track Gmglmt,spotify:artist:oszqkrvinisameeqzgsood,Rxdjc,spotify:album:evglfjaxpjebibmshyuslr,Hjvlln,1996-05-19,171181,True,French,Latin,Rock,0.4478,0.6602,C,-13.84,Minor,0.543,0.0802,0.2465,0.9827,0.5212,140.857,3,12,3903205643,46889530,853377,128,178,103,119,113,107,9560882,78447428,43,True,MX,2011,378,1,R&B,Funk,album,19,1,4,Def Jam,4394970865299,39,116,0.5048,0.1622,0.4604,2281447,21649004,48,1247960,62200,185237,333505,154155,84453,3448633.41,1596369.44,262067.2,111125.76,0.00805,0.444,0.251,0.076,118,21,2023-11-23,2023-08-19,25,14,161,47,False,False,True,True,False,True,True,False,False,True,False,False,False,False,False,True,False,True,True,False,False,False,True,True,True,False,False,False,True,True,3970505,2088162,2797519,1893708,1968590,2615046,24939,3275156,1325715,474131,875439,3447813,3557833,1631011,2062282,2266347,495772,978874,2196164,1117300,0.0919,0.3984,0.1962,0.8822,0.9849,0.1771,0.8737,0.2118,0.1713,0.8687,0.5566,0.1819,0.2171,0.3644,22050,1,-43.001,-14.673,10.892,-17.004,297.647,8.84,341.494,1706123,632640842,81260,55182,244941,22251,2172,77291103,USGZI922705716,spotify:track:hgcjeczktqegkepnlgsiqq,False,False,0.7647,drug,E,takedown,503034,1791108,4404,128251,974583,662877,1697688,250042,547546,772976,1979438,1365066,157903,1671299,1109461,461879,1796487,582922,1006857,1852714,1192935,372081,1923930,1441507,True,True,False,False,True,False,False,True,True,True,True,True,False,414,2,Xgmqvj,Efbvbg,Kltpcav,10,False,15,95,0.4459,0.3095,0.1024,0.8121,0.799,0.7958,0.5189,0.4911,0.9558,0.6288,0.3858,0.009,0.0775,0.7727,0.4378,0.35,0.009,0.1075,0.1647,0.0022,0.7271,0.191,0.4153,0.0016,0.2543,0.0527,0.9104
spotify:track:movouznfdybkctqhjwqtqv,Track Tlweyq,spotify:artist:hhhgamvesnlsjjnyipwhzr,Sftmt,spotify:album:npaimmvqwflaiqbppsniuv,Fbgzla,1971-12-19,259130,False,Dutch,Blues,Ambient,0.6327,0.3831,B,-19.7,Minor,0.2115,0.3073,0.468,0.9172,0.0171,128.064,3,21,373974836,5946522,1049533,75,34,100,43,170,36,50962074,41716067,83,False,FR,1962,449,26,Electronic,Latin,EP,19,2,2,Columbia,9624212277938,92,107,0.9211,0.9265,0.7734,5414742,30786016,57,4075527,918010,132124,293669,196472,95256,1763163.68,2761458.45,77354.86,15209.71,0.00253,0.432,0.345,0.133,75,53,2020-04-09,2023-04-17,82,4,22,43,False,False,True,True,False,True,False,False,False,True,True,False,False,False,True,True,True,True,False,False,True,False,True,True,False,True,False,True,True,False,1203783,3480019,4733120,2683338,3940846,2685726,1857037,4558015,2858071,580413,1692119,4043932,3146701,2077503,2799357,1350775,2385050,3499983,589912,2619702,0.1308,0.4344,0.1676,0.2711,0.5111,0.1407,0.3979,0.2461,0.2635,0.4076,0.0689,0.5988,0.5256,0.1889,22050,1,-28.723,-6.986,27.058,-0.204,334.344,1.886,232.777,4257963,4471348077,107384,373239,321373,4322,3940,11412383,USUUB412882532,spotify:track:nhkulrrqxcmobexagkssky,False,False,0.2402,sexual,18+,restricted,791622,652532,748852,731054,626618,693788,1294949,1857290,121996,436264,524695,1886418,1057518,232420,1286352,693787,1690142,1805369,1459218,524536,423713,751258,1617990,1549960,True,True,True,True,False,True,False,False,True,True,True,True,True,707,1,Eycjtb,,Zniumdg,7,True,50,54,0.0142,0.44,0.7173,0.3198,0.9991,0.7464,0.297,0.815,0.4775,0.1572,0.9325,0.9045,0.4201,0.2856,0.9841,0.7348,0.255,0.1358,0.6973,0.8353,0.5789,0.2492,0.1743,0.2819,0.4368,0.3272,0.478
spotify:track:eeafuynfmcjegzoxpxsyhp,Track Yjsqbs,spotify:artist:pivrhhgigpabjhewwnmjgx,Unmmr,spotify:album:tdrjytqtldqibdnauibmsv,Mhwbgk,1979-11-17,293964,False,English,Funk,Dance,0.6181,0.8019,B,-18.24,Minor,0.3501,0.3236,0.1775,0.3453,0.6476,160.458,4,16,3240309646,32876185,1441401,129,87,24,91,175,14,56762343,52515232,66,True,IT,2005,381,15,R&B,Indie,EP,14,2,3,Republic,4989547340531,52,30,0.8636,0.0718,0.2071,5607301,27872063,48,1571736,138096,136733,475161,97373,9783,2553848.01,1119609.69,303495.74,13475.2,0.00216,0.68,0.292,0.114,146,57,2016-12-30,2022-07-08,98,45,100,38,False,False,False,False,True,True,False,True,True,False,True,False,True,False,True,False,True,True,False,True,False,False,True,True,True,True,True,False,False,False,4919164,83730,927748,4092445,3275358,1709594,905291,758974,4787110,4214516,3567232,2044446,3914887,142432,4397018,3043561,2901607,1897689,3257351,37169,0.4201,0.1499,0.1926,0.4132,0.3483,0.4704,0.6412,0.3528,0.4548,0.3916,0.7314,0.1662,0.608,0.3094,22050,1,-59.888,-14.041,0.252,-1.539,128.48,8.551,223.902,1704895,79311635,788945,66826,161762,34325,1426,95220542,USLWZ367362341,spotify:track:ntagzavwrsirkdbixzwscy,True,False,0.4844,drug,E,inactive,1337034,820630,888980,807273,824692,479273,822676,1365102,1510037,1968203,1293264,636943,1006971,367393,1063504,154429,1363241,516451,332116,868526,1995769,1780586,684445,1219520,False,False,True,True,True,False,True,True,False,True,True,False,False,223,2,Qftreg,Ivlrkv,Pivvtbk,8,True,29,8,0.1258,0.8581,0.398,0.1518,0.8492,0.6226,0.7955,0.6036,0.5005,0.16,0.7232,0.9562,0.238,0.5028,0.1692,0.004,0.713,0.328,0.2765,0.4668,0.4967,0.2682,0.0893,0.4,0.0849,0.8571,0.4405
spotify:track:vdxedytcoigyrawdhwphrt,Track Gwlvzw,spotify:artist:bwxnlqatwaxwspstndfszu,Jypeu,spotify:album:yphelkcurksmbydrawfqfy,Cbaxqk,2002-10-08,232357,True,Italian,Jazz,Pop,0.1993,0.4438,E,-4.51,Major,0.9869,0.3753,0.4205,0.001,0.6406,141.103,3,44,3681283312,32909587,1689416,74,50,151,105,126,123,4560011,42634826,33,False,NO,1985,308,8,Hip-Hop,Reggae,EP,24,1,19,Columbia,2455726755501,27,25,0.1366,0.5898,0.1761,7039269,8575163,80,2282724,519399,266543,469020,12767,89970,163423.35,983371.28,25874.42,2825.86,0.00182,0.418,0.137,0.097,120,98,2010-04-17,2010-12-01,4,5,149,43,True,True,False,True,False,False,False,False,True,False,False,False,True,False,True,True,False,True,True,True,False,False,False,True,True,True,True,True,True,False,2464514,1055728,4542968,2123316,1469209,3006996,568445,868762,726340,4889925,351059,1646842,2964305,2518525,120800,4847134,2464630,1392946,4843688,2371351,0.0631,0.1814,0.5647,0.6214,0.7383,0.5896,0.7287,0.2283,0.7716,0.2469,0.5422,0.4477,0.4187,0.4683,22050,2,-57.824,-7.345,24.942,-9.507,245.661,9.379,334.441,595873,3840747561,819042,497542,435918,20299,136,86928218,USFPZ802426155,spotify:track:ketrqwvsetgeadyoodfwcm,False,True,0.3411,sexual,PG,restricted,1034510,149895,1243434,286460,1477119,1640465,1832604,1704553,1394381,1171642,1159036,1272499,282641,1600628,69980,1834110,477456,123890,1933295,327334,1112887,930948,670228,1685747,False,False,True,False,True,True,True,True,False,True,False,False,False,542,3,Cwetmy,Jiwbyh,Vmgjsif,6,True,22,56,0.7192,0.9726,0.2972,0.8109,0.8236,0.5318,0.9831,0.3231,0.7203,0.6547,0.9481,0.5734,0.0485,0.1125,0.5206,0.9483,0.7619,0.103,0.1122,0.7358,0.4763,0.2497,0.2322,0.8646,0.0746,0.4599,0.2868
spotify:track:kzqbkwzapftzwflsemnlgq,Track Txjrwu,spotify:artist:pgqxduliiwimnydfovfehr,Wdccn,spotify:album:rusrxjyygkuyzqarizmtts,Kczedp,1976-01-17,309767,False,Spanish,Jazz,Country,0.1395,0.7537,C,-2.66,Minor,0.1854,0.2407,0.5798,0.8675,0.0948,130.252,5,43,1580793732,4323934,1768654,139,157,43,82,138,136,32083935,11481742,33,True,GB,1989,178,13,Country,Pop,single,6,1,14,Def Jam,1680957931857,83,36,0.0924,0.1478,0.7391,6151970,4005229,134,3504980,181004,283060,213795,140573,41121,1929734.71,2881248.8,105163.52,87650.79,0.00145,0.572,0.347,0.191,45,26,2010-06-16,2022-12-07,22,24,140,29,True,False,False,False,True,False,True,True,False,True,True,True,False,False,True,True,False,True,False,True,True,True,True,False,False,True,False,False,False,True,757532,3633166,2009426,2131772,1867049,289989,1918793,797062,512234,821423,3256366,3456514,1970219,3148625,3619959,1500920,1205252,4396985,2299498,3043664,0.8371,0.306,0.2901,0.0027,0.6357,0.4537,0.9138,0.8535,0.3784,0.1628,0.5749,0.076,0.8375,0.6339,22050,2,-28.377,-18.404,11.479,-1.054,219.497,0.438,298.974,504442,4321283640,439184,309926,9220,41755,851,59350751,USGRF916978130,spotify:track:akmoimywdbjwxhxuojtwab,True,True,0.687,language,18+,active,354273,511459,1386685,1381561,53549,725733,1339438,1950627,1570827,63819,1762726,892648,909579,932197,197731,529701,1134324,712650,490702,1950543,466354,1377950,417753,1627816,True,False,True,False,False,False,False,False,True,True,True,False,True,160,0,,,Veyxbue,9,False,8,14,0.8447,0.8729,0.5475,0.1202,0.8153,0.4171,0.4301,0.3342,0.0455,0.3276,0.057,0.7367,0.9869,0.1359,0.7498,0.6001,0.2317,0.6008,0.2386,0.2471,0.9642,0.7504,0.3654,0.7419,0.1684,0.2506,0.3974
spotify:track:dzonhbxyzvmkgppetttafa,Track Kgcorv,spotify:artist:pbiazthrwriaioxmebbggo,Gcbdy,spotify:album:wafgkrnhykrmfhhjjadkst,Wugdoo,1977-04-23,234388,True,Dutch,Electronic,Folk,0.8402,0.1328,G#,-6.43,Minor,0.0047,0.2159,0.2471,0.365,0.4022,79.143,5,61,4184473726,25063480,277760,177,111,108,144,75,144,6889018,29130062,85,True,SE,1985,205,16,Punk,Hip-Hop,compilation,11,1,9,Sony,2232685722692,46,35,0.7405,0.8825,0.3971,8756341,43853186,137,2900159,197348,94812,314618,146500,61340,4398332.06,870874.74,432538.13,18598.43,0.00329,0.624,0.247,0.158,117,42,2016-02-09,2020-12-23,26,44,168,29,False,True,False,True,False,False,True,False,False,False,False,False,False,True,False,True,True,True,False,True,False,False,True,False,True,True,True,False,True,False,2632105,3601351,2331309,1800002,265893,3974528,1355155,873039,4218294,4246731,3827851,3807784,573398,3559649,4833292,4934125,846139,3248115,2686658,4247157,0.4626,0.2316,0.2472,0.7632,0.1187,0.2637,0.859,0.4397,0.5559,0.7139,0.4493,0.9129,0.9409,0.385,22050,2,-18.346,-9.016,2.0,-1.872,321.844,5.868,217.65,4114981,6480638276,956087,340013,86300,16924,4730,90431923,USPQK915066533,spotify:track:mfshlkdiozavlqgoxctabt,True,False,0.3696,none,E-Clean,inactive,1623668,1806595,258027,106778,1523758,886694,655042,1626345,84620,932253,1612145,1273531,1019776,333251,1225391,862189,1099022,1553117,338330,370073,1537163,1178213,1055501,1387733,False,False,True,False,True,False,False,False,True,False,True,False,True,831,3,Kvihtj,Xlozrs,Ymbbsep,3,False,41,91,0.5901,0.7961,0.6932,0.4956,0.1204,0.3238,0.7147,0.002,0.6352,0.4755,0.9284,0.7006,0.2572,0.963,0.1578,0.377,0.7933,0.0467,0.1209,0.9004,0.409,0.3968,0.4942,0.3521,0.4803,0.9997,0.4378
spotify:track:zwosrcltikuhzlopahnqms,Track Mdwwld,spotify:artist:jgbqzoiikxdkvjmxeqrlas,Cssav,spotify:album:kbgswmcdurvsjlzhagqhqq,Rkoffe,2004-11-27,315405,False,Spanish,Soul,Alternative,0.6655,0.3657,C#,-15.2,Major,0.9536,0.4531,0.1868,0.2236,0.7758,122.101,6,37,1532866713,24984441,279824,105,29,81,31,8,113,1495439,46679322,85,False,DK,1961,187,6,Ambient,Folk,album,18,2,18,Def Jam,8207365865693,50,153,0.1505,0.3992,0.3136,418686,2348261,98,1569393,350985,181318,32982,95998,11454,2412894.73,2284105.04,293689.5,151057.92,0.00725,0.445,0.36,0.08,134,32,2023-03-10,2017-07-03,28,5,45,30,True,False,False,False,True,True,False,False,True,True,True,False,False,True,False,False,False,True,False,True,False,False,True,True,True,True,False,False,True,True,20225,899351,2263008,4429398,907148,1407807,4889374,3713875,606510,4683947,4489952,2285640,365409,4660345,2106130,2065766,3753375,2533701,4645638,1001481,0.8095,0.8942,0.5153,0.4875,0.926,0.2497,0.7278,0.5212,0.0181,0.515,0.8064,0.608,0.0119,0.8528,22050,1,-27.21,-14.645,5.778,-43.043,321.445,3.399,205.0,942090,3836197625,355575,197475,497482,46543,1813,45805059,USYNV658501120,spotify:track:kkhadqeyhllkgndrsowkel,False,False,0.5848,violence,E,inactive,815357,9436,1807702,1213674,311711,1022,513155,469954,165748,1518324,1768798,544665,1562560,907512,774780,875043,1440425,742290,1039005,1500373,1890596,1828093,251623,1591764,False,False,False,False,True,True,True,False,False,True,False,True,False,297,5,Chbkws,Oiuddf,Mdhszxk,2,True,26,12,0.8926,0.6695,0.5685,0.8147,0.9324,0.363,0.2513,0.5441,0.1186,0.7459,0.6878,0.8552,0.2001,0.2454,0.8845,0.0361,0.2192,0.2713,0.8156,0.2793,0.1408,0.6391,0.515,0.3529,0.5457,0.5099,0.5895
spotify:track:apjperpvylegoceixdftsz,Track Zqmoty,spotify:artist:ezywdnclczkojxdkthlurh,Zvhgb,spotify:album:tegsvlrlmoblqygmqtscrb,Afgtwe,1961-08-07,327711,True,Dutch,Soul,Funk,0.7116,0.7858,F,-7.11,Major,0.8665,0.747,0.2825,0.1333,0.2117,91.637,4,17,1132488077,24165288,1856231,196,127,123,116,198,47,61202673,61229485,32,False,NO,2003,25,6,R&B,Punk,EP,6,1,4,Atlantic,5407128755528,2,171,0.2854,0.3312,0.6881,9862428,37610884,63,3091254,695611,263700,415024,155728,40773,2235425.04,1424438.1,440230.01,115245.66,0.00957,0.632,0.305,0.077,88,30,2012-12-07,2024-06-21,82,4,39,21,False,False,True,False,False,False,False,False,False,True,False,True,False,True,True,False,False,False,True,True,True,False,False,True,True,False,True,True,False,False,1793183,4146734,4088739,4789453,3544353,1154602,3364069,1650056,4237770,4894022,3179893,2961843,2449974,4720477,4139481,3898743,4783119,720536,4015549,4646913,0.627,0.1537,0.8651,0.1351,0.044,0.7181,0.1233,0.789,0.0974,0.2555,0.5046,0.4078,0.4162,0.0577,22050,1,-40.816,-13.564,9.701,-39.588,180.806,5.827,313.213,358567,6002382182,102922,331594,365578,43954,114,89093739,USNAG555411188,spotify:track:hzrylsdhnwyilpeiefxfyi,False,False,0.3731,sexual,PG,restricted,931717,446013,525736,1894148,1514531,1650492,1721301,272799,813700,1675972,1746878,1612793,702139,1115752,1791402,1011050,676689,100848,433726,1395897,145959,19031,628215,1486585,False,True,False,True,False,False,True,True,True,False,True,True,False,862,2,Zksktv,Hdvxcd,Yhfknvu,1,True,9,44,0.7572,0.3869,0.9889,0.9172,0.3717,0.1444,0.3624,0.532,0.7276,0.8895,0.4896,0.3202,0.0105,0.9696,0.7593,0.7461,0.6612,0.1759,0.6886,0.6525,0.2975,0.4613,0.386,0.9473,0.4152,0.6784,0.9396
spotify:track:ejgsufkycoezlkhfwaiqvk,Track Zfaqfd,spotify:artist:yubrkbnwzvwbhxcfrtxfys,Tzqpj,spotify:album:exxtppolmbjnpumzsxjtyi,Sevmbd,1982-03-09,176856,True,German,Electronic,Reggae,0.5093,0.195,E,-11.59,Major,0.0643,0.4346,0.545,0.5357,0.0757,129.961,3,88,4876539513,40771025,141444,135,69,45,180,161,166,50253469,8473402,92,False,SE,1970,243,14,Folk,Indie,single,5,1,23,Columbia,3155688171177,77,58,0.7974,0.3568,0.1437,7362307,35376792,156,4176293,108915,196379,380737,50826,45973,4014171.22,1795900.46,204970.36,96884.86,0.00241,0.51,0.193,0.161,69,52,2016-03-19,2018-01-27,42,3,117,44,True,True,True,True,True,False,True,True,False,False,False,False,False,True,False,True,True,False,True,True,True,False,False,False,False,False,False,False,True,True,3745821,4457627,4597404,3579994,3161899,1626227,3222040,2480320,3260333,2772386,2032030,1839269,1962685,2519506,3726335,3713517,2319468,4815694,3426107,1919907,0.1986,0.4795,0.8942,0.1479,0.7932,0.9314,0.4304,0.8925,0.502,0.6161,0.0743,0.0005,0.2186,0.2902,22050,2,-45.308,-0.261,1.508,-2.182,147.673,2.898,247.924,32756,5379440000,136906,394028,218475,1731,3917,86113520,USOEB559429357,spotify:track:yppctmskjpqnnunprxwlgu,False,False,0.2639,drug,PG,active,1926903,912556,509939,1770531,1183815,671367,379774,710824,1004309,526331,1001330,999776,1013705,582311,497031,919786,1342617,330953,166427,296963,466113,1064491,574965,1080480,False,False,False,False,True,True,False,False,False,False,True,True,True,833,4,Buxiah,Tljohi,Oohyhdr,8,True,8,24,0.6101,0.247,0.8833,0.0553,0.979,0.4064,0.2367,0.3719,0.7914,0.8768,0.3684,0.9449,0.3138,0.9068,0.5853,0.5417,0.5703,0.9975,0.1564,0.1859,0.7039,0.5944,0.9162,0.5253,0.5601,0.7639,0.3252
spotify:track:mqouuzmygpmfqnglkamomv,Track Yzutrh,spotify:artist:zrldkyxsztralgeykdnika,Qrtld,spotify:album:lipvyylhqospworzrhmstr,Ujtiqd,2006-10-16,176865,False,English,Soul,Pop,0.3492,0.7975,C,-11.83,Minor,0.4484,0.0648,0.1285,0.1068,0.3881,93.926,6,100,4415629377,12292244,1014083,134,86,58,116,146,143,20884228,14984945,36,True,JP,1970,115,16,R&B,Funk,single,1,2,23,Independent,5855056594951,56,42,0.199,0.3947,0.336,6941798,3082168,102,3982939,504101,194717,489702,91723,73940,1778696.62,2353996.84,367506.59,150680.8,0.00394,0.34,0.101,0.192,194,81,2019-11-30,2020-10-18,85,9,91,1,False,True,True,False,True,True,False,False,False,True,True,False,False,False,False,False,True,True,True,True,False,True,True,False,True,False,True,False,False,True,980986,3406339,3179073,115572,4387216,997259,3591349,961171,721340,2879611,3076304,3207859,3663521,749375,1937414,2386833,139636,2310999,3694767,2988809,0.045,0.0414,0.8293,0.3357,0.3009,0.949,0.5537,0.1378,0.6262,0.0231,0.8741,0.5707,0.6818,0.9269,22050,2,-41.39,-4.207,18.714,-40.078,275.79,7.391,327.845,4246390,4060606580,965019,355334,118103,42953,3225,28342186,USOKM313357452,spotify:track:juuwrgqwpvksrabajpyohz,False,False,0.632,violence,E,takedown,21486,1441634,1206603,789535,229616,1549250,917567,106807,1184112,1215403,1052690,1982272,939140,441988,154174,1043996,1729384,29174,1997344,1237290,1050851,242653,1861306,834666,False,True,True,True,True,False,False,True,True,True,False,True,True,390,2,Iykdlc,Wfclpl,Ewuypyu,10,False,31,35,0.3639,0.5554,0.6309,0.6476,0.6169,0.4514,0.4662,0.2315,0.2205,0.7584,0.774,0.094,0.4243,0.8938,0.1725,0.9378,0.827,0.2651,0.9082,0.2525,0.0876,0.4174,0.0369,0.2649,0.7661,0.37,0.4301
spotify:track:hirtdxkpsjcrowvyvognvd,Track Pvvlpy,spotify:artist:tiemksmrdlvxaeseeejkod,Ysvfg,spotify:album:drivojywquwijxnbxqneae,Bkfarr,1979-01-04,248113,True,German,Electronic,Blues,0.4699,0.4513,D#,-16.91,Minor,0.1254,0.4472,0.721,0.439,0.4344,146.017,3,74,4164106811,42961261,1481491,118,193,76,150,176,39,77200068,38860892,34,True,DE,1985,214,16,Folk,Funk,single,24,2,14,Atlantic,7689344457001,91,183,0.777,0.8743,0.4837,248534,22920590,62,2536774,43233,108722,290758,178412,69993,1108118.69,599156.77,327092.57,159097.77,0.00698,0.655,0.129,0.052,102,51,2016-04-09,2022-02-15,2,11,64,28,True,True,True,True,False,True,True,True,False,False,True,False,True,False,False,True,False,True,False,True,True,False,False,True,False,True,True,False,False,True,2430211,3331771,317705,1184039,3442667,1464560,1204197,2608347,4147804,4632145,1105849,1213054,2826044,878836,4615934,1228233,3575741,832983,2052811,2829903,0.0431,0.4158,0.0651,0.5294,0.0332,0.3231,0.4801,0.6135,0.5819,0.9232,0.0177,0.1359,0.6151,0.5235,22050,1,-26.14,-7.764,19.277,-48.964,349.444,5.31,262.76,3138758,2290930907,439088,289587,48728,49990,3205,74779822,USYRE470941590,spotify:track:hfaqpyabvtkkbaeqhhvxln,True,True,0.231,sexual,E-Clean,active,1865957,692426,1969823,365138,320185,1250016,1645572,1732623,434557,362641,283501,1205646,951087,1406394,1423969,366275,1616599,687810,536707,77956,235161,622256,1242895,1406699,True,False,False,False,False,True,True,False,False,False,False,False,True,58,3,Vvothl,Kzvgvj,Qjavigm,1,True,47,63,0.7477,0.9693,0.6171,0.0542,0.1883,0.4438,0.1448,0.6301,0.0778,0.227,0.3626,0.5876,0.5003,0.2828,0.2095,0.11,0.7574,0.6733,0.5807,0.2646,0.1155,0.0834,0.4057,0.0906,0.6181,0.1999,0.9213
spotify:track:fewlzvjrfztdkvfdcboecb,Track Clppix,spotify:artist:gicroabxavtiuugjuzjjml,Jggyd,spotify:album:eyntmckilepzjllchbmmed,Mrywmu,1991-03-18,162785,False,Spanish,Indie,Punk,0.4646,0.9127,A,-5.94,Major,0.401,0.7287,0.8619,0.0986,0.9708,104.415,3,11,286437903,10904478,1517009,68,30,41,75,180,129,41843904,48891270,39,False,NO,1987,39,30,Classical,Soul,album,24,2,23,Atlantic,0804539654810,15,167,0.9805,0.0908,0.4929,1498797,30971171,7,3245992,109330,108158,340918,9639,14857,517733.29,377211.13,106608.59,44331.32,0.00181,0.681,0.289,0.147,117,20,2010-08-31,2015-06-26,41,31,151,25,False,False,False,True,True,True,True,False,False,True,False,True,False,True,False,True,True,False,False,True,False,True,False,True,True,False,False,False,False,False,3661611,1212102,2304774,4430605,1223523,1064761,1919519,523843,3568755,2465012,1059447,614775,664664,3546109,4288368,2195395,3358222,459814,1881697,4349656,0.8067,0.9414,0.8089,0.0978,0.7017,0.6134,0.2381,0.9193,0.4226,0.3186,0.0646,0.7536,0.2866,0.2571,22050,1,-14.325,-15.328,28.397,-14.876,184.881,7.925,201.432,282970,7641297188,676933,430716,150991,6776,787,92748518,USWMZ931266776,spotify:track:tamprqnoritbotfacrqzqm,False,True,0.2381,language,18+,restricted,521371,906009,1591856,1264544,1002051,72201,196669,1394299,894584,1052692,1618508,755500,327652,1753431,1994739,760872,1754651,506293,160438,1396201,1695863,1765241,1473012,1014365,False,True,False,True,True,False,True,True,True,False,False,False,False,659,0,,,Tjoiuya,6,False,36,19,0.5022,0.5306,0.4469,0.1533,0.3982,0.0496,0.9463,0.741,0.6063,0.6351,0.1719,0.077,0.9399,0.0948,0.5968,0.8618,0.0352,0.69,0.7237,0.8986,0.8292,0.7892,0.1775,0.488,0.6461,0.8925,0.0259
spotify:track:zztbnftdrdyidouwfyekmj,Track Vsfwyx,spotify:artist:deldzcheqmdimsweuridpe,Lgmcq,spotify:album:lqqdbwiorwiyxuatjrtomu,Sfhuml,1991-03-29,238969,True,German,Punk,R&B,0.4223,0.681,C#,-17.45,Major,0.0851,0.3206,0.102,0.8881,0.0737,151.784,3,13,126191656,22023834,393785,96,196,174,12,46,67,54359942,77414053,35,False,FR,1981,109,5,Electronic,Jazz,single,6,1,18,Def Jam,7537807752814,67,91,0.5619,0.4396,0.5192,8048449,41471284,43,1039296,236130,58513,222429,194144,72599,929100.09,1127383.52,27042.38,1304.74,0.00996,0.538,0.234,0.106,160,29,2011-09-03,2020-01-28,70,20,70,46,True,True,True,False,False,False,True,True,True,True,True,False,True,False,False,False,True,False,False,False,False,True,False,False,True,True,False,True,False,False,4258942,4351879,1091933,1715169,2212922,4628579,848236,1042862,4288037,230129,4659083,1503230,4736633,1949025,4340889,2701225,486194,1143211,4487421,2351599,0.4922,0.5916,0.5533,0.166,0.3406,0.4863,0.3541,0.4645,0.9921,0.4262,0.2948,0.3211,0.8498,0.9472,22050,1,-15.39,-11.075,0.484,-35.342,283.455,4.934,296.695,3368774,3888755456,95012,52360,300454,4527,3528,93544634,USCCZ523254782,spotify:track:bmqzaymqfkvpwxhxnbdceh,False,True,0.2986,drug,18+,restricted,511357,309185,755364,1843560,1655366,1931440,673748,127129,1610132,890449,1981860,688862,1750027,281860,1206980,1385316,1270673,50494,703151,1502618,1868787,458947,806543,1692544,False,True,True,True,False,True,True,False,False,True,True,False,False,11,4,Cpuzkw,Ythlyl,Zsocsgz,1,False,16,7,0.9265,0.6358,0.9042,0.9737,0.9212,0.9232,0.666,0.4198,0.7976,0.2806,0.564,0.1743,0.117,0.3936,0.4984,0.316,0.7363,0.6796,0.0354,0.981,0.0716,0.8843,0.8641,0.0784,0.8731,0.3491,0.6291
spotify:track:bqabguyjnabbhasgjqkuhz,Track Vjjazo,spotify:artist:pwkdlbznsptcnexujerbrj,Iagia,spotify:album:wybmblhymtskeuvqrxuegp,Kbjzcn,1986-03-30,192892,False,Swedish,Blues,Metal,0.3655,0.9484,G#,-7.86,Major,0.2513,0.3083,0.9415,0.5422,0.1852,185.262,3,11,3415193756,29792318,1326999,33,70,191,175,175,72,66185649,79954062,90,True,TR,2018,384,23,Indie,Dance,album,23,2,10,Atlantic,0063882487175,64,127,0.5601,0.644,0.4766,4092045,32106126,101,4004225,438369,133506,447584,149990,61606,4626173.82,1358320.46,22643.31,49646.29,0.00871,0.44,0.269,0.178,117,15,2019-07-01,2012-11-04,69,37,115,20,False,False,False,False,False,False,True,True,True,True,False,True,False,False,True,False,True,True,False,False,False,True,False,False,False,False,True,True,False,False,1783058,4959464,3486890,4067944,389299,2541840,2327609,3735722,4005294,4037591,930993,2279115,285630,2981626,3777234,3926458,464771,1130525,3063433,153274,0.6972,0.36,0.9627,0.256,0.2822,0.6399,0.7842,0.692,0.8781,0.3207,0.8122,0.1322,0.3894,0.6299,22050,2,-44.5,-1.871,28.014,-27.026,205.665,7.326,306.428,3971161,1760938563,253782,434150,177347,45209,2224,24661719,USAXI828976194,spotify:track:nsumorwmyozvwtqlkgyvou,True,False,0.4352,violence,18+,inactive,1345165,1896808,1615381,1258429,1727669,1686060,598675,412186,1451153,755727,96853,118767,1010714,1264912,1742825,834882,1681848,215189,906708,744252,469624,1002855,1039622,1825927,False,False,True,False,False,True,False,False,True,True,False,True,False,595,2,Avmepi,Cpjpnm,Nfmbnft,5,True,9,26,0.9469,0.4803,0.2317,0.8312,0.4322,0.8605,0.1756,0.78,0.6235,0.0977,0.0038,0.6967,0.6727,0.6387,0.9076,0.6132,0.118,0.6943,0.5724,0.3005,0.9011,0.0394,0.0682,0.107,0.1557,0.4621,0.5996
spotify:track:cljjzqaefvtbjyzrqgfyhe,Track Rsjwtz,spotify:artist:xnhgsgqqitazelurclfbeb,Vjelp,spotify:album:hvqrsgmkolspgnrogpuwzl,Nmmnxc,1986-06-05,124721,False,Korean,Jazz,Ambient,0.3772,0.6204,F#,-13.73,Minor,0.1003,0.3167,0.2204,0.6657,0.0502,62.555,3,33,4627798243,534111,965193,27,146,18,35,153,199,37559179,33468480,100,True,NO,1967,475,6,Blues,Folk,compilation,17,1,10,Republic,2305396013338,11,57,0.4771,0.6944,0.7239,1100661,44565738,177,3868602,288601,297390,99907,24189,59114,1797366.96,2854726.76,400954.84,199785.18,0.00106,0.677,0.312,0.155,114,27,2020-03-01,2014-10-12,31,39,124,41,True,True,True,True,False,True,False,True,True,True,True,False,True,True,False,True,True,False,False,False,False,False,True,True,False,True,False,True,False,True,2321522,3950705,700116,538083,4673398,259530,272994,2540347,2843417,441170,695462,2649381,2033594,587646,943764,4799748,2751278,3409503,487530,1267537,0.4819,0.6004,0.1905,0.8887,0.8624,0.7967,0.9812,0.4944,0.4847,0.437,0.0497,0.3273,0.9128,0.8427,22050,2,-37.439,-13.664,10.498,-9.756,160.594,3.096,329.737,477280,8060482649,695127,391203,362937,32783,3399,14714183,USUTI438717115,spotify:track:vcbzabmuixbemowibhhxxh,True,False,0.7658,sexual,PG,active,1111563,1129983,127056,1467959,726765,1778487,91492,135890,688717,1717859,259751,476746,919087,1403165,1073317,1379771,870424,1616711,1849659,370732,861315,1069228,528621,1840808,False,True,False,True,False,True,False,True,False,True,True,False,False,675,4,Cqbnxf,Jmrftu,Ktridlc,1,True,50,63,0.4324,0.0803,0.8317,0.4572,0.7578,0.1109,0.7426,0.8806,0.0054,0.4488,0.4733,0.2504,0.5069,0.9739,0.3626,0.4368,0.5295,0.4279,0.4832,0.7991,0.4335,0.4881,0.6881,0.6041,0.1593,0.8276,0.5532
spotify:track:gpdfypdjlejmfkvxhrxrcr,Track Bpvvrq,spotify:artist:upwzocretubfcaoajvbbkq,Stkgb,spotify:album:xyqxqikxtlkzkujwytkzdj,Zjmyvq,1975-12-13,205518,False,Japanese,Rock,Alternative,0.9942,0.9137,F#,-7.71,Major,0.6125,0.5591,0.9314,0.8194,0.8224,186.842,6,12,3817275774,7869914,1582756,15,14,164,2,112,100,43301415,72466871,37,False,CA,1989,489,1,Pop,Latin,compilation,2,1,23,Columbia,8705694028646,0,73,0.2827,0.8836,0.9775,5282827,37208559,62,483897,275570,246357,7736,33158,64038,3274302.93,1730870.75,79902.91,91089.02,0.00337,0.345,0.156,0.153,197,6,2017-03-11,2024-02-22,7,8,160,35,False,False,False,False,False,True,True,False,True,False,False,True,False,True,True,False,True,False,True,False,False,True,True,True,False,True,False,True,False,False,470483,982023,1581507,2763846,1317020,2121412,3926833,676295,770670,3671811,4637706,4279404,3976060,2898486,112899,3032008,1024121,1747046,1009685,4450981,0.6351,0.0878,0.0245,0.7487,0.8217,0.1018,0.0221,0.7132,0.8248,0.4926,0.632,0.0417,0.2748,0.9774,22050,1,-40.127,-8.39,27.426,-47.23,312.532,1.54,261.075,1219697,5434114540,237110,267873,244039,40091,1663,5642816,USODJ366304400,spotify:track:hvdmphcqnvoxkhehzjscht,False,False,0.3728,sexual,E,takedown,66537,1581562,1138857,1224022,670280,228302,1921299,615611,800009,1470607,488029,1656275,1369623,1948436,226049,1120109,938992,1294717,1154673,1214120,1004374,1840057,861617,1637992,True,True,True,True,True,True,False,True,True,True,True,True,True,677,4,Ktipsd,Aaugvx,Ylhbmdb,3,False,20,61,0.7337,0.606,0.9524,0.2025,0.5035,0.3569,0.971,0.4855,0.5299,0.8431,0.7746,0.9761,0.1472,0.1899,0.8544,0.5642,0.0295,0.6087,0.9932,0.542,0.2946,0.5,0.6309,0.4667,0.0993,0.6924,0.3962
spotify:track:corwrxvknzeqblykauxwnx,Track Bxmbse,spotify:artist:erjnaobldqcpuzlfbbfoao,Wxgxz,spotify:album:obvyxnfkuoxltdbcbzrkks,Hiqwmr,1979-12-20,287862,True,Dutch,Funk,Alternative,0.0086,0.7027,G,-9.52,Minor,0.706,0.841,0.4388,0.1267,0.735,182.429,6,2,3845431565,22390282,1649550,82,125,139,163,26,61,59004304,26883000,91,True,JP,1981,499,4,Funk,Indie,compilation,5,2,16,Atlantic,9211912838440,39,4,0.9216,0.4405,0.2742,6727219,16983012,3,964102,348182,231849,235416,77149,53252,4852624.52,416786.5,299949.36,139594.24,0.0056,0.427,0.228,0.145,81,43,2024-11-22,2016-09-29,20,17,86,36,False,False,False,True,True,True,False,True,True,False,False,False,True,False,True,True,False,False,True,True,True,False,True,False,True,True,True,True,False,True,1301369,3004392,2121347,3550105,4202634,3533850,1566287,4722756,3458453,3613222,728773,506634,1901323,3023273,3367557,3128324,4171131,2253894,4652670,434578,0.5596,0.3122,0.4906,0.9261,0.706,0.8324,0.5796,0.4104,0.481,0.6269,0.0041,0.3988,0.0523,0.0771,22050,2,-35.245,-14.293,11.711,-10.323,260.513,4.339,242.711,304167,3681413284,6663,24618,313152,6971,3520,52643935,USJRW493370088,spotify:track:wdtmhtruaqesiroylyfmye,False,False,0.3735,sexual,E,active,1571781,938338,123979,1315329,1116134,1423453,1400551,847283,1574976,1903535,137835,1813052,247348,1706587,1037435,195468,447530,1402880,1914398,530217,1949,1340772,307910,749940,True,True,False,False,True,True,False,False,False,True,False,False,False,346,1,Xrxbif,,Mmwczan,10,False,12,91,0.8385,0.9032,0.5494,0.7212,0.3434,0.5995,0.9003,0.4935,0.3164,0.932,0.1873,0.2603,0.0698,0.3443,0.3231,0.9623,0.9644,0.7378,0.8405,0.1647,0.2284,0.8058,0.099,0.9236,0.2738,0.231,0.9103
spotify:track:gzdylhqhfsdsillxmqhshw,Track Mlgqkh,spotify:artist:qdwtnrhoalxrbaoohenpgj,Gdnln,spotify:album:ymuzwenbijoojwnggzxjdd,Uhxhsm,1962-05-29,254771,True,Korean,Classical,Hip-Hop,0.94,0.2393,F,-7.79,Minor,0.2386,0.933,0.5399,0.7834,0.9164,179.964,3,95,2029733809,46370709,1527318,32,40,134,42,19,164,13524012,9580383,23,False,JP,1979,49,22,Punk,Hip-Hop,EP,9,2,25,Def Jam,9524900846976,16,99,0.6687,0.1855,0.4047,4284408,47901934,168,1695821,136316,224087,175484,118752,20043,16682.98,2306995.32,303184.14,10515.35,0.00765,0.316,0.254,0.2,191,82,2015-06-03,2019-11-22,78,34,128,32,False,True,True,False,True,False,True,False,False,False,False,True,True,False,False,True,True,False,True,True,True,False,False,True,False,False,True,False,False,False,4558331,4145071,829284,3029271,2780762,1878050,1619565,1717808,592881,3741073,4816168,1910255,597544,1788150,2506175,4153231,2763776,3212189,533284,3548559,0.7494,0.8594,0.3795,0.6304,0.1425,0.8026,0.8018,0.7859,0.1715,0.5283,0.3077,0.6108,0.5631,0.8878,22050,2,-56.616,-19.9,3.619,-52.486,198.141,5.127,297.777,3538333,830135837,643895,367094,1466,21686,1767,66564166,USVJP317458189,spotify:track:hvkeknpictjrtfmwaiptiq,False,False,0.8092,none,PG,takedown,661806,1422985,1205210,1593313,1599848,1366608,806069,368701,1327486,550923,1403271,424690,1159439,582911,13300,1205231,1987795,1954945,1502767,1737865,295922,1608339,1034235,936914,True,False,False,True,False,False,True,False,True,False,True,True,False,90,5,Xuycnl,Zmphvj,Lxqusru,2,False,3,91,0.2703,0.2721,0.0015,0.0812,0.9872,0.3922,0.372,0.4536,0.6944,0.4614,0.4193,0.6424,0.7698,0.9281,0.3628,0.458,0.1926,0.1393,0.6429,0.4797,0.3009,0.7645,0.3376,0.4332,0.3244,0.021,0.7523
spotify:track:sgbuxlsdsqwvvyiwxfvafw,Track Hoamnq,spotify:artist:vdfyujjbcvldpfwlibdlvq,Rllfp,spotify:album:zkaykblqvwdwnarmnslonn,Gfjknk,2021-08-05,232932,True,Italian,Latin,Punk,0.1874,0.696,C,-2.55,Major,0.5699,0.4403,0.8994,0.2573,0.8144,142.657,5,2,4791727099,13046409,1786927,195,56,99,116,39,187,11791860,8810566,41,False,NO,1968,142,1,Alternative,Jazz,single,10,2,10,Sony,6443561821942,68,22,0.7963,0.1182,0.6537,1052513,24466430,27,4300482,762446,39091,371805,63257,49965,4035764.38,2409997.19,13166.63,180540.85,0.00635,0.422,0.32,0.092,68,7,2017-10-14,2022-04-03,9,22,26,39,True,False,True,False,True,True,True,False,True,True,False,True,False,True,False,False,True,False,False,False,True,True,False,False,True,False,True,True,False,False,420713,4673460,249973,2871304,4352668,2891045,4650402,1288297,2349905,97720,2138635,4023341,4064510,4944318,2703635,4061450,1481759,2389676,56729,280865,0.2305,0.1973,0.3655,0.7464,0.5199,0.4136,0.4473,0.5895,0.6089,0.1781,0.1523,0.3101,0.3037,0.9299,22050,2,-44.162,-0.806,18.301,-24.612,322.274,8.638,339.831,1519593,8570196000,78940,314092,300201,2483,677,1345171,USDWK372611947,spotify:track:bihrkeqttgsgucnadqikhc,False,True,0.2107,drug,18+,takedown,1690272,520971,329450,1899310,1961034,429459,986819,758363,29202,1057468,1589839,452372,1278829,1038030,507958,246219,970657,670284,1881623,349878,1710879,670623,313846,1429057,True,True,False,True,False,True,True,True,False,False,False,False,False,169,4,Affakg,Rusbxu,Exbwone,6,False,47,23,0.5765,0.8673,0.7492,0.0233,0.4278,0.7527,0.63,0.3612,0.5066,0.463,0.2176,0.0195,0.0605,0.3521,0.133,0.6764,0.4181,0.7557,0.9371,0.6644,0.972,0.9936,0.3733,0.0201,0.0844,0.198,0.1357
spotify:track:ytzfhcxhymijsnrfmglpna,Track Avzino,spotify:artist:ptbedufrpuirjfqukuieij,Ydowf,spotify:album:hkggzprkfbbrybsoufpiaj,Wfsqbd,2012-03-26,255344,False,English,Metal,Jazz,0.4847,0.3733,G,-4.1,Major,0.7502,0.2455,0.6509,0.634,0.3603,143.79,6,22,4443410890,39008903,803979,158,77,19,36,55,82,22564514,73433718,67,True,PL,2009,391,1,Punk,Hip-Hop,album,1,2,4,Atlantic,5197074069627,34,54,0.8022,0.488,0.7796,3328667,11662578,110,4146916,519865,218459,111366,146556,29314,3878906.25,218016.3,293669.88,136789.76,0.00554,0.62,0.17,0.184,179,30,2011-01-18,2023-04-06,61,37,125,22,False,False,True,True,True,True,True,False,False,False,True,True,True,True,True,True,False,False,False,False,False,True,True,True,True,True,True,True,True,False,4427712,950653,3756167,142282,2587214,1490938,2050996,1179070,4143385,2640015,4411424,4567125,4625532,770849,665679,4471651,2663092,1398861,202802,3477120,0.2186,0.857,0.1163,0.3441,0.8655,0.1675,0.3962,0.5532,0.5664,0.0097,0.3441,0.0969,0.0425,0.9736,22050,1,-32.419,-6.824,5.426,-40.569,174.121,8.674,225.485,1635513,77330179,225788,347343,235291,2096,1446,4013000,USWQO218309260,spotify:track:svamdmatjsoolvfrxfyjck,True,False,0.132,none,E,takedown,1768073,1748054,1208361,570647,792442,1967886,250645,1017851,512236,74439,1842318,1875619,761656,1395743,156485,1698978,1529290,1987281,708683,210752,433985,464181,1378932,263350,True,False,False,True,True,True,False,True,False,False,True,True,False,580,5,Rkgofj,Rnymfp,Pwaauhk,7,False,23,5,0.0925,0.3101,0.5195,0.6484,0.268,0.3627,0.9651,0.7816,0.2251,0.2557,0.6331,0.9854,0.8672,0.3608,0.7166,0.7263,0.9506,0.3885,0.7429,0.6428,0.0587,0.502,0.7628,0.9149,0.0213,0.2136,0.0022
spotify:track:jjpopkapwtazdzpevlquhc,Track Kedqny,spotify:artist:ztrintqvquedavyzcafuih,Jhgus,spotify:album:stcxyyibhpjyybqxzsjmzl,Xdldgk,1968-04-30,129967,True,Swedish,Punk,Jazz,0.2611,0.0567,G#,-17.67,Minor,0.665,0.442,0.1509,0.1981,0.006,101.384,6,7,3368768409,856415,351181,45,93,44,86,83,52,10773489,25261790,32,True,NO,2013,96,6,Alternative,Pop,EP,10,1,16,Columbia,2039407211127,78,104,0.6184,0.9038,0.0263,9113038,10981316,149,3550770,683381,185571,227576,28596,17906,4060951.0,2344334.38,471269.28,56978.34,0.0035,0.464,0.383,0.122,67,59,2022-06-13,2017-12-23,49,11,85,4,False,False,True,True,False,True,True,False,False,True,True,False,True,True,True,False,False,True,False,True,True,False,False,True,True,True,True,False,False,True,4502355,1024960,4721092,4438383,296313,2926695,1557566,4446661,1720987,358242,2842582,1633779,126776,3632802,4101913,1839737,125576,4540481,1887270,445283,0.227,0.9013,0.2895,0.1046,0.4308,0.4748,0.7917,0.5925,0.6961,0.871,0.5817,0.6467,0.7345,0.3284,22050,2,-7.131,-8.427,1.05,-38.76,236.409,9.716,313.927,2922169,1191194249,890935,228848,309905,7625,2534,33183143,USNUM806279384,spotify:track:lixqoekemegftewqozikiu,True,False,0.0629,language,18+,inactive,44160,1872301,940218,832937,1087086,1367085,1795004,483763,315229,1990878,1210684,1636139,1063287,931047,806670,1700076,1457876,1147791,180039,1344149,1327633,1569796,904825,70030,False,True,True,False,True,True,False,True,True,False,True,False,False,746,5,Fgbfbz,Fbirsu,Tddczly,3,True,28,26,0.2553,0.5387,0.8858,0.7501,0.733,0.312,0.2806,0.9642,0.9317,0.7935,0.4176,0.3053,0.9027,0.9898,0.0642,0.0977,0.3964,0.5338,0.5925,0.4045,0.2314,0.6371,0.0188,0.5454,0.6471,0.888,0.2685
spotify:track:obhrmtxkxanbryxnqtrhyu,Track Enebfs,spotify:artist:ayofvvcornextpftaiqaxn,Thcch,spotify:album:kpsfrkvfgsqxemsoojxrer,Naefmk,2018-06-18,182527,True,Dutch,Metal,Hip-Hop,0.9139,0.4736,G#,-10.9,Major,0.1545,0.4931,0.5978,0.0144,0.1599,187.869,5,67,2185332278,255558,709992,178,8,64,151,23,107,64529137,72079519,9,True,FI,1991,228,20,Country,Ambient,EP,21,1,25,Universal,7897765252384,66,39,0.243,0.9665,0.1743,7359681,11233572,161,2520878,853771,268267,217225,25987,89013,427577.09,1295473.56,444694.38,166290.88,0.00803,0.364,0.398,0.173,100,63,2022-05-24,2010-08-29,9,44,148,18,False,False,True,True,False,True,True,True,False,False,False,True,True,True,True,False,True,False,False,False,False,False,True,True,False,False,True,False,True,True,3792507,3851981,3416072,212515,3489785,1579030,2783548,555891,2014765,3419524,4675237,4773210,4883256,413029,3578945,3017665,3980542,2447607,624557,3463527,0.5937,0.251,0.2193,0.8877,0.4047,0.7084,0.6755,0.4756,0.8343,0.3715,0.7811,0.9062,0.5072,0.3535,22050,2,-31.089,-10.367,14.879,-28.525,255.086,6.88,241.486,2845406,2169394319,434108,38645,280873,44639,4202,93664766,USEHO829169012,spotify:track:ajwmbdmnqupobkcagsfehf,True,False,0.2139,violence,E,inactive,916546,1281246,1870521,1723830,1151174,1966739,20147,1074806,1533334,787108,668622,669036,1800579,251917,31834,1098927,866550,1628855,1789324,213224,1289158,1731248,1244842,969970,True,False,True,True,True,True,True,False,True,True,False,False,False,185,2,Xbyjji,Hjqozr,Rrtukwi,6,False,13,66,0.7171,0.7631,0.8381,0.1158,0.5722,0.0066,0.0287,0.4316,0.3795,0.1164,0.8786,0.8041,0.8615,0.66,0.1937,0.0793,0.3785,0.0208,0.6929,0.2933,0.6936,0.3766,0.463,0.5899,0.5103,0.2934,0.2301
spotify:track:rwkqllwjkaogzkjgneqppl,Track Ksouyv,spotify:artist:cmiohhakfhlidtdoglberx,Faqhf,spotify:album:yrcfzsilpabekuwodgjfkl,Nfsqjz,1964-09-19,194663,True,German,Reggae,Funk,0.4554,0.9544,G,-7.88,Major,0.7434,0.7195,0.1326,0.8703,0.383,90.537,3,75,1811086291,21046360,688879,200,116,150,31,34,8,41036568,44894528,33,True,IN,1995,462,10,Classical,Alternative,single,13,2,13,Atlantic,9234758656075,29,145,0.9129,0.9869,0.297,9046792,46486410,61,2714151,612458,20012,391058,190010,81687,1426582.94,158863.71,140725.89,58206.02,0.0052,0.375,0.116,0.071,77,34,2017-09-15,2013-05-18,62,36,106,5,True,False,False,False,True,False,False,True,False,False,True,True,True,False,False,True,True,False,True,True,True,False,False,True,True,False,False,False,False,True,3940061,3005038,246650,891809,1605491,4829483,1807682,1454103,2703724,3302508,3790393,4010959,2554172,3308581,2053765,771672,4019837,4046560,562444,4351789,0.4033,0.4063,0.7311,0.7348,0.8508,0.4112,0.4038,0.2324,0.2265,0.5617,0.2076,0.5341,0.2418,0.9385,22050,1,-15.347,-11.799,9.091,-10.844,243.771,3.032,291.506,3375576,5997951606,848466,432567,145125,37160,3985,60734643,USAIK449889621,spotify:track:qjboabenggnnxupvjwihjn,False,True,0.0383,none,E-Clean,inactive,394565,187640,1647594,1900295,662987,278990,1690612,630124,30578,1991445,571230,1871376,1998383,257595,1945846,656955,1336440,956662,685882,1077997,1446009,559710,1457920,1680916,True,False,False,False,True,True,False,False,True,True,True,True,False,446,4,Iecgul,Zcwsyw,Vxubkbf,9,False,4,81,0.6506,0.8782,0.4868,0.2457,0.1806,0.4079,0.8264,0.212,0.6345,0.428,0.7011,0.8975,0.2814,0.7478,0.1275,0.6591,0.0616,0.7608,0.5416,0.7374,0.4114,0.6754,0.4356,0.3027,0.0518,0.8727,0.9434
spotify:track:tqsnpxrvzivgeqzlvnwuqm,Track Zctuzh,spotify:artist:suwgtumhcwijwxdgtrihsc,Bqrqc,spotify:album:qujpfliugihizpgxtorgap,Extcjy,2002-05-12,266853,False,German,Pop,Indie,0.6845,0.5818,C,-15.2,Minor,0.634,0.7636,0.2092,0.1862,0.6228,183.19,4,3,3838011144,45725567,764103,197,182,95,181,89,186,51349214,19820709,64,False,AR,2023,191,13,Folk,Soul,single,8,1,20,Atlantic,2060557551890,72,88,0.4823,0.726,0.8304,4064263,40533686,114,4348924,208222,6352,357626,18660,73512,3012590.58,1296522.73,180682.91,128687.8,0.00871,0.572,0.188,0.163,163,88,2010-05-26,2020-02-11,97,19,88,27,True,False,False,False,True,True,True,False,True,False,False,False,False,True,True,True,True,False,False,True,True,False,False,True,False,False,True,True,False,False,4470850,2108860,4026619,4151781,1595037,1407162,347567,1250283,2498732,2142452,2255830,109309,4006944,1975743,849277,4816380,4058293,677015,4541757,3492,0.1208,0.1809,0.7573,0.7573,0.4883,0.1798,0.6811,0.649,0.735,0.6184,0.6302,0.9278,0.8932,0.0826,22050,2,-35.093,-11.594,14.502,-0.539,237.291,5.731,251.985,3715881,5762349078,384480,70872,367529,46350,204,72975258,USGYX340070820,spotify:track:eobvmbtwsgyoahorcmfwhv,False,False,0.4742,none,PG,active,1658276,825135,128569,901898,952570,1350346,496809,1030632,1903977,950279,1108058,1114917,1857124,1297211,345024,151833,536109,256374,1139558,247208,82533,125751,962868,337517,True,False,False,True,True,True,False,True,False,False,False,False,False,757,2,Ojtlaf,Tklsqt,Xtyzvap,10,True,47,61,0.5293,0.5399,0.8531,0.3145,0.2172,0.043,0.0045,0.3158,0.214,0.2646,0.212,0.2637,0.8178,0.1741,0.7875,0.8487,0.0021,0.1539,0.953,0.4686,0.3376,0.4467,0.2023,0.7089,0.6161,0.8049,0.7899
spotify:track:clnicwdzffvncuekfgatby,Track Xozvza,spotify:artist:xnlscunhsgkivmmcdckcox,Zwwzx,spotify:album:zxdiymvlblakkqhzvcmgwv,Loemzi,1988-06-26,240420,False,Korean,Alternative,Dance,0.8346,0.6401,G,-5.65,Major,0.6805,0.5725,0.0884,0.6265,0.3857,91.438,4,85,2795223313,44063318,1007616,190,8,26,68,174,186,2278453,82549559,45,True,NO,1969,180,21,R&B,Ambient,compilation,24,1,5,Independent,0391747396766,29,59,0.8044,0.5051,0.2912,6602610,8435909,193,4862578,716686,9074,227755,48544,71767,3675578.12,1526590.54,160456.49,139118.13,0.00468,0.321,0.349,0.186,7,73,2022-01-01,2011-04-21,45,6,164,34,True,False,True,False,True,False,True,False,False,True,False,False,True,False,False,True,False,False,True,False,False,False,True,True,False,False,True,True,False,False,4192426,2528505,1094570,1686433,1174900,3278598,4431429,1981866,2531975,4382979,4051854,202844,1444921,4896439,2815210,874495,3528456,1415920,4698885,4942838,0.0405,0.3122,0.2648,0.7896,0.3776,0.4381,0.9058,0.2232,0.8616,0.1872,0.5212,0.1306,0.7685,0.8414,22050,2,-36.399,-11.951,7.979,-44.634,145.029,4.423,330.07,2116527,8535440858,445986,178822,374879,11934,1057,40715093,USKPN529150342,spotify:track:rdoiqaqiqjwginbkilhfrd,False,False,0.0465,drug,E-Clean,inactive,734312,1272232,600101,1133842,370064,1336316,1923738,1832260,1638567,267487,1929727,537125,759814,265914,601751,1732476,1999577,1685006,1587447,1134731,1125648,248925,811391,1830082,True,True,False,True,False,True,False,False,False,False,False,True,False,101,0,,,Qpcrhuw,10,True,40,21,0.8283,0.5064,0.6523,0.9407,0.3134,0.2504,0.5601,0.8952,0.0082,0.0991,0.4587,0.0735,0.8866,0.9796,0.6973,0.9145,0.3852,0.5019,0.3381,0.8276,0.6016,0.8331,0.0961,0.4509,0.2714,0.5699,0.9438
spotify:track:anrauwnteqwgcqkoheomgd,Track Kildae,spotify:artist:okkzbaapawwtnagayldzwt,Qurqb,spotify:album:telbwbtoeewpjqejbwszzb,Auxldr,2022-04-23,275805,False,French,Alternative,Blues,0.2167,0.5379,D#,-13.87,Major,0.7035,0.3904,0.5594,0.7714,0.6368,135.685,5,78,1390732042,40870262,185585,14,157,37,198,199,192,30830947,32180932,46,False,FI,2004,234,28,Electronic,Punk,single,9,2,21,Independent,6804603942614,34,185,0.5852,0.6692,0.0571,4993840,4327466,109,3926004,593810,171833,328842,172658,20555,3260448.28,561347.47,297899.25,183288.01,0.00654,0.592,0.129,0.099,68,69,2011-10-25,2011-08-05,72,40,31,31,True,False,False,False,False,False,False,True,True,True,False,True,False,False,True,False,True,True,True,True,False,False,True,True,False,False,True,False,False,False,1231945,1080852,2769715,2884367,3134078,3537209,4196134,205447,4590585,2252635,3559684,111255,12047,871924,2847600,4715454,932977,1071340,1770532,3189182,0.8572,0.2732,0.1872,0.6207,0.9812,0.2854,0.4835,0.0372,0.1354,0.9112,0.1161,0.6926,0.3931,0.6509,22050,1,-41.504,-14.614,12.749,-22.71,206.289,9.618,303.364,1336604,7892593252,558532,251241,253963,18929,3752,51853517,USGXB975315068,spotify:track:rarkglqrnvxdreauowlful,True,False,0.3781,sexual,18+,takedown,727807,291047,695967,1067289,867426,1169054,679002,1972849,805670,1838785,1133733,755162,51317,1519843,893803,1598459,806386,560722,1050597,1000243,1101305,351910,1379595,840656,False,False,True,True,True,True,True,True,False,False,False,False,False,348,1,Glndgq,,Nhavria,7,True,48,25,0.4824,0.4274,0.9095,0.6488,0.8528,0.5226,0.5905,0.6483,0.1978,0.6449,0.8555,0.364,0.6168,0.3257,0.2794,0.1782,0.5245,0.1032,0.191,0.8845,0.6477,0.2888,0.616,0.6145,0.8471,0.8904,0.7188
spotify:track:cacsluhvjvozwnplzfkumz,Track Fqukyn,spotify:artist:fncqcxrujziroeukisxloa,Uwfbz,spotify:album:aivhdquthijtyliovqkcan,Lfusgp,1987-07-19,148603,True,German,Latin,Indie,0.583,0.1724,D,-3.78,Major,0.9646,0.1811,0.3475,0.8367,0.0776,74.227,6,22,1998146560,13936413,698331,27,73,153,33,132,106,27000473,17959019,63,True,BR,1986,52,15,Latin,Rock,single,17,1,2,Republic,0642222419839,31,94,0.3981,0.0738,0.4035,3006950,39756522,140,4155042,39562,89682,173420,39517,12404,1799997.16,2166185.52,44071.01,135601.91,0.00961,0.391,0.205,0.181,122,16,2024-07-27,2014-06-10,86,25,130,24,True,False,False,False,True,False,True,True,True,False,False,False,True,True,False,True,False,False,True,True,False,True,True,True,True,True,False,False,True,False,3051696,1385214,1646861,2247792,432044,4249510,4125641,299982,3137737,3513400,4717827,1891342,1836552,2805726,3070088,3000688,3370921,2012102,4270798,3109108,0.5901,0.0633,0.7701,0.5565,0.883,0.6125,0.7779,0.2971,0.7902,0.5798,0.0423,0.8742,0.7166,0.4883,22050,1,-10.463,-3.182,27.223,-59.802,269.699,7.344,218.866,3257410,8594097134,706526,151487,5264,19921,2063,61196742,USWJC500483356,spotify:track:zbknkpwtseeegakrowvwmv,True,False,0.7588,violence,E,active,1772369,631708,1507308,308249,1747680,103624,1753927,322932,1148373,834447,228192,280130,1710705,302858,453609,330752,1161345,862259,1424649,1795684,1921368,1594369,252946,565327,True,True,False,False,False,True,True,False,True,True,False,True,True,152,1,Rubael,,Yereriq,8,True,45,29,0.3357,0.7589,0.6042,0.9732,0.1166,0.941,0.9974,0.1838,0.2807,0.7365,0.5194,0.4079,0.4882,0.3759,0.056,0.7676,0.7536,0.8982,0.5961,0.4543,0.58,0.3629,0.376,0.9051,0.0035,0.1892,0.6419
spotify:track:bbgyjdyxsimskmyulphvro,Track Swfseh,spotify:artist:yeheeeenfnufyisfpadruw,Hzwwr,spotify:album:zheiepevkrnvoofwqakezr,Fyhjfi,1981-01-07,174322,False,Dutch,Dance,Folk,0.7878,0.0797,A,-19.57,Major,0.7624,0.5793,0.7446,0.3403,0.4822,139.854,3,65,795280680,32011417,270864,58,47,190,179,175,49,1881225,763007,61,True,PL,2013,448,29,Hip-Hop,Alternative,compilation,20,2,17,Atlantic,3446370579335,98,98,0.5714,0.6646,0.1394,11337,11590538,85,1092092,710397,193453,420923,166498,87554,3533981.19,2676937.14,51651.73,22114.21,0.00701,0.657,0.362,0.103,106,22,2024-08-27,2016-10-20,10,10,109,43,False,False,False,True,False,True,False,False,False,False,True,True,True,False,False,True,False,False,True,True,True,False,False,False,True,True,False,True,False,True,2502921,492054,1742760,4013576,597233,2895999,1252898,2235492,1594374,1004642,360799,544911,2811435,3449914,4475292,2075831,253022,3063154,2019726,654561,0.7474,0.1863,0.9914,0.1634,0.8599,0.4019,0.5865,0.2817,0.549,0.0617,0.4383,0.6261,0.3813,0.2818,22050,2,-22.365,-2.618,1.11,-1.04,296.892,4.602,211.9,333809,3142785774,768776,19221,57218,8860,2411,38922276,USNAK912115350,spotify:track:hpvrubefbvhozhpayhxcbl,False,True,0.075,violence,18+,active,455138,184894,764270,1526600,1095119,1077021,955691,1152666,663743,81572,811676,870855,32336,1616414,903144,932964,1698394,750200,1357868,242771,560513,243302,555491,1095523,True,False,True,False,False,True,False,True,False,True,False,False,True,701,1,Buoczd,,Csesvgt,10,True,16,14,0.0358,0.105,0.857,0.9635,0.0104,0.2548,0.6975,0.4989,0.947,0.3478,0.1215,0.6988,0.4968,0.4993,0.0744,0.1456,0.4387,0.3219,0.0318,0.648,0.3062,0.8137,0.7476,0.3006,0.02,0.5176,0.7192
spotify:track:aprdtfgbrxprouvpcuvuap,Track Rcvwls,spotify:artist:zprvqnlxtipxqugesvdlqm,Nsqwv,spotify:album:xowabtossmvetmmnrlnaar,Dynuqc,2022-04-26,345768,True,German,R&B,Folk,0.4544,0.1784,G#,-16.39,Major,0.7915,0.3853,0.8286,0.3874,0.164,71.528,4,75,4798059622,9424186,799861,165,103,15,175,144,108,78710104,56811333,99,True,DE,1962,284,9,Pop,Country,album,24,1,22,Def Jam,3470528256337,82,127,0.4282,0.792,0.3404,332193,35307715,165,222374,680112,19355,178131,12757,88968,3042123.03,1645218.85,21525.56,125146.7,0.00268,0.319,0.313,0.164,10,44,2018-04-26,2019-09-02,38,20,20,38,False,True,True,False,True,False,True,False,True,False,True,True,True,False,False,True,True,True,False,True,False,False,False,True,True,True,True,False,False,False,4726909,784969,997404,4011743,3652848,3681644,2792067,3115107,195375,340951,2341064,1579366,4141511,2843660,1669970,882615,2788410,3739433,2973055,1109582,0.8931,0.6208,0.0524,0.5384,0.8232,0.3937,0.9072,0.9468,0.0589,0.4245,0.2911,0.4293,0.8503,0.8825,22050,2,-2.909,-2.931,23.161,-40.501,138.003,3.155,238.807,4142314,1221723288,627527,489728,71633,32536,8,69540945,USCBO132581218,spotify:track:nwgctarammnujxkomkixbf,False,False,0.7175,sexual,E-Clean,inactive,1445907,354212,977772,1446652,1761742,1848735,930947,277314,904978,219477,39120,714032,563226,1636874,1359334,1660124,1797687,1984964,78859,355201,1518694,800199,40532,1563775,True,False,False,False,False,True,True,False,False,False,False,True,True,684,4,Lhepbb,Ghlcqh,Fsfrlgu,1,True,32,42,0.4384,0.2227,0.7382,0.6029,0.4428,0.7538,0.1047,0.7153,0.6539,0.1797,0.5724,0.013,0.2855,0.5936,0.6423,0.5372,0.7962,0.1571,0.2027,0.3995,0.9505,0.0784,0.0694,0.9765,0.9599,0.1114,0.8143
spotify:track:mtvykcjxwnqneitwjdoois,Track Xqhhir,spotify:artist:wofwfgzzpadgpkbpkifrsf,Brfmm,spotify:album:pzqussnybbsqfyyhienpqg,Hcfuoc,2018-05-15,248831,False,French,Folk,Pop,0.4579,0.9149,D#,-9.47,Major,0.0458,0.2,0.3555,0.6733,0.6504,172.354,6,65,1837401246,29961924,1818673,86,86,1,9,199,83,25517166,42774072,61,False,GB,1988,201,28,Soul,Classical,single,13,1,9,Warner,9403887134028,88,41,0.9607,0.2644,0.2421,5062255,36619769,87,630769,465163,276558,84915,182291,58930,3405980.81,2233753.07,237036.23,12034.64,0.00448,0.404,0.374,0.054,127,85,2015-09-20,2011-12-06,77,25,79,2,True,True,True,False,False,True,False,False,True,False,True,False,False,False,False,False,False,True,True,True,False,False,True,False,False,True,True,False,False,True,1071357,4460243,1370511,3507703,2986995,3620027,2867516,1516990,4782094,1868576,3157694,4015442,3036215,3258917,1499425,3810737,3102398,2112443,2860930,2168101,0.0139,0.7791,0.5841,0.9686,0.756,0.9704,0.2468,0.4489,0.6202,0.3292,0.3993,0.2984,0.9391,0.1812,22050,1,-8.638,-14.76,1.009,-44.578,182.392,8.656,253.708,1685164,4152344357,71368,495382,294752,47746,3837,51685932,USUWE670853785,spotify:track:bwunhzufdprmsoiwehexuv,True,False,0.6989,drug,PG,active,1130916,1493539,946610,840053,418094,1863064,1881465,1763085,534651,1967328,1378185,365111,1022654,347199,644543,921061,1688660,975909,217264,233692,736001,934136,1153162,956519,True,False,True,False,False,True,False,True,True,False,True,False,False,865,0,,,Gnmbaqf,2,True,25,54,0.4154,0.7748,0.1203,0.1696,0.7467,0.661,0.6173,0.5455,0.723,0.643,0.4316,0.8799,0.3933,0.9357,0.076,0.1386,0.312,0.5695,0.6292,0.1813,0.2576,0.4048,0.9751,0.9284,0.4236,0.0424,0.6869
spotify:track:cvcgrjpinreidnzaqhbugi,Track Dhvvcb,spotify:artist:wneebcoccpavlmlrfwfukw,Iofxe,spotify:album:iafjgxtzvccihkiwbprjow,Lbcual,2019-01-10,310198,True,Japanese,Alternative,Classical,0.1866,0.067,E,-3.97,Major,0.3298,0.3709,0.8046,0.8642,0.7856,182.471,4,55,2149857079,15789391,879554,162,77,172,80,185,80,77786641,68151266,14,True,NL,1984,385,5,Blues,Soul,single,19,1,21,Universal,3701926870822,27,165,0.7612,0.6307,0.0501,8108675,36339119,43,501248,603823,108552,263527,125863,17614,4374274.43,283243.48,465525.9,43106.11,0.00236,0.537,0.252,0.138,153,5,2012-05-08,2018-04-12,1,50,171,50,False,False,False,False,False,True,False,True,False,True,True,True,False,True,True,False,False,False,True,True,True,True,False,True,True,False,True,False,False,False,1644416,1558309,858626,903647,1004257,2885954,2231910,4817717,2788148,1090961,4847989,687881,3976000,4993192,903982,3178673,395876,557508,1970847,3181593,0.2928,0.4901,0.4163,0.9543,0.569,0.0181,0.8409,0.3686,0.5739,0.542,0.204,0.3979,0.901,0.9901,22050,1,-34.767,-9.603,3.222,-55.072,334.523,8.242,232.503,3492623,8667435149,403703,153086,110211,39876,2452,48844345,USQZR874105011,spotify:track:fqzafuileizotozvowhpbk,False,False,0.3563,none,PG,inactive,341801,1504688,593105,66248,1768723,698360,1871205,1603844,1339292,1871987,944698,1586954,1662685,1409741,1999446,1639391,606509,209174,168929,1911889,1342587,1186455,429605,775118,True,True,True,True,True,False,False,False,False,True,False,True,True,519,2,Rwjwbs,Egpaur,Nzixoqm,4,True,12,61,0.0237,0.4522,0.2062,0.0825,0.0517,0.9672,0.7901,0.4095,0.6425,0.3059,0.3548,0.6919,0.4569,0.5205,0.9474,0.0776,0.1889,0.9751,0.7228,0.3491,0.6538,0.9242,0.0143,0.0573,0.0719,0.101,0.7104
spotify:track:sbwaznjscwzdegyashiiws,Track Kijcgy,spotify:artist:rsstolbvprddgmlcxizeta,Kityk,spotify:album:bdvkshcsqabsfsdlvijzqx,Eoqzen,1968-12-02,196921,True,Portuguese,Metal,Reggae,0.8909,0.1752,G#,-19.55,Minor,0.2638,0.6028,0.0558,0.9814,0.5124,199.412,3,43,1577173377,41256393,1600851,187,70,42,135,165,18,58519015,72934966,29,False,BR,2002,488,15,Funk,Jazz,album,1,2,6,Def Jam,2998309348588,47,87,0.3362,0.5518,0.593,6174865,11238467,159,3558243,268420,129403,328686,83213,18423,688725.7,1451767.08,64107.48,61097.09,0.00338,0.51,0.378,0.15,146,68,2011-05-05,2024-11-15,21,2,40,40,True,False,True,False,False,True,True,False,True,True,False,False,False,True,True,True,False,False,False,True,False,True,True,True,True,True,False,True,True,True,127574,969453,948930,1769441,552906,2362997,3559228,2536442,2578914,1551168,701703,2365557,2083177,3900471,4010837,4212531,233091,3114766,2817037,1158409,0.739,0.8916,0.9658,0.0235,0.6606,0.4274,0.7405,0.5634,0.3995,0.935,0.473,0.5837,0.9661,0.9365,22050,1,-38.908,-6.563,13.081,-13.213,138.685,2.117,202.313,3756703,7262764696,824454,152020,324076,40800,3115,60626161,USELK375594962,spotify:track:iruqdcdvvvztdyjofqxfov,True,True,0.1117,none,PG,restricted,1549057,1808966,1303284,1844870,1393496,989162,644669,1422306,644656,1910958,1840564,866789,1220993,1020397,83190,1022860,240071,234892,1265901,1105309,1692592,1504880,1216433,693113,True,True,True,False,False,False,True,True,True,True,False,True,False,662,2,Ynakdk,Evinsh,Jpfbhqm,1,True,22,82,0.6937,0.6271,0.0675,0.9749,0.845,0.5286,0.6321,0.2791,0.0604,0.7333,0.8253,0.7739,0.6024,0.17,0.3068,0.2311,0.6074,0.2049,0.3897,0.9569,0.2866,0.5387,0.3972,0.9983,0.4585,0.1195,0.524
spotify:track:kntsqhlhkztjdxrgqcnuni,Track Mwdfiq,spotify:artist:wjrpqalubxqvqjzaamcycm,Zpceq,spotify:album:jldbjuxewcmqjiykxttfin,Deebbk,2011-03-19,226382,True,Italian,Jazz,Reggae,0.3405,0.7141,A#,-17.86,Minor,0.5135,0.4194,0.6229,0.4514,0.2319,83.834,3,7,2463498508,10791271,245918,189,147,88,100,185,160,26190587,24076158,7,False,US,2014,373,12,Rock,Reggae,compilation,21,1,22,Columbia,9523229090081,68,146,0.3753,0.4039,0.0341,981068,27643644,36,2054815,991515,97780,50641,95047,15704,3482663.32,2490897.66,157522.7,120459.29,0.00525,0.617,0.367,0.111,87,66,2019-08-27,2017-12-07,30,6,70,44,True,False,True,True,True,False,True,False,True,True,True,False,False,True,True,True,False,False,False,True,False,False,False,True,False,True,True,False,False,False,4444192,3776703,1790336,4216639,4327948,481118,990563,870998,534689,1733193,277545,2936609,1443882,4869879,1261591,1743806,4442864,1866643,3054374,1379077,0.1479,0.4655,0.3354,0.2698,0.7957,0.8019,0.3975,0.2422,0.1871,0.2787,0.6813,0.3991,0.2503,0.0346,22050,1,-4.424,-5.742,12.544,-36.239,298.458,3.249,246.649,3918176,2514885542,205927,345342,308268,37408,3840,7474815,USDXH580387360,spotify:track:dpltqjhpbufmaqkyaaiuvg,False,True,0.9804,violence,PG,takedown,1618207,682618,1695536,833037,20152,616785,1126784,1593901,1881580,1866634,749268,1829397,181239,178315,1227144,1243953,65790,1911371,848507,671562,1578593,824010,1535217,493500,True,True,False,False,True,True,True,False,False,True,True,False,True,697,3,Ezcpyt,Dwdjob,Lumyckr,3,True,42,33,0.8628,0.9291,0.8407,0.8981,0.5205,0.8626,0.2356,0.4329,0.4997,0.5596,0.2349,0.6629,0.0477,0.201,0.8136,0.1945,0.5112,0.3924,0.6355,0.3517,0.6345,0.1825,0.3891,0.5224,0.3825,0.5177,0.5421
spotify:track:apkgaedzafkvhwqogfugrf,Track Mlevfe,spotify:artist:dksnhogmkwpstytwndirex,Czvpc,spotify:album:xkbnpntpobafkedghvejgk,Gdssex,1969-02-21,329836,False,Japanese,Country,Electronic,0.3201,0.7771,F#,-7.63,Major,0.7773,0.1859,0.9323,0.4426,0.3615,71.948,6,43,3355927653,28326008,8938,140,103,45,199,76,152,43620394,14260267,28,True,TR,2014,219,27,Pop,Indie,compilation,11,1,21,Republic,3390652864155,11,138,0.2631,0.3996,0.9264,909643,27567637,55,3629172,608487,266645,178373,16607,49573,2290687.06,2212256.25,210259.48,174801.45,0.0042,0.547,0.326,0.061,153,48,2019-04-02,2023-02-16,57,26,16,48,True,True,True,False,False,False,False,True,False,True,False,True,False,True,False,True,False,True,False,True,False,True,True,False,False,False,False,False,True,True,1217402,828502,1559692,2529321,1100498,903576,4952183,4022953,1608926,4305150,777156,4834687,237024,1950976,2159006,3722502,1711296,872054,3805922,2740248,0.1009,0.6616,0.5909,0.3654,0.2364,0.5595,0.0147,0.7355,0.2352,0.474,0.0244,0.3141,0.736,0.3226,22050,1,-40.93,-11.47,6.053,-19.675,190.742,2.252,304.516,653042,4150053190,937243,199605,120708,12818,2852,35056585,USLCJ438296913,spotify:track:mkodraxdypsiobyyjdoorc,True,False,0.7436,violence,18+,inactive,223930,1929969,634257,675792,521785,1530188,877091,710330,209323,420077,455050,1930733,1084846,909363,232739,1649813,467741,868795,977159,1451925,609824,1779858,809563,171410,False,True,False,True,False,False,True,True,False,True,False,True,False,480,0,,,Dsmktwz,2,True,6,58,0.7894,0.8153,0.5948,0.8563,0.663,0.3879,0.7696,0.1404,0.5941,0.4463,0.1408,0.0526,0.0891,0.43,0.6129,0.0652,0.7559,0.1057,0.377,0.4438,0.9256,0.6328,0.3135,0.6895,0.5582,0.6902,0.4914
spotify:track:gxwpdjgdziakccsotybpmv,Track Mhlvqp,spotify:artist:cdytqkktfiinneydqlnxwf,Jsrqc,spotify:album:pwmgjysrdiqzfsfknclduj,Fqpizp,1993-02-17,331494,True,Korean,Dance,Punk,0.6153,0.5026,A#,-17.43,Minor,0.5381,0.2355,0.8021,0.6067,0.731,158.543,5,41,1188480771,29976281,1217260,53,180,197,158,77,57,11429703,41908043,72,True,MX,1980,467,3,Folk,Latin,EP,24,1,19,Republic,4331932393766,59,6,0.2011,0.2515,0.4619,6381376,15533324,12,3798169,827697,231505,299021,159294,64028,1602425.51,2001321.26,231.37,5631.8,0.00734,0.441,0.345,0.187,160,36,2010-07-09,2020-12-08,22,15,72,27,True,False,True,False,True,True,False,True,True,True,True,True,True,False,True,True,True,True,True,False,True,True,True,False,False,False,False,True,True,False,3104993,2701144,1061563,2018616,4039815,4228010,1575289,234163,2117741,4148464,2893499,4027279,2457512,2628219,3160353,4564960,2375640,2378615,1144228,3205921,0.2319,0.2107,0.9435,0.7768,0.8509,0.5581,0.8916,0.8843,0.8665,0.3426,0.5707,0.042,0.7129,0.5615,22050,1,-26.451,-14.108,6.254,-52.949,310.716,4.056,315.644,2136392,7470368303,843625,304954,21506,13195,2999,85741381,USTGZ259676126,spotify:track:gtqysxlovvcweurwrozbyl,True,True,0.6614,none,E,inactive,1940791,1824753,493958,1926034,1135958,1168342,505404,1860851,837008,1210454,1425904,1005915,1908060,13148,1615551,1417144,294512,1672999,1761914,1405360,1663200,746330,943155,1275380,False,True,False,False,False,False,True,True,True,False,False,False,True,535,3,Gzseur,Gszdfm,Ibippae,6,False,8,66,0.895,0.6157,0.6149,0.2356,0.9508,0.7822,0.8776,0.0896,0.3829,0.7179,0.2265,0.2131,0.5197,0.4446,0.9702,0.32,0.2164,0.761,0.5402,0.0525,0.178,0.2999,0.3892,0.5211,0.5748,0.1713,0.9628
spotify:track:jiiebrcqysvjiuoipahjuv,Track Ozaedc,spotify:artist:qlpbigxpzgbyfahsfmnbzx,Wlpvl,spotify:album:zxclmqmpuytfaejmlvqexm,Kcfhps,2010-05-24,166421,False,Korean,Folk,Reggae,0.1596,0.5801,D,-8.04,Minor,0.845,0.0329,0.8962,0.5668,0.8748,70.512,5,63,1885458588,13151832,1584051,116,195,143,182,45,90,56026331,39207585,98,False,PL,2014,466,10,Funk,Blues,compilation,19,2,22,Columbia,6401438357423,12,96,0.5859,0.0052,0.6162,5559588,27704564,128,3828292,2912,162742,457484,43435,55672,1311776.43,2872284.47,249759.59,71422.0,0.00863,0.518,0.336,0.095,102,52,2010-02-25,2024-02-02,50,15,130,46,True,False,True,False,True,False,True,False,False,True,True,True,True,True,False,True,True,True,True,True,True,False,False,False,True,False,False,True,False,True,2463267,4290730,3892612,2210863,4950213,3953480,768484,2643373,818267,1103552,2758225,2313565,3101292,4700183,2016616,4581747,2626872,1875726,1904639,2780795,0.5002,0.6608,0.5705,0.6273,0.6029,0.6141,0.7523,0.4333,0.3474,0.944,0.9222,0.6451,0.6,0.3397,22050,1,-26.993,-10.53,20.386,-55.25,357.943,5.713,206.624,4598698,4680718584,699785,158297,395346,37694,3747,33477660,USTDH874285608,spotify:track:iartpkwqlqgasqjngrhphc,False,True,0.0167,drug,18+,active,1837976,1077251,392098,1143667,1315297,1942421,1990677,853679,672216,569237,1195951,75582,1747261,975624,1147540,928914,365047,680382,689858,73042,1480782,782793,651862,250464,False,True,True,True,False,False,False,False,True,False,False,True,False,94,5,Lhfjcv,Gwfwiu,Jvnembk,10,True,8,53,0.599,0.6563,0.8206,0.3887,0.6728,0.8912,0.598,0.435,0.0208,0.5237,0.1781,0.4247,0.0194,0.1697,0.2253,0.8143,0.658,0.0271,0.6239,0.868,0.3654,0.5864,0.7777,0.5835,0.3343,0.7811,0.2055
spotify:track:ggfiqlfjwsgsgomsmaocur,Track Scsgmi,spotify:artist:refgecxamtcmmpgtmvqvse,Yebnd,spotify:album:whnrswcmuucwpmuahdwzpa,Uqnehc,1963-12-03,305205,True,Dutch,Country,R&B,0.2386,0.4922,E,-15.81,Major,0.2242,0.8897,0.0593,0.3414,0.6676,140.356,5,90,390332126,14981284,467690,63,89,134,30,60,105,67221731,21917710,97,True,GB,1970,322,29,Indie,Electronic,compilation,20,2,18,Columbia,9403464011108,84,97,0.4327,0.719,0.6361,3574965,26096865,39,4823781,134080,60959,396548,182481,32143,4443189.27,998119.44,316493.08,20082.18,0.00316,0.403,0.282,0.131,177,74,2017-04-26,2010-08-10,76,9,145,6,False,False,False,False,False,False,True,False,False,False,True,True,False,False,False,False,True,True,False,False,False,True,False,True,False,False,False,True,False,False,2169255,2559880,3528622,3045943,4068396,2595961,4335328,572277,2452898,2669266,1342605,2659808,1129362,4291765,4284962,4480703,3304303,2499729,3178499,2667593,0.8646,0.8848,0.6104,0.8951,0.25,0.9812,0.4757,0.5581,0.1553,0.2376,0.596,0.2238,0.4369,0.6094,22050,2,-39.586,-9.461,18.457,-30.739,236.091,9.994,312.261,3701880,3168880863,379636,131784,438226,9935,1337,34545717,USDZZ107862021,spotify:track:fwldlxpivbrwggxpromlfj,True,True,0.531,drug,E-Clean,restricted,766941,747378,1431066,1947938,1145197,1871802,1646993,1647476,375863,870439,1980103,474723,333692,1987045,183730,1106138,1265877,589608,1677927,1616759,1606152,775020,1843438,209912,True,False,True,True,True,False,True,True,False,True,False,True,True,421,2,Erprzi,Vfhrst,Lqhvwrf,5,True,17,99,0.196,0.6266,0.7722,0.8491,0.8659,0.6129,0.081,0.7405,0.7629,0.225,0.3762,0.2216,0.2934,0.2274,0.6577,0.6553,0.6649,0.7649,0.1707,0.2545,0.5027,0.839,0.7367,0.9228,0.1188,0.1354,0.9107
spotify:track:emvylpcdwonvetzhqeajpv,Track Jvocyo,spotify:artist:mockwbcnbhztmkdwfkimcz,Akknm,spotify:album:ipymqowlqutoujbkwycpce,Kzmdvc,2013-06-12,294002,True,German,Hip-Hop,Rock,0.1542,0.1529,G,-19.51,Major,0.3836,0.4544,0.2948,0.7227,0.1744,109.061,4,73,686025017,18881657,1780287,101,87,194,181,173,72,66346446,50474833,28,True,SE,1971,153,12,Folk,Ambient,album,7,2,11,Independent,3782821944381,89,124,0.3898,0.493,0.644,9865677,796423,71,2983505,788114,175811,492667,43548,99107,714172.77,2172197.66,85349.76,8647.05,0.00638,0.471,0.391,0.072,74,77,2020-02-03,2021-12-10,7,25,70,15,False,True,False,True,True,False,False,True,True,True,False,True,True,False,False,False,True,False,True,True,True,False,False,True,False,True,True,False,True,False,1792447,3903308,510073,4401323,3488759,4597454,224397,4456227,4292662,2021330,2838726,4423330,3097312,2955242,4216578,1882442,3583266,2188257,2690113,2205454,0.6336,0.4483,0.7655,0.449,0.5652,0.7612,0.4831,0.133,0.7337,0.922,0.632,0.648,0.0578,0.7687,22050,2,-47.22,-9.396,23.918,-40.403,243.632,5.852,274.212,4429183,1407902537,845990,363217,466527,29695,4280,86016779,USWXM337271554,spotify:track:lrypjcypfxehmqqqeifxaa,True,False,0.8685,sexual,E-Clean,takedown,154641,1681091,1607201,1173340,1776829,1018897,735815,948743,116576,768053,427629,1708442,379861,87157,1180096,1506443,515239,789096,160026,464014,1434461,1323739,42220,136527,False,False,False,False,True,False,True,False,True,True,True,False,False,335,4,Ykufsu,Sxgbcc,Eagsaln,7,False,37,7,0.5519,0.4761,0.698,0.4758,0.9711,0.1056,0.4161,0.5711,0.1432,0.345,0.1694,0.3095,0.9265,0.0843,0.0162,0.3997,0.6093,0.6518,0.4425,0.2921,0.0016,0.689,0.055,0.5136,0.1323,0.6297,0.6891
spotify:track:ktbacniglabaaddsekvwyb,Track Ctdzbx,spotify:artist:objfgpajmqxvbzhhcuulvo,Tjogd,spotify:album:zpiqdlcxmweiwupiaehtxc,Nzdiuq,1964-07-09,206857,False,Japanese,Ambient,Indie,0.002,0.8801,E,-17.17,Minor,0.6508,0.1383,0.2153,0.9649,0.1794,76.152,6,80,1375871128,33768761,928366,128,32,176,50,40,1,20747239,2233382,51,True,AU,1976,8,8,R&B,Punk,compilation,15,2,24,Def Jam,2515409608240,74,99,0.4174,0.867,0.7576,7331536,11719536,145,3173762,33183,82134,496669,185875,79781,4245007.77,2836419.82,155943.31,121988.7,0.00163,0.692,0.112,0.169,127,15,2019-04-23,2016-09-05,77,21,66,21,False,False,False,False,False,False,True,True,False,True,False,True,False,True,False,True,True,False,True,True,True,False,False,False,False,False,False,True,False,False,4983183,2429693,3593223,2561494,2875295,2308017,491597,1586325,252231,234160,1302948,839910,2518692,1960255,3227487,3487285,2737691,4726617,2465290,3012378,0.8991,0.2012,0.9901,0.1722,0.9785,0.1365,0.2488,0.7895,0.3329,0.2447,0.3491,0.4172,0.8091,0.9858,22050,2,-11.042,-4.593,20.125,-41.804,336.391,1.488,200.795,1854563,3109894,211638,122033,424398,41651,3823,85742245,USKUC566409810,spotify:track:tnqvfjpebjmskbujxlqaxv,True,True,0.8718,violence,E,active,1374760,1968271,1265839,1167405,1739502,193939,130276,63811,1351536,1212673,1792978,555330,618450,463386,31730,74432,291800,963494,1023665,472461,290091,1572895,29651,1420474,False,False,False,False,True,False,False,True,True,True,False,True,True,892,3,Vkfqcg,Tlfpww,Mccwzlx,3,True,1,48,0.6703,0.8008,0.7305,0.8886,0.2813,0.1988,0.7337,0.8337,0.7278,0.8721,0.0632,0.4972,0.7087,0.1344,0.5402,0.5951,0.313,0.3106,0.0511,0.5323,0.6566,0.2596,0.5576,0.584,0.4886,0.336,0.7965
spotify:track:ymvqipxopeyhihsydacqpd,Track Tvlihf,spotify:artist:tqslqjyzleugigyvarxrty,Pweqk,spotify:album:fvmtcvejsmafcvbjmrjfdh,Oeiipi,2009-08-18,249885,False,Spanish,Soul,Hip-Hop,0.231,0.9509,A,-15.68,Major,0.913,0.914,0.7835,0.2786,0.8966,168.656,4,42,1860661601,48425217,1905601,124,55,157,109,72,51,27126432,16733519,55,True,BR,1960,330,20,Ambient,Electronic,compilation,22,2,18,Atlantic,1641267058738,48,158,0.5928,0.6841,0.6417,9169129,21054004,188,3320074,543148,172821,296418,72165,38182,393698.34,856939.51,285928.94,41092.16,0.00789,0.334,0.196,0.164,182,69,2017-02-15,2017-01-01,4,11,100,48,True,True,True,False,True,True,False,True,True,True,False,True,False,True,True,True,False,False,False,True,True,True,False,True,False,True,False,False,False,False,2583026,1667864,248764,33356,3894039,2451580,2826335,3780987,4099107,3933228,2441160,1015910,2462071,3524126,2905221,841185,4206268,1761333,814462,3366979,0.2445,0.7578,0.8857,0.2217,0.7853,0.8889,0.7058,0.1969,0.3325,0.7346,0.4633,0.5056,0.3797,0.8748,22050,2,-0.022,-16.263,27.189,-39.806,229.556,9.885,264.152,374223,8316530749,603538,335930,353255,23404,157,69203470,USYSL164638717,spotify:track:ghcsbratgonnfpubabrexm,False,True,0.5312,drug,E,inactive,1490916,1419777,1219966,1324151,1344137,304287,999827,170338,1187795,199418,1061061,1242381,1207332,1691952,462182,1172374,1763723,1795164,221846,1999823,1280000,1120478,1002176,1835529,True,True,False,False,True,True,True,False,False,False,False,True,True,523,0,,,Zllvtdd,10,True,21,16,0.6861,0.6147,0.1681,0.1074,0.796,0.8338,0.8723,0.337,0.7495,0.4875,0.4892,0.0777,0.0834,0.6143,0.8039,0.9009,0.5694,0.1157,0.3262,0.7132,0.7931,0.4889,0.9502,0.8001,0.7834,0.3446,0.6168
spotify:track:ykjcndlwqijplmtgsknwzf,Track Duafks,spotify:artist:ipvyllqhshgdnxzfzrcdii,Ommvx,spotify:album:jfbbirjorikoltouhwciet,Qnsxqg,1967-10-30,126687,False,Japanese,Soul,Electronic,0.6109,0.7249,A,-1.11,Minor,0.8389,0.3667,0.7644,0.9492,0.7733,182.738,6,80,4506530109,15859042,1870690,156,60,55,97,113,175,65364092,60955505,32,False,FR,1964,442,24,Alternative,Latin,single,19,2,4,Sony,5900690737171,62,51,0.6875,0.9209,0.8155,888843,14171053,20,90301,458377,208342,206866,73777,57093,3511648.79,289377.25,473089.08,186419.04,0.00527,0.616,0.25,0.186,160,59,2021-10-18,2022-04-26,66,20,90,33,False,False,False,False,True,True,False,True,False,False,False,True,True,False,True,True,False,True,True,True,True,False,False,False,False,False,True,True,True,True,1571056,3231846,2776285,507263,1915226,416904,2657958,1172814,2193848,786703,810676,2286577,1412639,329981,3715987,3414198,3136656,798494,1870283,1811952,0.3373,0.8392,0.2822,0.3736,0.4372,0.2487,0.9895,0.7531,0.4176,0.6893,0.9938,0.5399,0.7866,0.9419,22050,1,-14.69,-8.188,1.612,-13.634,169.442,9.569,281.412,3342280,300045613,728502,393766,297689,29402,3368,65889353,USJCQ353640228,spotify:track:ifrnewovopwgyezbnixiza,True,False,0.104,sexual,E,inactive,848199,1502382,527493,384458,1854834,510969,1673987,1029536,1515895,520618,456611,162789,428987,626923,1713897,1328543,312692,652888,131294,613113,1854801,1313399,922385,259870,False,False,True,True,False,False,False,True,True,True,True,True,False,139,3,Xodsxx,Tztmog,Fhbwypv,10,False,44,82,0.9738,0.319,0.6103,0.3922,0.4814,0.2764,0.4842,0.9891,0.3164,0.6901,0.9017,0.4335,0.5074,0.1629,0.7702,0.8477,0.4417,0.372,0.7508,0.4625,0.6761,0.9722,0.123,0.0658,0.5907,0.9674,0.8543
spotify:track:rpcjtawzqaelwuthenwyaz,Track Fontku,spotify:artist:hxiotctootvpnspfefpeoy,Narmj,spotify:album:zunuhmskiadtkfxcdezjgd,Khguta,1985-03-25,339755,False,Japanese,Soul,Country,0.098,0.7701,D,-6.81,Minor,0.4219,0.1455,0.6577,0.4913,0.4285,88.201,4,87,255072656,4716062,127736,13,37,66,81,135,198,70891785,57523355,34,True,NO,1990,307,20,Reggae,Ambient,compilation,20,1,22,Independent,7625758527355,44,132,0.1228,0.4474,0.5573,7275996,36139591,26,3178386,365525,94653,389429,37237,32699,1663172.3,1473491.28,413970.31,120642.02,0.0074,0.546,0.244,0.196,60,93,2024-03-03,2018-01-27,18,8,149,39,True,False,False,False,True,True,True,False,True,False,True,False,False,True,True,False,False,True,True,True,False,False,False,False,False,False,False,True,False,True,4469235,567157,380900,3010527,4833740,3672932,2221048,3608814,4205858,4816395,4769157,1909865,1822073,276832,3032908,1808018,4076088,2354094,359898,3560680,0.1578,0.2563,0.3879,0.0553,0.2354,0.1514,0.9839,0.6929,0.4981,0.3895,0.1087,0.5365,0.7799,0.111,22050,2,-14.742,-18.379,4.237,-41.931,216.052,9.444,345.762,1530815,5430593898,422529,444846,106898,39283,4511,46739994,USMDK995045622,spotify:track:qsnwapvxlxyouzqwiaiwqi,False,True,0.3447,drug,PG,takedown,572977,473285,1753940,602084,1995042,1666921,674430,492516,800489,1763442,615887,1297344,1185594,821562,210408,1501173,128971,1021988,1047462,1513300,1925290,1203497,1269197,1333804,False,False,True,True,True,True,False,False,False,True,False,True,True,972,0,,,Amdutwm,7,False,48,88,0.4369,0.563,0.8564,0.6919,0.8971,0.1083,0.3583,0.8708,0.3773,0.5943,0.0098,0.9306,0.5157,0.8727,0.1549,0.9566,0.0375,0.342,0.0064,0.0253,0.6119,0.7703,0.6178,0.0809,0.348,0.5297,0.9273
spotify:track:yfprwwgjleectnphcquorx,Track Kpfboi,spotify:artist:ppbatrljbvvfxqbdwhsncl,Eajuf,spotify:album:nbioxuptxknzguehjbjiwo,Eccqbs,2009-01-04,212768,False,Japanese,Latin,Ambient,0.9357,0.068,E,-14.55,Major,0.5942,0.2418,0.9438,0.83,0.3532,103.099,3,79,3310430256,33526721,1345352,14,176,96,65,131,118,41078760,71067769,60,True,ES,2011,195,5,Country,Pop,album,12,2,1,Atlantic,2310089679033,48,111,0.8363,0.8464,0.83,488112,23414762,158,174651,874960,268081,446992,94575,84399,1863125.03,1373330.72,164914.54,107565.32,0.00617,0.63,0.243,0.155,64,74,2012-02-28,2023-07-02,40,32,69,15,False,True,True,True,False,True,True,False,True,True,True,True,False,False,False,False,True,False,True,False,True,True,True,True,True,True,True,False,False,True,1967581,4068151,3775024,1611841,4632318,914920,1838846,2091519,62377,4506707,2041508,819892,2207663,3103740,1362986,2096233,4116865,4479610,109578,1738833,0.3087,0.2169,0.1961,0.8821,0.515,0.2643,0.1534,0.3644,0.3199,0.9644,0.9073,0.3927,0.7604,0.0341,22050,2,-4.79,-19.185,1.489,-38.382,253.48,6.576,338.112,1805398,2338505449,343541,245953,436298,24410,435,12419126,USWHR987941694,spotify:track:zshyxuwzwcrvzvyhkxricc,True,False,0.9187,sexual,E-Clean,restricted,819752,897991,1124763,1160322,759243,609211,1796571,1643686,657881,1398898,697367,492713,1630068,1832436,1329156,1436507,836857,461021,1043596,1952785,1683326,1040777,892462,909240,False,False,True,True,True,False,False,True,True,True,False,True,True,390,3,Zniqnk,Ixogfi,Yrtfrcf,4,False,27,14,0.8152,0.9462,0.8967,0.1639,0.5068,0.4748,0.2971,0.4562,0.8304,0.7887,0.4456,0.7481,0.2267,0.6206,0.8063,0.1102,0.7637,0.0761,0.6989,0.8677,0.5576,0.8811,0.3462,0.5463,0.6663,0.5227,0.9477
spotify:track:vrdqtsrhnhhwfmoktjimow,Track Knghdd,spotify:artist:npgipydcxnligblurbvrgx,Hizmy,spotify:album:vavjclrjyzjmelzhscgqna,Acjqrh,1990-12-07,146650,False,Swedish,Folk,R&B,0.2798,0.8572,A#,-12.82,Major,0.5426,0.8575,0.3837,0.0363,0.8721,84.478,6,54,3120183857,34726649,104147,137,66,62,134,133,18,51355282,72596570,39,True,NO,1981,101,21,Pop,Ambient,album,15,1,10,Republic,2326303766584,27,14,0.0285,0.493,0.8241,4012422,47949087,35,3833412,192249,87203,108385,130087,29095,4163646.83,1839344.58,161988.21,52343.97,0.00287,0.667,0.216,0.057,150,6,2015-11-03,2020-05-31,30,23,54,21,True,True,False,False,False,True,True,False,True,False,True,False,False,True,True,False,False,False,True,False,True,False,True,True,False,True,False,False,True,False,752579,2167323,2033027,960111,3244309,2440752,764435,577652,746739,1678681,3642413,3080188,3522287,2604416,414246,1311898,3025820,2420403,1454032,3590472,0.0407,0.4127,0.54,0.6459,0.6589,0.1673,0.5206,0.2036,0.8509,0.6092,0.616,0.5378,0.5969,0.9238,22050,2,-37.963,-1.906,16.957,-50.663,135.311,4.826,330.079,2701812,9345596546,283936,326459,233413,30043,2911,53438674,USJCN756634544,spotify:track:jlftcdbftsnjfuuehtfuhu,False,False,0.2885,drug,E-Clean,restricted,1857176,1091234,419843,1178447,1453607,266746,759204,316021,779402,1819476,600523,451160,75325,1307064,1797506,403267,1967619,716382,1445459,521971,1954478,1584480,712241,362554,True,False,True,False,True,False,False,False,True,False,True,False,False,104,2,Mixabx,Bfaecd,Pyccvpf,4,True,35,45,0.9112,0.0987,0.9762,0.9355,0.4093,0.2307,0.1331,0.7438,0.7465,0.1138,0.2641,0.2029,0.4748,0.3361,0.0363,0.3218,0.8347,0.3928,0.5436,0.4406,0.5504,0.8098,0.7658,0.96,0.679,0.6389,0.7616
spotify:track:cenexskiukrfsvoeawicle,Track Schilz,spotify:artist:omqejwwihzpapqlpcsasly,Zopfn,spotify:album:coqxqhzxlkezcsadcimxnk,Fxlifw,1963-01-27,154226,False,Korean,Blues,Punk,0.4328,0.8876,G#,-12.62,Minor,0.2125,0.0889,0.1616,0.067,0.7124,157.167,5,96,361764158,47028613,1291427,65,119,53,158,104,188,48810909,38948295,95,True,DE,1962,175,12,Soul,Funk,album,22,1,7,Universal,9745095533413,66,77,0.2038,0.9016,0.1883,4391339,38075683,70,2796951,175183,53173,88511,90601,92694,4349112.68,2799382.91,216620.55,84852.39,0.00678,0.605,0.327,0.184,28,70,2010-12-31,2016-02-11,7,42,148,47,True,False,True,False,True,False,True,False,True,False,True,True,True,False,False,False,True,False,True,False,False,True,True,True,False,False,False,True,False,False,1838868,4822537,1495736,2393945,2856924,1777394,3337296,109987,2426289,1061102,2126552,219508,4503579,701764,3804650,2375447,2319003,1159571,3082074,1990535,0.9291,0.6993,0.8225,0.8051,0.4002,0.6513,0.7515,0.1857,0.7935,0.9471,0.4325,0.8561,0.0192,0.0979,22050,1,-50.072,-13.867,29.384,-36.95,149.503,2.597,223.934,4503817,8757975369,843268,255966,839,10577,65,81601759,USTMS874281830,spotify:track:mqgldvxgpakiqmmiltfcdr,False,True,0.2401,none,E,inactive,1939780,1821793,390827,706036,1994532,802787,1206667,1914129,1694217,871814,569602,933315,1601162,527273,1921413,1889831,140823,400229,1937683,1900520,494699,146692,1935608,210549,False,True,False,True,False,False,True,True,False,False,True,True,False,309,1,Awpzqq,,Iogjjiw,7,False,31,11,0.2072,0.3061,0.8817,0.7058,0.3287,0.7469,0.3015,0.1688,0.515,0.6389,0.2125,0.8814,0.6869,0.8307,0.5115,0.321,0.187,0.7167,0.4469,0.6123,0.2117,0.2557,0.8489,0.3553,0.4381,0.3153,0.2399
spotify:track:qjdparhyhdyytbheglfwli,Track Cfmaeh,spotify:artist:ccajjpkvkhmdbxkyryfmny,Mymhm,spotify:album:wepkfxcgfmutyodcleyrmp,Khpqwj,1987-08-25,312608,False,Japanese,Blues,R&B,0.9747,0.739,D#,-9.11,Minor,0.9747,0.1502,0.0292,0.4187,0.8807,177.695,6,72,1735048141,20592793,1633103,22,193,3,145,98,98,9387519,49474989,78,True,AR,1984,81,24,Indie,Soul,album,18,2,2,Republic,5188279789700,60,55,0.0245,0.843,0.139,3931842,35444444,160,3042029,669444,173306,368171,25523,90994,3435361.84,1777640.11,77028.58,190487.72,0.00518,0.359,0.114,0.081,96,94,2022-05-31,2013-05-14,29,15,148,35,False,True,True,True,True,False,False,True,False,True,False,False,False,False,True,True,False,True,False,True,True,False,False,False,True,False,False,False,False,False,3854642,2271240,1660556,198292,3380049,1302119,194807,3205489,4427812,541788,2595642,4673207,2506195,4748174,1034829,4929207,4242443,3682958,1184676,422438,0.1732,0.5902,0.0791,0.2085,0.7592,0.5177,0.2376,0.6469,0.585,0.9997,0.8984,0.5792,0.5497,0.7548,22050,1,-17.955,-7.341,17.726,-45.049,166.805,6.256,349.356,3813224,9790655090,356271,27681,455086,18499,2317,32084353,USWEC851560729,spotify:track:gyukrpzzvhbttzcxqggcmz,False,False,0.7119,violence,E,active,509396,997890,861768,1944479,332893,367447,869051,1788926,1529593,701712,1260345,561516,256218,1507270,684305,269752,755235,1952691,1839214,1669495,1120009,441104,1103912,733841,True,False,True,False,False,True,True,False,False,False,False,False,False,825,3,Cerquc,Bepciu,Yridcjc,2,True,6,36,0.384,0.1316,0.7659,0.3707,0.89,0.6338,0.592,0.3972,0.163,0.5922,0.0974,0.2707,0.0481,0.1137,0.1406,0.2423,0.4288,0.8121,0.3991,0.8169,0.3952,0.1429,0.0951,0.561,0.1801,0.5287,0.6329
spotify:track:ownrlcbqvnhrlbzavtggaq,Track Azeccc,spotify:artist:hnixcttationpdikhyttyp,Kspgj,spotify:album:bcjrfbauwbascrktwirrdq,Apmntx,1966-05-10,254188,True,Dutch,Reggae,Dance,0.3932,0.1397,E,-14.91,Minor,0.0558,0.3699,0.1422,0.9239,0.4985,124.569,3,28,4144910123,10249190,53790,182,150,20,105,2,170,36576066,78412795,86,False,FR,2021,377,23,Jazz,Classical,album,20,1,3,Def Jam,0848924053523,32,185,0.9227,0.6552,0.8067,5112444,32307762,10,3071790,727540,239388,46322,41663,54594,1588217.4,2884241.95,192049.28,181368.68,0.0035,0.572,0.195,0.108,118,12,2017-07-08,2020-04-13,99,8,22,8,True,True,False,True,True,True,False,True,False,False,False,True,False,True,False,False,True,False,False,False,True,False,True,True,True,False,False,True,False,True,4227694,3616450,4332976,1603718,84237,2121221,1712571,2350985,1216869,1350996,4971654,4160619,4531409,3134371,1819447,1097061,1039120,28066,541465,2016972,0.219,0.5829,0.5652,0.2172,0.5651,0.2806,0.0474,0.49,0.8132,0.4204,0.5541,0.8337,0.9199,0.6563,22050,1,-53.638,-13.919,26.269,-34.041,296.588,1.481,252.792,4599202,2097847160,705244,387623,428271,39176,380,81965774,USIBR697521605,spotify:track:octtkgtedpycsklzxlsips,False,True,0.6889,drug,E,takedown,1792243,570558,1483348,1132997,1326484,1287888,969175,1940150,1132186,1141255,1528607,184401,1408478,1334902,555288,201933,1447364,289949,540693,687629,1745710,343630,1667077,932509,False,True,False,True,False,False,False,True,False,False,True,False,False,862,4,Ctutsn,Rxlysw,Cxcpnbx,2,False,10,2,0.1012,0.2765,0.6234,0.6563,0.538,0.3097,0.5521,0.8874,0.1744,0.6638,0.9288,0.9356,0.3107,0.293,0.1769,0.4748,0.4375,0.7277,0.7954,0.8407,0.927,0.185,0.4106,0.1626,0.9157,0.2326,0.5016
spotify:track:ogihknugtvzybxiykkmurb,Track Xoaqss,spotify:artist:pyquvvvxkkmpjcbsjsemkb,Zspda,spotify:album:lxpsjabghiwvjgyjlejeww,Aciovo,2010-08-21,303639,True,Japanese,Classical,Soul,0.0292,0.7443,A#,-10.44,Minor,0.7024,0.0289,0.9427,0.4564,0.0048,176.683,4,93,3333227400,15262811,1359161,120,124,94,108,126,122,36370898,50452391,49,False,AU,1983,142,4,Metal,Punk,EP,5,2,21,Universal,8446275643837,74,46,0.277,0.4484,0.2421,6474647,36115332,174,1069042,888627,293335,499477,95212,11953,1992620.9,433212.57,333512.89,98106.86,0.00896,0.43,0.126,0.12,136,50,2015-05-25,2015-10-28,81,5,71,19,False,False,False,False,False,False,True,False,True,True,True,True,False,True,False,False,False,True,False,False,False,False,True,True,False,True,False,False,False,False,1471722,1209984,584458,3399484,1755249,2196696,3413865,2772093,777149,4456626,3394803,2667498,950309,2903620,1952168,720517,1112658,534189,2458478,601849,0.6767,0.2334,0.5213,0.6286,0.5018,0.8418,0.6235,0.5316,0.8308,0.4302,0.509,0.3149,0.108,0.639,22050,2,-9.713,-3.845,23.5,-53.851,123.378,7.663,252.491,1987490,6932431967,485609,19395,56107,45070,2742,49605793,USREK197239369,spotify:track:psozzfijgavewscqnbchna,False,False,0.9738,violence,18+,takedown,936690,1435372,1018982,517156,608411,1440006,1353068,454234,313899,1175246,378476,480015,1852724,1271764,143218,394757,267164,1389234,1480858,139021,1153006,1660976,1726604,1330810,True,False,False,False,True,False,True,False,False,False,True,True,False,913,2,Ntlmxe,Bdxkph,Ozspjya,5,False,33,25,0.9736,0.8164,0.147,0.8446,0.291,0.7205,0.3316,0.8957,0.922,0.5903,0.4997,0.986,0.2679,0.3005,0.9079,0.9699,0.0821,0.7279,0.6843,0.7967,0.6873,0.0429,0.9468,0.4585,0.5859,0.6855,0.8272
spotify:track:pccdeticdrjfnahckizman,Track Xmjptf,spotify:artist:esagtmtglywihqcbuffgyv,Vgsym,spotify:album:bjieqxhiykdhcdrcjzynnt,Efmdcy,1989-08-04,242517,True,Korean,Soul,Rock,0.4573,0.8316,B,-6.51,Major,0.8416,0.3001,0.8976,0.8181,0.3004,175.601,6,41,4139348018,4657893,216323,60,29,96,194,178,107,70656899,65293100,26,True,GB,1976,153,6,Reggae,Metal,EP,20,2,8,Atlantic,9532005136543,87,48,0.6951,0.4735,0.0345,3142615,32942114,162,595131,635374,81062,203879,80136,24151,552305.27,20136.98,117665.77,156249.12,0.00833,0.672,0.255,0.176,8,62,2015-08-06,2019-10-02,54,48,199,46,False,False,True,False,False,True,True,False,False,True,True,False,False,True,True,False,True,True,True,True,True,False,True,True,True,True,True,True,True,True,3011043,1977944,1101063,1399308,356640,4544882,4919393,1971631,4830675,3014530,3216872,413539,4438723,4791970,4432026,254343,2444992,3562369,3212604,594618,0.8493,0.1165,0.8492,0.8645,0.286,0.8633,0.1814,0.8088,0.8244,0.8969,0.6138,0.0996,0.1218,0.4871,22050,1,-12.567,-11.626,1.749,-35.827,247.405,7.277,254.76,3603818,3345099475,191689,243712,497103,12901,992,57004585,USAVJ296833917,spotify:track:uyysjvhczlvuqixjkmuytg,True,False,0.1658,drug,18+,active,36378,10584,1959890,1895821,1751961,28339,1755087,1462946,230141,444024,1593923,1972954,930295,551744,401321,938153,1070762,568791,1025725,1534409,204725,36158,1589486,995523,True,True,True,True,True,False,True,True,False,False,True,True,True,737,1,Gbidmj,,Okvcsba,6,True,7,67,0.8972,0.1627,0.7317,0.4996,0.7522,0.6231,0.6255,0.2061,0.3014,0.6647,0.0852,0.0561,0.3948,0.5888,0.6751,0.9638,0.8954,0.0862,0.32,0.6993,0.6334,0.6761,0.0478,0.0189,0.4809,0.4983,0.3385
spotify:track:iyfnttoymrnhkyicfogjzr,Track Woiqek,spotify:artist:hibmvzlfwrbkfbhsocmgqn,Weqmk,spotify:album:usppashnqkpjkvctoodcam,Nhjvam,1980-01-10,171956,False,German,R&B,Latin,0.5783,0.9819,D,-9.97,Minor,0.9885,0.0944,0.686,0.1201,0.4749,150.55,6,27,2938093502,11579684,60183,107,197,146,195,147,171,20559316,45411063,99,False,FI,1990,28,1,Classical,Folk,album,22,2,12,Republic,6922080582559,77,48,0.4407,0.9885,0.9358,7423695,33962059,200,1759156,302573,24685,260414,152815,89861,3131585.79,563775.45,469872.27,100388.84,0.00945,0.336,0.299,0.063,126,57,2024-12-04,2012-02-08,16,1,58,19,True,True,True,False,True,False,True,False,False,False,False,False,True,False,True,False,True,True,True,True,True,True,True,True,True,True,True,False,True,False,67335,668481,785616,2073961,4787534,1356143,913878,2979846,4685647,654422,4867257,1258254,3909686,4127369,1235271,2236124,2420853,2095513,3760521,3527461,0.9506,0.3223,0.0755,0.7314,0.7416,0.9199,0.4263,0.5734,0.0987,0.9038,0.6353,0.7444,0.1961,0.9121,22050,2,-22.738,-11.137,14.622,-57.33,359.462,9.627,215.64,4323011,9099747510,194115,365609,353003,39909,122,68572190,USUFN268345585,spotify:track:objkqdsooesllavvlujxuy,False,False,0.8399,sexual,PG,takedown,1259262,1905491,1907667,973033,1028533,909503,1011664,448666,1450948,1395395,1661558,1689720,1314198,1063175,32871,82286,1892574,969659,667110,71290,1535883,1709101,862928,1099910,True,True,True,False,True,True,True,False,False,False,True,True,False,510,4,Nvllqo,Ygktte,Zzydgai,8,True,40,65,0.5253,0.0151,0.1644,0.7143,0.6762,0.1564,0.6566,0.3465,0.7772,0.8706,0.4999,0.6185,0.218,0.5121,0.5375,0.4982,0.6837,0.4386,0.7319,0.7256,0.8325,0.6723,0.7837,0.0102,0.1274,0.685,0.6492
spotify:track:ihuhcviwaoxokdstepqvjg,Track Kvzwzg,spotify:artist:kdssklgnjomcsdcwklbwbm,Mauso,spotify:album:psbvxworaegzpkieicycgc,Zxgcky,1992-09-03,198651,False,Spanish,Jazz,Country,0.8594,0.9336,F,-12.72,Major,0.415,0.9877,0.3017,0.6197,0.3489,117.493,4,3,2964620803,25625804,419129,60,132,106,184,79,131,53636635,44665159,2,True,NO,1997,135,7,Indie,Jazz,EP,21,1,3,Sony,4220344874508,33,17,0.3089,0.3422,0.274,4621516,36745950,110,2304401,808325,33988,359177,82928,28321,1730565.25,73567.04,8655.22,53097.41,0.00967,0.594,0.123,0.128,11,48,2014-09-06,2023-06-05,20,39,183,17,False,False,True,True,True,False,True,True,True,False,True,True,False,False,True,False,False,True,True,True,True,False,True,True,False,True,True,True,True,False,1065989,2666159,4886635,1845736,1124874,4633949,3594484,3030861,4107041,1004311,932166,1416265,2458517,4814151,907157,1174388,4285427,1777640,21808,223090,0.4276,0.871,0.7582,0.1127,0.2118,0.9236,0.6556,0.17,0.3641,0.4144,0.5705,0.4936,0.4,0.682,22050,2,-59.528,-7.597,2.561,-31.659,267.105,9.156,222.401,1915939,7315011215,592445,64419,130498,47949,1716,48503103,USFXG651787796,spotify:track:quszrocurcvonpendhovcf,True,False,0.0039,drug,PG,takedown,1350266,1817369,1460496,1869668,1383583,1340105,1345625,921087,1841612,483789,296769,1502901,340533,456555,1900468,291616,289763,528903,332854,1795325,907640,419328,950000,1826017,True,False,True,True,False,False,True,False,False,True,False,False,False,355,4,Aghclf,Galhtk,Itfpqgv,9,True,17,93,0.3742,0.5768,0.5872,0.3193,0.0052,0.5501,0.6974,0.4496,0.3181,0.8091,0.4941,0.717,0.7842,0.7439,0.6688,0.0276,0.4279,0.1779,0.7917,0.0005,0.7059,0.9389,0.1872,0.3008,0.6594,0.4486,0.9889
spotify:track:gwomhgzljywrratoswobes,Track Qwpnez,spotify:artist:pdecquhdqrmcbewppyaiau,Xepyd,spotify:album:jmzonnipvryeugvhowmqam,Nmubji,1986-05-07,219936,True,Dutch,Punk,Alternative,0.7962,0.3692,A,-16.77,Major,0.5414,0.1171,0.3581,0.7807,0.1403,180.416,6,49,4133258667,1445751,1200799,150,160,184,117,177,75,77558393,37670413,14,True,NO,1974,192,19,Rock,Country,compilation,10,2,8,Def Jam,1366013555276,72,176,0.6877,0.541,0.6604,8224835,4993436,85,2619263,985185,96538,424386,191931,74315,3449454.95,2692004.44,336579.49,184624.44,0.00635,0.659,0.341,0.062,149,38,2019-11-08,2024-09-09,64,4,12,30,True,True,True,True,False,True,True,False,True,False,True,True,False,True,True,False,True,False,True,False,False,False,False,True,True,False,True,False,True,False,922037,539386,2876030,2549294,1222858,972127,943100,4378291,4196189,2835390,2154108,961983,1241066,3241442,2728325,4870914,2816914,986436,3991817,1722088,0.2328,0.6542,0.423,0.5487,0.2786,0.0882,0.789,0.9013,0.0232,0.7645,0.0006,0.0928,0.5468,0.8906,22050,1,-59.712,-11.803,16.657,-49.13,321.059,2.352,257.666,2227246,7447647605,84192,349189,269400,39836,4104,16174818,USQMR528041225,spotify:track:xbqfjsnpazqbbwaapkopse,True,True,0.3976,drug,E-Clean,restricted,1676111,806984,604111,36088,1598558,1919954,1753163,1467968,498396,1483977,101050,937333,727680,6111,706262,1182638,1716880,1205111,1188838,56789,1374642,1984692,903107,583195,True,True,True,False,False,True,True,True,False,False,False,True,True,823,2,Pvajfm,Pjjnpc,Jvltiwz,5,False,32,13,0.793,0.769,0.4103,0.5483,0.7321,0.0072,0.6277,0.7973,0.7415,0.8732,0.9933,0.705,0.6716,0.1758,0.0809,0.4644,0.6282,0.2179,0.4905,0.7765,0.1207,0.7386,0.1286,0.9648,0.1728,0.3354,0.5311
spotify:track:cqsqdtmcjcazwigmuuagrd,Track Zpwici,spotify:artist:hjhzozjpboxavzrgspahqi,Oetjv,spotify:album:kgxpvytuzurlktmswqezgv,Tmpaxj,2010-01-03,137223,True,French,Latin,Folk,0.7571,0.7957,G,-8.99,Minor,0.2237,0.0426,0.7974,0.4215,0.5116,182.415,4,18,1973627785,28082151,870685,44,53,156,166,59,92,24188401,56307947,0,True,NO,2017,89,28,Blues,Indie,EP,17,1,7,Warner,7416214806981,25,166,0.7746,0.1326,0.6278,963952,3458248,42,2720387,904124,116788,22591,72197,94750,1995342.88,2202663.28,8536.71,90632.87,0.0059,0.608,0.316,0.106,60,14,2011-09-28,2017-08-18,52,19,179,33,True,False,False,True,False,False,True,True,False,True,True,False,False,True,True,False,True,False,False,False,False,True,False,False,True,True,True,True,True,True,805900,3641020,4631190,4307523,388774,3912039,26206,802390,4294099,1308139,701961,2805218,2820394,4105032,2205007,734931,1122767,3084301,842470,1496477,0.1038,0.5461,0.9627,0.6924,0.2904,0.8549,0.078,0.575,0.0724,0.9015,0.2662,0.6973,0.3419,0.3657,22050,2,-6.27,-5.263,27.838,-14.688,210.436,3.438,261.646,866232,4734849348,128808,393110,71479,2831,1869,40945828,USZRM441943987,spotify:track:ezbdhegyczizrfuyjcpqqe,True,True,0.0687,language,E-Clean,restricted,1576971,1771264,18279,1758326,1664156,1290847,1952764,1429465,1213015,445261,1521347,116492,884311,1702559,988093,899602,1322367,538263,263576,99545,1330379,1994809,1497418,1464653,True,True,False,True,True,True,True,True,True,True,False,False,True,49,2,Eyiikk,Vscfvj,Mqduufo,3,True,10,43,0.7892,0.1814,0.2679,0.5438,0.8669,0.0222,0.773,0.4092,0.8171,0.7109,0.3569,0.4731,0.3989,0.3119,0.5718,0.9626,0.955,0.5541,0.1,0.4237,0.7626,0.1662,0.6562,0.2954,0.6837,0.2592,0.2616
spotify:track:szwyksguoyodfsrquhurhh,Track Jruuth,spotify:artist:iseqmqpgjbbfphxdkhkydt,Jgtyx,spotify:album:xsuvlvakmqrbqrogpsgoes,Iyfdpt,2017-06-20,272618,True,Dutch,Jazz,Punk,0.9348,0.5644,C#,-9.8,Major,0.8834,0.7234,0.0132,0.2362,0.5004,134.511,5,43,46817563,2470554,820520,131,31,89,25,176,23,35585076,55635541,17,False,FI,2002,203,25,Blues,Jazz,album,16,2,6,Def Jam,8125192389082,77,116,0.343,0.6502,0.0697,4355218,25832028,191,1781984,255970,285261,137158,84265,42510,1419662.85,2399152.66,44629.36,131088.02,0.00226,0.663,0.392,0.17,166,64,2016-08-29,2022-07-23,13,14,21,9,True,False,True,True,True,True,True,True,True,True,True,False,True,False,False,False,False,True,False,True,True,True,False,False,False,False,True,True,True,False,4091450,1857095,2749302,2463189,4868218,3435194,1554303,3064755,2936332,4959549,152857,966835,1183803,761284,1823570,3055497,2788508,1584631,434502,991240,0.1618,0.2217,0.6846,0.1985,0.7289,0.3888,0.5815,0.465,0.4262,0.6347,0.9157,0.2984,0.0229,0.6298,22050,2,-29.099,-16.33,2.221,-16.372,338.336,3.305,343.303,4142144,775424747,932959,451402,181930,24574,2623,30480656,USEKZ939753831,spotify:track:vpuazvsbeznuoypuvqoskk,True,True,0.0311,violence,E-Clean,takedown,597891,653554,1539854,410345,67085,658528,366334,1384628,443150,1566161,891808,216464,1989275,533905,1820610,1984946,1605093,200483,906325,1738466,1651247,1956215,489801,1368619,False,True,False,True,False,False,True,True,True,False,True,True,False,823,0,,,Xlpfxmo,2,True,16,65,0.3694,0.1003,0.3481,0.5976,0.7412,0.8643,0.1707,0.8242,0.5561,0.4471,0.2826,0.044,0.1047,0.3073,0.9678,0.2603,0.6799,0.8595,0.9074,0.5182,0.488,0.5764,0.3493,0.7859,0.3233,0.9412,0.6099
spotify:track:vdcqltabohaswrfuryiuph,Track Xrveyn,spotify:artist:dwzmvhlglxttlikrchkqsc,Knpjw,spotify:album:ixdnhoiqhtecdceyynsuou,Hbcduq,1987-05-29,242530,False,Dutch,Hip-Hop,Indie,0.6865,0.5687,C#,-0.12,Minor,0.8861,0.1888,0.5006,0.1861,0.0677,96.057,4,33,4332544996,1683293,1571763,128,12,150,47,119,133,48726771,60213023,34,True,SE,1996,84,11,Latin,Jazz,EP,22,2,2,Warner,3868634690714,16,61,0.7008,0.7202,0.5232,7342958,1708926,130,3441376,987764,126264,109096,79317,98946,3664467.35,1051248.85,291084.42,189197.77,0.00887,0.319,0.152,0.184,6,88,2014-07-06,2021-07-09,93,21,100,45,True,True,False,False,True,True,False,True,False,True,False,False,False,True,False,False,True,False,False,False,False,True,False,True,False,True,False,True,False,True,4528728,1083534,2089829,4341738,1229377,95451,136568,115678,1445271,4983457,3964355,4499098,71832,3533661,4040979,4632761,1165344,2248956,3539435,2634546,0.6315,0.2025,0.6096,0.1492,0.9526,0.1209,0.514,0.1035,0.6234,0.2048,0.9513,0.8196,0.8193,0.7736,22050,1,-16.986,-17.01,4.993,-51.382,193.193,1.382,210.711,3287837,3649258528,540803,112343,291606,34409,667,34130373,USTPP799162915,spotify:track:slwkpocncnfyxgfyssreui,False,False,0.2574,language,E-Clean,restricted,58483,1498243,107522,1831425,553924,1081980,1904493,1280166,1925997,1428818,1335912,1296389,1032682,1682208,552320,1619571,533198,346658,1905415,367223,1379146,719818,1286215,1432149,False,True,True,True,False,False,False,True,True,False,False,True,True,751,0,,,Txzkaqo,1,False,31,31,0.9549,0.7467,0.3818,0.7605,0.9543,0.3557,0.5188,0.9048,0.955,0.7272,0.9117,0.3172,0.8405,0.2263,0.3324,0.2224,0.2119,0.7659,0.5898,0.0373,0.2466,0.7234,0.9921,0.5921,0.9608,0.7813,0.056
spotify:track:ltrltyeyxdtxlqeowujert,Track Idlgzd,spotify:artist:cwsyblqiklhgcxlhhruuob,Sysmm,spotify:album:xtngvzzodrszafhxmzusua,Vqfufy,1960-11-16,169905,False,Portuguese,Classical,R&B,0.8269,0.2493,B,-15.6,Major,0.9317,0.5712,0.796,0.0288,0.7749,137.116,3,98,2431351792,15319761,289773,178,46,165,150,35,124,70489856,5234691,79,True,FI,1990,452,26,Dance,Alternative,compilation,7,1,21,Universal,4098599758597,69,101,0.4797,0.4677,0.3798,9022724,27310420,65,2286446,865461,143698,307549,16844,15728,2728586.04,245614.71,52895.38,52544.65,0.0025,0.611,0.153,0.1,118,29,2010-05-01,2012-04-19,65,48,12,34,False,True,False,False,True,True,True,True,True,False,True,False,False,True,True,False,True,False,True,True,True,True,False,True,False,True,False,False,True,True,3506002,3875643,3683661,3065136,4888339,3684036,1106057,3901741,3697280,3910421,919387,4796873,4269201,2307794,3417452,222855,2957304,1582860,2526693,3305716,0.9185,0.3314,0.9064,0.2864,0.7596,0.0609,0.381,0.5382,0.2596,0.6467,0.9544,0.7813,0.5955,0.4897,22050,2,-18.298,-4.867,12.017,-50.503,150.199,0.934,274.626,1619287,4378471392,253161,396431,433572,39127,16,72977041,USXCA144759188,spotify:track:ekmgpmtfeitcfqdmwqwgss,False,False,0.9122,language,PG,restricted,1486898,1257670,1754080,366360,608522,592844,1671560,918503,1712213,1419314,1528612,1438734,964087,1933969,1710454,159013,955469,653915,49763,855715,1940721,821949,1170325,812616,False,False,True,True,False,True,True,False,False,True,True,False,False,87,4,Dzpxyx,Onuope,Zecekix,9,True,23,55,0.4783,0.0336,0.9601,0.3888,0.1705,0.3246,0.8374,0.1022,0.1998,0.3169,0.1305,0.9676,0.5075,0.2881,0.2298,0.6724,0.7975,0.1836,0.9128,0.2541,0.7239,0.0993,0.1678,0.8857,0.1326,0.0431,0.2456
spotify:track:bzonqdmqrlumffcetbpwmc,Track Mxrygc,spotify:artist:tcpjowzovbdnzztjuixgjk,Hrqxw,spotify:album:sbwbmwoszqewxmssbxigsd,Etyegh,2011-02-23,332111,False,Japanese,Pop,Country,0.681,0.4529,F,-9.08,Minor,0.2514,0.4279,0.9668,0.1485,0.6187,121.842,6,66,4341934783,29783860,669806,21,105,52,140,2,103,57206300,24296853,51,False,AR,1998,7,20,Dance,Rock,compilation,7,2,24,Warner,1913520673075,78,93,0.3823,0.0193,0.8288,8767553,18842598,143,2522894,74387,142233,299175,47081,16617,2688761.13,2511224.33,356560.47,6789.11,0.0022,0.635,0.17,0.103,17,10,2024-11-15,2020-12-08,99,20,131,41,False,True,False,True,True,False,False,False,True,False,True,False,True,False,True,False,False,True,True,False,True,False,True,True,False,False,False,True,True,False,3748506,4963241,3330858,872318,1506157,3538610,2816445,420632,4425562,4491484,4079712,3021253,2810263,4241573,2684599,1631742,3965670,4953018,4000256,4520402,0.9331,0.8391,0.4259,0.4193,0.6349,0.6239,0.33,0.1049,0.5492,0.7508,0.5074,0.4454,0.6439,0.7052,22050,1,-12.527,-18.33,19.213,-0.353,303.531,2.934,269.207,4001468,1984911048,416102,20792,273110,41793,2800,99002807,USISR495347798,spotify:track:sizbvldlxyiyjkxqnovdzp,True,True,0.5583,violence,PG,inactive,1712170,213779,885770,1507958,1597385,1615206,582139,1955159,1495833,1942429,857861,81937,838284,1439127,842702,1330828,648158,1183060,1633801,421466,1807913,336921,500703,1016810,False,False,True,True,True,True,True,False,True,True,False,False,False,953,4,Rnyqty,Uligpx,Taadncb,4,True,47,53,0.3992,0.8491,0.4665,0.0131,0.7175,0.825,0.7962,0.3084,0.6249,0.7042,0.8928,0.3915,0.9739,0.9534,0.6948,0.7782,0.3457,0.1477,0.7323,0.7632,0.9338,0.1618,0.0624,0.0851,0.1331,0.8767,0.1164
spotify:track:yjlzzemymkkdedtencrtmr,Track Dlxhko,spotify:artist:hojomiltxcdfcirhmevhqv,Zfjhj,spotify:album:otsnpeyplwfqlkensyukxj,Jradrr,2010-11-04,332077,True,Portuguese,Dance,Dance,0.348,0.3216,F,-8.47,Major,0.9438,0.084,0.5724,0.3648,0.5693,128.322,5,79,3693021811,17192948,756811,174,170,151,146,26,67,42017498,19840357,98,True,US,1977,20,21,Classical,Punk,compilation,1,2,3,Independent,8602119802563,10,11,0.8979,0.5263,0.5512,5263287,20104692,44,2911268,710630,173617,370990,113627,92343,2586128.24,2438278.69,91407.04,123466.16,0.00957,0.557,0.342,0.092,25,58,2011-12-27,2010-05-25,45,25,128,14,True,True,False,True,False,True,False,False,False,True,True,False,True,False,True,False,False,True,True,False,False,False,True,True,False,True,True,False,False,True,3876775,2085913,1426907,3036202,2876125,1789089,4581559,1322204,3859153,2575051,1811874,4685051,1964859,1308507,3310631,1353008,1069523,2829484,489740,3570422,0.872,0.2082,0.5295,0.4555,0.9014,0.6802,0.137,0.9508,0.8568,0.0713,0.8958,0.4108,0.424,0.3635,22050,1,-45.062,-18.876,18.067,-40.396,190.834,8.957,281.215,1387902,264990207,613229,259518,55113,2858,990,92897677,USYHH370750582,spotify:track:grvsbnmynrkirejwlnmjlt,False,False,0.9689,drug,E-Clean,restricted,1035358,715709,48352,181259,1264588,440795,307081,1685527,754048,273662,1484758,855255,1729576,925314,654595,1278815,585775,288604,1799583,392222,1600195,1777556,362989,189106,False,False,True,False,True,True,True,False,False,True,False,True,True,748,5,Fiwlfe,Bpnsfd,Fbmqftf,5,False,29,83,0.4318,0.0624,0.774,0.9543,0.3203,0.5363,0.5093,0.454,0.8039,0.9913,0.3,0.8106,0.795,0.8564,0.9085,0.5868,0.0678,0.6759,0.8804,0.57,0.2191,0.0285,0.2448,0.4916,0.5102,0.3207,0.5275
spotify:track:cgusqqdowfnkqlakcsyjub,Track Yuqdnu,spotify:artist:pjcjnamtldlacekfdtewek,Jwbcq,spotify:album:zkagidkodybvhlpadgmcys,Udyjvd,1976-03-26,182939,True,German,Metal,Punk,0.6132,0.7629,A#,-18.77,Minor,0.7128,0.9551,0.2043,0.9707,0.0816,79.275,3,94,4541570441,43892354,586962,102,54,198,18,19,135,51846773,61055495,2,True,TR,2023,274,28,Classical,Folk,album,22,2,10,Atlantic,3152039095182,83,6,0.9324,0.2783,0.0063,6908305,17055933,192,4049968,114891,291798,438363,178710,50408,3459045.83,1889830.93,135009.52,81807.46,0.00721,0.376,0.189,0.1,60,96,2023-10-23,2016-04-24,71,42,3,50,False,True,True,False,False,False,False,False,False,True,True,True,True,False,False,False,True,True,True,True,False,False,False,True,False,True,False,True,False,False,2273344,2943391,1031156,4938788,320770,3402282,3691433,4100239,2492525,1205777,548101,65160,4669724,1612860,124809,3488687,1749831,2321012,2476753,1676894,0.8343,0.49,0.0194,0.6702,0.2562,0.3317,0.8754,0.9973,0.9975,0.1853,0.2291,0.9835,0.3376,0.6883,22050,2,-52.467,-13.77,15.647,-28.788,351.883,8.392,297.605,1626008,712398706,941439,174316,444966,14493,2757,3525277,USEZL672351541,spotify:track:yxiwwssdecrqesbtadrhzz,True,True,0.6779,drug,PG,inactive,1159765,632733,782101,1927966,1610955,1768821,440815,752693,1752459,68956,1664793,113943,262716,203374,658238,1391070,1525832,862706,503072,1138835,415794,844983,791842,871370,False,True,False,False,False,False,True,False,False,True,True,False,False,820,2,Sgekmm,Iixocq,Nkkkfve,9,True,38,10,0.0974,0.2596,0.1124,0.5106,0.2953,0.7936,0.4563,0.7562,0.6774,0.2592,0.5739,0.0707,0.6746,0.6755,0.8838,0.9436,0.4286,0.643,0.9875,0.3967,0.0956,0.1815,0.9972,0.4825,0.6405,0.6485,0.2735
spotify:track:pajfcngjeofrivcsdsxvpz,Track Maolzv,spotify:artist:rleoofuhcjuvptfpjepuqf,Mfiqe,spotify:album:byctsrnlgvulzvxfabccqg,Codtmy,1967-05-14,252211,False,English,R&B,Indie,0.2283,0.5715,A#,-10.75,Major,0.3507,0.2719,0.5777,0.583,0.8556,142.014,5,91,2718205263,44066550,1653742,32,32,124,74,44,100,10724606,41810384,16,True,NO,1999,15,10,Folk,Hip-Hop,single,6,2,17,Independent,6017362051065,22,66,0.402,0.8341,0.1205,2528267,36377914,160,3009577,272163,298604,301424,190342,83848,2287898.32,536126.9,387334.13,45594.25,0.00687,0.321,0.121,0.133,112,56,2011-03-09,2016-01-09,87,50,34,48,False,False,True,True,False,False,True,False,False,True,True,True,False,False,False,False,True,False,False,False,True,True,True,True,True,False,False,True,False,True,4192252,355247,3287293,1226541,3891060,1201223,1894173,2802454,1168004,3282939,2267968,1759425,3200703,747966,930173,2061764,4347574,4477066,3978121,484676,0.7074,0.4693,0.8954,0.4325,0.8374,0.5069,0.4975,0.3737,0.3024,0.4929,0.0447,0.8011,0.5687,0.255,22050,1,-43.985,-8.533,8.386,-45.311,313.176,5.125,333.868,2956676,189594548,455740,422644,221625,32968,2773,74343096,USXKZ665373432,spotify:track:ffkbpodtgoytzqswuhdzye,False,True,0.4494,drug,E,inactive,948152,166846,980013,152627,1153110,908717,675166,1128588,1846146,1141895,44760,956522,597476,845674,1641903,243784,1447603,307416,82439,527093,1754765,867765,708516,634343,False,False,False,False,False,True,False,True,False,True,True,True,True,815,5,Vwfbht,Cgpzov,Xhnosfs,2,True,14,25,0.3352,0.4474,0.7016,0.8119,0.7447,0.7402,0.6298,0.7083,0.347,0.0068,0.1787,0.1298,0.8329,0.621,0.6191,0.888,0.0679,0.2091,0.0145,0.2858,0.8834,0.8823,0.7135,0.6621,0.8889,0.0494,0.7241
spotify:track:mhqycfedwkkigvuocorsfg,Track Fglltz,spotify:artist:ykhyhrbhjxcriccbkyprdy,Ueybq,spotify:album:tpxirzfqbxbrpnbaedurwr,Vhtnuc,1987-09-20,190113,True,English,Punk,Alternative,0.2035,0.7617,E,-14.99,Minor,0.2482,0.2916,0.2667,0.7581,0.0921,129.43,5,70,1129252822,33515837,90964,40,56,150,34,130,172,25476878,10952319,7,True,IT,2016,468,3,Ambient,Hip-Hop,album,10,1,24,Def Jam,7719990718106,49,53,0.1064,0.917,0.7626,7110133,37604589,75,2362343,939164,34727,495916,143698,61413,3966400.17,1404096.05,215957.79,134592.2,0.00586,0.466,0.307,0.189,163,68,2019-10-28,2014-03-12,73,27,33,47,True,False,True,False,False,True,True,True,False,True,True,True,True,False,True,True,True,False,False,True,True,False,False,True,False,True,False,True,True,True,2600432,3494270,206587,3059305,2301008,3514071,4730374,201820,3132241,361377,4244526,2521358,4922965,2803666,730809,3982284,120533,2174844,1054976,416885,0.7597,0.4794,0.8397,0.8897,0.8288,0.5589,0.8219,0.3315,0.1269,0.2244,0.1654,0.7484,0.8727,0.2956,22050,1,-46.156,-16.16,16.56,-56.73,162.002,9.224,208.941,4029203,7508481968,15807,14730,74425,15643,1757,42635336,USOFU134467838,spotify:track:xywnezwgjiihvhxsqndhii,False,False,0.6262,language,E-Clean,inactive,118394,570903,1712636,33704,455061,1888310,1845217,92476,1397489,1394749,1766759,1925468,1472084,710754,1148240,1630400,170562,1050425,248077,755648,1389660,1076918,733606,495351,False,True,False,True,True,False,True,False,True,False,True,False,True,243,1,Bvvwsj,,Wjkowbe,3,True,40,68,0.018,0.19,0.7067,0.7555,0.9536,0.6742,0.5766,0.696,0.4499,0.3696,0.2124,0.1842,0.778,0.28,0.3253,0.5461,0.6833,0.8785,0.5942,0.255,0.1133,0.1672,0.1143,0.2654,0.729,0.5896,0.5064
spotify:track:fallbrkbtoufcyuipofcjq,Track Gqmyfm,spotify:artist:ivyocergaxraifvioniqeo,Ygznm,spotify:album:zmsswxjqyavuichdnnbsys,Wmqymq,2014-12-01,326216,True,Swedish,Electronic,Pop,0.3459,0.8287,F,-5.18,Minor,0.0056,0.251,0.355,0.7161,0.7368,92.346,5,28,479403223,38059883,1179433,131,37,177,100,133,121,39289342,39073946,28,True,DK,1986,58,9,Pop,Electronic,album,8,1,2,Sony,7720124355404,27,65,0.506,0.7395,0.9446,3930521,3982960,85,1789079,315776,136715,488252,197324,83125,4516671.49,2917377.21,446242.99,4210.74,0.00563,0.658,0.266,0.129,137,71,2012-03-09,2018-11-03,11,15,118,42,True,False,True,False,True,True,False,True,False,False,True,False,False,False,True,False,False,False,True,False,True,True,True,True,True,True,True,True,False,True,2618810,2194341,2005430,1179500,4000650,2453688,238339,1341998,3185605,2957555,2876068,4610722,2715591,1514620,2200389,3076156,4695182,422051,1388293,1976601,0.7212,0.2479,0.0291,0.0994,0.3543,0.2794,0.5363,0.0239,0.3258,0.6817,0.0929,0.2356,0.5162,0.7104,22050,2,-46.474,-7.285,25.098,-5.788,131.072,5.732,298.502,4172099,4262333603,560095,454811,495344,42031,540,96903679,USFWH144879022,spotify:track:esmetittkhoxcwjzrzblgd,True,False,0.4141,language,18+,active,1339770,543180,223002,1244504,221,1074789,1588416,1769348,1930101,378554,1609606,939093,583226,665017,1379275,949211,577038,782528,862955,731851,1796321,1866052,1219504,1364051,True,False,True,False,False,True,True,False,True,False,False,True,False,773,1,Mehgmq,,Bznugux,7,True,9,30,0.0662,0.1771,0.359,0.3198,0.9974,0.2814,0.2642,0.2913,0.2001,0.3935,0.2278,0.9456,0.0994,0.0161,0.2472,0.0462,0.9116,0.5076,0.4561,0.2793,0.0038,0.2118,0.8387,0.5851,0.2665,0.9457,0.6911
spotify:track:rhupffswwecidudkvyovxy,Track Tbfbck,spotify:artist:fudtluljhbgmetixzlupyp,Sdkuh,spotify:album:orbkbzpyesqvowmmfqwfec,Yottdq,2011-06-17,257874,False,Italian,Country,Indie,0.7398,0.1171,C,-12.93,Minor,0.2122,0.3001,0.8998,0.5233,0.8056,60.279,5,57,1121170886,44680031,1600234,152,42,150,60,166,103,13312108,52072719,52,True,AR,1965,279,15,Dance,Electronic,compilation,18,2,8,Republic,7482323440830,1,167,0.5589,0.1142,0.1957,8562496,15531337,199,4198557,601576,26678,51235,17388,60219,1586953.86,447620.3,272016.71,26211.25,0.00829,0.657,0.241,0.052,128,61,2024-05-20,2023-01-10,85,33,186,47,False,True,True,False,False,True,False,False,False,True,True,True,True,True,True,True,True,False,False,False,False,True,False,False,True,False,False,False,False,False,1536537,3384164,2976824,4176428,440205,2505735,1832009,4567514,4445351,1686989,1653615,4788947,1472752,1658556,4379218,2223543,212171,4847879,993267,1570704,0.7744,0.8901,0.0777,0.4052,0.2548,0.5578,0.4478,0.9755,0.2965,0.4442,0.8382,0.5679,0.955,0.9512,22050,2,-58.45,-3.75,9.658,-31.892,131.539,6.203,265.001,3258181,7249251204,845654,74278,307858,27056,3762,96212845,USPGM746974027,spotify:track:sbyxomjrbeaxrlufegidpc,False,False,0.6546,sexual,E-Clean,active,310104,1553588,1850521,1875467,48629,355162,757167,540698,1705075,1356244,1720490,55234,1210103,529668,222111,167186,1853938,396769,1193676,1650557,844573,698979,547322,730110,True,False,False,True,False,False,False,False,True,False,False,False,True,848,4,Redyvj,Zdzrex,Hfacgen,6,False,28,5,0.5997,0.583,0.9981,0.4145,0.5753,0.7418,0.1137,0.5661,0.223,0.8433,0.0715,0.2579,0.5785,0.4949,0.6569,0.2236,0.4222,0.4239,0.9563,0.054,0.9602,0.7102,0.8994,0.467,0.3141,0.928,0.1894
spotify:track:cqlwqaertisnvisgevlyft,Track Mtmgnw,spotify:artist:gcrvexukryxqdagdfdaxsr,Zjjss,spotify:album:ygmbfwxbhqkixfscqcwbyw,Efdpod,2002-07-01,332416,False,Spanish,Soul,Latin,0.0485,0.3275,B,-15.91,Major,0.0391,0.3322,0.3836,0.9857,0.1238,122.853,6,26,1164032594,26240586,1184910,126,85,68,30,59,199,24435819,51525226,24,True,FR,2000,476,2,Alternative,Dance,single,5,1,2,Warner,1724237294012,4,106,0.1395,0.4575,0.7715,5620001,8287417,35,4810691,387083,61255,322325,115768,88334,3420666.75,437730.12,365756.18,66631.16,0.00445,0.55,0.173,0.107,11,82,2013-06-19,2020-08-09,66,28,51,47,False,False,False,False,False,True,True,True,False,False,False,True,True,True,True,False,True,True,False,True,False,False,False,False,False,False,True,True,False,True,951630,1094079,1236539,4499639,4359275,562927,71996,2265150,1413910,1781956,4621759,2722129,1517693,2126556,3782974,3358474,2680391,3000549,2432752,2981795,0.0431,0.5012,0.3231,0.5407,0.8856,0.6006,0.8558,0.9505,0.9438,0.7736,0.8593,0.387,0.0503,0.2403,22050,2,-29.097,-9.202,18.182,-25.32,269.177,8.327,329.946,2554537,7591060151,885900,576,207411,2541,1196,52098698,USPYO565061956,spotify:track:eaumfnxwiazffkxliopjoc,True,False,0.5879,none,E-Clean,inactive,783837,462113,1931980,521318,293396,1473774,749708,1090653,1587826,1175668,1068011,1639055,545362,1615874,1352620,1636645,1446918,36443,637177,1589452,165629,885914,362392,1019681,False,True,True,True,True,True,True,False,False,False,False,False,True,149,5,Hkbrbv,Cacxmp,Tgyqich,7,True,28,24,0.8652,0.1719,0.3077,0.2433,0.178,0.675,0.2984,0.2838,0.9243,0.1026,0.0753,0.5558,0.9547,0.9628,0.993,0.8843,0.2052,0.656,0.3104,0.3999,0.2739,0.3646,0.0326,0.1564,0.0158,0.2388,0.9122
spotify:track:nlwlljkpvnrjfzahtkvewx,Track Ranyvb,spotify:artist:hcnwbqesfqgknghrkeunne,Dgfko,spotify:album:wszrrmygewpspqgdyybkph,Akvdlx,1962-06-03,216051,False,Swedish,Folk,Punk,0.1679,0.0835,F#,-5.27,Major,0.1997,0.9667,0.6286,0.5223,0.752,81.86,5,71,3997625288,12442781,671280,101,44,22,154,114,70,63798115,58496502,6,False,JP,1967,153,5,Latin,R&B,EP,5,2,11,Republic,1032207438890,45,184,0.2179,0.8404,0.6167,8064172,35495525,53,3877262,297689,250473,197261,99571,94604,3016363.19,672821.51,236202.47,96302.45,0.00809,0.422,0.324,0.184,44,61,2021-06-09,2016-12-30,89,5,46,35,False,False,True,True,True,False,True,True,False,False,False,False,True,False,True,False,True,True,False,False,False,True,True,False,True,False,False,True,True,False,4372217,3294684,4222090,2232414,4367402,601660,253335,3174476,1339796,2314442,3859979,622697,3247895,2914322,3285278,1629329,4491808,3517841,2658620,583538,0.9299,0.0256,0.2628,0.3548,0.1288,0.0263,0.4835,0.4211,0.7509,0.4646,0.4835,0.1136,0.9458,0.3753,22050,1,-4.838,-2.301,4.529,-45.636,211.27,4.916,204.547,3113639,3299731884,706329,293499,37831,13659,3868,72484833,USPYR353839193,spotify:track:ooksjpjhwibhicuakjkjnp,True,False,0.2111,drug,E,takedown,1104223,1312827,1072443,516253,341993,325621,1985791,785705,1733376,1025744,117612,353496,232224,225044,863413,1138536,1570727,818896,843845,1393248,1715822,90878,337028,1715534,True,True,False,False,False,False,True,False,True,False,False,True,False,822,0,,,Tbgfykq,5,False,37,25,0.2827,0.7009,0.2287,0.2328,0.643,0.4302,0.9428,0.5473,0.7764,0.8123,0.8013,0.4342,0.9679,0.0645,0.7674,0.9335,0.3989,0.6452,0.894,0.92,0.5963,0.3829,0.6718,0.3701,0.5114,0.8493,0.4175
spotify:track:ttbyeyjcwtmahoalmsdzma,Track Vxlupk,spotify:artist:judmwqipsnfoovvraknchm,Ozyvs,spotify:album:ufwillyzqnileazqwuwkpc,Suhpfu,2011-11-03,238184,False,Dutch,Soul,Reggae,0.3665,0.9075,E,-0.3,Minor,0.1094,0.7903,0.0802,0.9346,0.3564,91.778,3,74,1856565704,42521003,1204422,164,159,113,198,162,89,15230424,11683332,62,False,SE,1987,421,26,Metal,Latin,album,14,1,5,Sony,0137166447496,30,55,0.1751,0.8106,0.3793,3489240,33026265,51,546357,591909,216556,417683,135425,22848,1522978.28,1261269.18,250062.33,14259.64,0.00214,0.318,0.229,0.133,158,57,2013-07-17,2019-06-20,59,8,95,28,True,False,False,True,True,True,True,False,False,False,True,False,False,False,True,False,True,False,True,True,False,False,False,True,False,True,True,True,False,False,3141473,3937939,4271540,3356090,4479240,2815057,1529617,1258596,1270987,1056923,438313,154647,3228494,2906336,4012434,3789820,2565162,967553,2490607,2282868,0.1355,0.0562,0.5076,0.9405,0.2109,0.2852,0.1439,0.7174,0.9996,0.9301,0.4672,0.9225,0.0677,0.4996,22050,2,-9.924,-11.419,15.748,-31.644,309.89,9.592,320.543,4681135,1665554956,130419,42242,227413,31680,890,19708256,USGGS742886576,spotify:track:skkorvkketdzvowrdgasao,False,True,0.6023,violence,PG,inactive,1872645,617941,1110791,1147309,150618,1457635,558053,831576,13221,1587973,1409593,1579718,1171299,305032,545405,1460144,930969,633316,32509,1553275,982340,1187862,1448055,1796387,False,True,False,False,False,True,False,False,False,False,False,True,False,190,0,,,Fzgyqax,10,False,24,10,0.0399,0.1943,0.8029,0.3921,0.8512,0.5023,0.0046,0.5562,0.15,0.6689,0.6787,0.8727,0.332,0.0757,0.1145,0.2244,0.5242,0.214,0.6795,0.6027,0.2706,0.6267,0.0875,0.6654,0.4701,0.1866,0.8599
spotify:track:pghuayjbjmctlkwmehekia,Track Gwibyo,spotify:artist:uppsegewgwatlxciqsdwmk,Rvkot,spotify:album:ojwrdfuusejtucenakvlnn,Xffnhw,1973-06-01,189504,True,English,Folk,Soul,0.0592,0.2233,F,-8.63,Minor,0.5804,0.3159,0.0257,0.7277,0.7895,127.127,4,76,4302854424,17568408,1485723,111,191,148,191,158,138,9658991,9329821,93,False,BR,1970,333,8,Funk,Rock,single,23,2,24,Sony,3094801201102,70,53,0.8344,0.0187,0.7849,9708962,5815377,77,1898909,668282,64018,438950,151302,31165,2679617.65,2495627.65,127602.07,13297.74,0.00397,0.637,0.397,0.152,181,66,2023-04-29,2013-10-04,30,4,124,15,True,True,False,True,False,True,False,False,True,True,True,False,True,True,False,False,True,True,True,False,False,False,False,True,False,False,True,False,False,True,3129767,2062420,4923926,550619,1578949,4391188,2706547,2586633,571285,1894017,1027935,3863388,2190716,2099377,4506087,2811203,1018768,4885676,3008507,2120219,0.2812,0.1704,0.2229,0.2602,0.0414,0.373,0.5564,0.5063,0.3626,0.3313,0.0636,0.5255,0.6063,0.6334,22050,1,-33.376,-0.067,26.762,-20.136,185.627,3.251,212.029,4994339,6156210173,706972,431980,208087,45745,91,75043066,USTRV532893975,spotify:track:tunjdmcvcwrdlcpougzktf,False,True,0.8065,violence,E,restricted,602879,1291596,240909,1495892,1288834,39619,1034936,98899,1326068,568143,1895485,583315,715533,243252,1256790,1449169,790058,605232,1744466,1207800,1829499,379179,500686,1572123,True,False,False,True,True,True,False,False,False,True,False,True,False,878,3,Vxdfjx,Qhzxra,Njiroeh,4,False,42,77,0.9278,0.7233,0.9996,0.9157,0.9755,0.1134,0.1908,0.0692,0.7156,0.4085,0.5976,0.9073,0.1964,0.2447,0.2759,0.567,0.3507,0.1233,0.6171,0.5516,0.7921,0.6569,0.4968,0.8238,0.4819,0.1579,0.0535
spotify:track:fomdnrdvtslkyjfpznafgl,Track Phjgva,spotify:artist:kyphieepaqobqvmceoeaes,Vzqix,spotify:album:efldtbvbcwytytzlhbkiou,Jxnihm,2003-10-06,183258,False,English,Country,R&B,0.5126,0.5289,A,-10.8,Minor,0.064,0.2237,0.165,0.5264,0.3546,180.018,4,29,1814108668,44533377,10363,48,58,86,38,187,24,66817179,84644032,73,True,FR,1975,437,18,Jazz,Alternative,album,8,1,23,Columbia,0100952964031,27,10,0.5907,0.4587,0.7409,7555310,27110364,131,4418010,353108,139417,103534,68447,84302,1927548.14,2578537.01,136907.12,101199.38,0.00649,0.403,0.352,0.195,123,26,2015-07-28,2014-12-05,2,3,58,47,True,False,False,True,False,False,True,True,False,True,False,True,True,True,True,True,False,True,True,True,True,True,False,True,True,False,True,False,False,True,2544727,3241518,2918776,3490528,3503119,1983117,3779769,372684,4140548,312221,2187019,1977197,3983191,1636917,3824696,3081790,680099,2141044,1979772,3135143,0.9605,0.86,0.3515,0.2627,0.7405,0.126,0.681,0.8845,0.3005,0.763,0.4045,0.0356,0.6113,0.3069,22050,1,-25.467,-1.717,2.737,-50.752,145.889,2.264,283.232,3093655,4729744935,101267,285248,412210,24303,2435,7612531,USBYZ613025228,spotify:track:xtxvyjlwbgaztieahqjmes,False,True,0.0232,language,E,restricted,286686,1629525,388929,88347,1241721,630318,466560,536369,365026,393068,51265,1085921,1938132,288211,623098,1813644,177480,1411834,1256026,1148297,1371688,753832,971450,955382,False,True,False,True,True,False,True,True,True,False,True,False,False,101,5,Ftnmpn,Wjtwjy,Iigiqqi,6,False,6,37,0.2481,0.9296,0.2889,0.5476,0.1272,0.2869,0.0023,0.5406,0.2942,0.7568,0.7306,0.4262,0.2631,0.1188,0.9424,0.3003,0.1542,0.7465,0.8856,0.0498,0.8667,0.3817,0.1921,0.7812,0.332,0.4858,0.6829
spotify:track:cyynalonijqxrexkgbwgkn,Track Boykgi,spotify:artist:jvgialjqrdhxpaqlgoheca,Itnqv,spotify:album:uhajxqfqklyidjbtmzwogi,Hkefcz,1978-12-26,139351,True,Spanish,Rock,Alternative,0.1244,0.682,C,-15.66,Minor,0.4713,0.9286,0.9668,0.9155,0.0261,64.706,6,94,4698972533,38344226,1449886,104,142,199,116,3,178,55877602,51750943,55,False,AU,1985,481,3,Blues,Indie,album,20,1,8,Sony,6476082315295,66,68,0.4785,0.2452,0.8757,4163073,39764771,81,1800807,899008,255404,93289,96343,94589,2586263.79,271135.11,456916.74,154123.18,0.007,0.447,0.184,0.112,5,4,2014-08-03,2014-02-03,29,3,42,1,True,True,False,False,True,True,False,True,False,False,False,False,False,True,False,True,True,False,False,True,False,True,False,False,True,False,False,True,False,False,4005361,26008,2157409,753237,728315,133133,4204977,337807,447601,1498842,3296963,2311344,864841,1702024,2697921,4941116,3997717,2169741,4413022,4971427,0.3591,0.4046,0.1397,0.1501,0.3388,0.2148,0.4431,0.7541,0.9349,0.0067,0.7761,0.4418,0.9915,0.4101,22050,2,-46.56,-15.833,5.937,-44.559,323.553,5.467,291.183,507728,3233821050,969106,12840,88340,16433,1449,2977489,USXBD693099163,spotify:track:tohcdnnemtzmuzdzqbthwo,True,True,0.4325,none,PG,active,1322428,875660,1100909,617815,1592692,1233502,1401636,1780749,1056382,1318081,1570935,1888916,1188401,1256738,1349226,158013,1327145,320340,804958,1830893,493923,1446933,1113817,1442531,True,False,False,True,False,False,False,True,False,True,True,True,True,617,4,Mfxehe,Pjebpq,Ghhvwuh,5,False,16,72,0.4335,0.3383,0.1212,0.0986,0.0145,0.949,0.3723,0.8375,0.7193,0.9787,0.625,0.0933,0.8832,0.5849,0.9377,0.5325,0.1639,0.4256,0.9746,0.5609,0.4118,0.0331,0.6572,0.979,0.2322,0.2372,0.3714
spotify:track:brieigrhlfmocvvzqvhbmb,Track Ccefjy,spotify:artist:srztwdytgqaksgnklcvtbk,Zxjqy,spotify:album:udogbfbcwhmvwerpzrhfck,Uchhvo,1961-05-26,324952,False,Portuguese,Pop,Pop,0.519,0.7263,G#,-5.29,Major,0.6647,0.6054,0.7693,0.019,0.983,125.267,6,88,4754578231,41158980,1239936,10,162,158,119,152,139,79398645,57171637,42,True,CA,1972,54,18,Funk,Pop,compilation,17,1,11,Def Jam,9691808405848,69,137,0.3299,0.7315,0.5504,387895,13509477,142,3084255,153043,270471,191841,122711,80211,1494634.03,181112.86,434943.27,67433.44,0.00928,0.673,0.125,0.105,5,51,2021-07-14,2023-02-15,72,22,23,7,True,True,False,False,False,True,False,True,False,True,False,False,False,False,False,False,True,False,False,False,True,True,True,True,True,False,True,False,True,False,4930916,2886423,3874626,797665,1844374,2962872,3892157,183758,381149,891914,3543612,4588678,2451803,2916230,551332,1223497,1412291,2272523,520247,1460849,0.2212,0.7603,0.8086,0.536,0.6769,0.1891,0.203,0.1153,0.2955,0.4654,0.9474,0.0513,0.0026,0.3961,22050,1,-15.751,-11.55,27.13,-2.322,156.149,7.807,285.176,2994326,5167026796,446519,88159,62273,363,4631,73787957,USWFS264194498,spotify:track:qjpfalrmgzvxytnakvonwy,True,False,0.9431,sexual,PG,inactive,1224388,626133,284428,935214,1510213,1300455,1604012,176829,1908623,1225447,1964950,147449,899747,1903566,1986768,1826333,445059,947872,1454965,1291397,1096868,1636961,1969964,61435,True,False,False,True,True,True,True,True,False,False,True,False,False,39,0,,,Ietrzhc,3,True,9,12,0.0216,0.2148,0.404,0.6531,0.264,0.0352,0.5887,0.999,0.3407,0.7759,0.7336,0.147,0.024,0.5892,0.2152,0.6918,0.5141,0.122,0.5452,0.2372,0.2786,0.0293,0.4569,0.3018,0.5412,0.5507,0.2172
spotify:track:biziuudmjxosnzcyhoshrg,Track Weenzg,spotify:artist:vakycsvsmdjvouxzkuxhab,Rveqs,spotify:album:zvcrbktaykqskejheabfub,Aphfpt,1986-08-27,121107,False,Korean,Punk,Reggae,0.2854,0.9493,F#,-5.1,Minor,0.1729,0.2771,0.9991,0.4579,0.7813,172.529,4,8,2108027561,29133306,1917831,13,80,69,100,37,5,28290637,59447810,36,False,IT,2020,38,19,Ambient,Hip-Hop,compilation,22,2,7,Atlantic,6801024502433,16,152,0.01,0.0573,0.5176,3719280,37830578,74,1450769,484750,60046,445929,195741,28862,3636083.59,428968.04,244733.11,83217.21,0.0091,0.566,0.271,0.069,33,40,2019-12-26,2012-03-07,54,47,75,4,True,False,False,True,False,True,False,True,False,False,False,False,False,False,True,False,True,True,True,True,True,False,True,True,False,False,False,False,False,False,2646146,3395382,3863644,2986248,3511284,2351471,3176651,3540622,4161035,3163601,3328269,3700796,2143909,4823600,778258,1843318,2539368,4281612,865615,3296729,0.9169,0.7644,0.7846,0.9552,0.9095,0.2125,0.3018,0.1418,0.1106,0.9937,0.2559,0.3531,0.7017,0.8722,22050,2,-16.712,-14.262,19.041,-52.8,215.786,0.132,242.608,4309162,5118093436,990213,325529,22493,3458,2739,67405321,USCQO643740509,spotify:track:mjqoaizfgabjzpbyfixjfl,False,True,0.1258,drug,18+,inactive,1526840,313048,1443734,1715495,91406,1395169,1421144,1176372,697532,1228310,673848,5409,1977712,400982,1659006,208938,303888,1661118,1588150,1464076,1753991,202979,754715,706532,False,False,True,False,True,False,True,False,False,False,False,True,False,829,0,,,Dcqtfor,3,False,12,68,0.1998,0.0708,0.2869,0.9753,0.6954,0.6223,0.4697,0.1561,0.0706,0.4184,0.0733,0.8344,0.9871,0.1207,0.0632,0.8644,0.8596,0.8975,0.4084,0.4986,0.1777,0.1155,0.4936,0.4782,0.173,0.3749,0.5451
spotify:track:tgbfipklcrdfwuzxefsjsd,Track Pyxuzc,spotify:artist:fhwajbykcdizhoglffxahc,Frjfs,spotify:album:yxhwjnrljjdygtnozxvcfz,Inpxav,1963-10-05,304141,True,Italian,Electronic,Dance,0.2501,0.6827,G#,-13.72,Major,0.3868,0.4038,0.1938,0.9128,0.2137,144.259,6,95,2229372881,16579176,428457,140,148,118,86,79,126,3102502,15830112,85,True,IN,1970,148,7,Folk,Ambient,single,20,1,19,Atlantic,1418795578368,1,76,0.0538,0.5553,0.4647,5117538,30890321,118,156400,403281,147105,284669,20620,26953,1198800.32,1498716.03,487816.32,31693.68,0.00862,0.618,0.18,0.162,34,29,2017-04-17,2010-12-30,52,35,133,20,True,True,True,False,True,False,True,False,True,True,True,True,True,False,False,False,False,False,False,False,False,True,True,True,False,False,False,True,False,False,4330452,955978,1481280,3458175,2473291,2702396,2387537,4359465,1090162,3863843,4156291,1048034,4747644,2916038,676611,1020453,4927089,2208668,928235,1906813,0.3993,0.3102,0.4454,0.1608,0.0965,0.5424,0.9974,0.8628,0.0434,0.7734,0.7973,0.4472,0.6969,0.5566,22050,1,-54.718,-8.17,11.31,-31.693,154.36,5.12,281.905,4329730,9699873775,275117,479796,384473,11181,3622,15737021,USQNA563999863,spotify:track:eqrmhxxvyyttkdnumhbewt,True,False,0.0226,drug,E-Clean,active,1536632,287940,15492,1945743,1948655,459266,1797429,772022,1078737,251285,1636910,503817,1615952,1944560,1294202,1320434,1380901,932235,1298445,1385569,694260,173986,1305365,1664273,False,True,False,False,True,False,True,False,False,False,True,True,False,609,0,,,Uornniy,3,True,38,19,0.6114,0.4826,0.0333,0.365,0.5853,0.5514,0.3551,0.8088,0.9133,0.8421,0.1361,0.8415,0.3214,0.7287,0.502,0.9048,0.9334,0.8401,0.8683,0.5778,0.1858,0.504,0.6889,0.6827,0.4021,0.2383,0.6519
spotify:track:rrlvlffabcztzjvuepjvkk,Track Bjlwmu,spotify:artist:tfhmgakgwlsdqldlygzizb,Qkoen,spotify:album:qkdehkawctwyoulvjmphto,Gazaml,2019-04-20,187605,True,Italian,Hip-Hop,Jazz,0.6806,0.2287,E,-0.64,Major,0.097,0.8458,0.3286,0.3344,0.8345,96.431,3,17,4069991099,37590905,1694064,174,187,48,14,30,93,74151322,8569625,14,True,US,1989,305,12,Classical,R&B,album,25,2,21,Columbia,6818178270850,61,20,0.9042,0.8591,0.4882,6432692,25711992,119,101532,689204,293954,458802,16131,50337,3813156.49,1284004.9,464782.67,143380.52,0.00154,0.468,0.108,0.064,139,29,2013-12-29,2022-05-17,94,18,6,45,True,False,False,True,False,True,False,True,True,False,True,True,False,True,True,False,False,True,False,False,True,True,False,True,True,True,False,True,False,True,1160397,3479658,4606724,4750674,1117737,3226879,3103095,4525892,1838317,2750984,1463801,3957088,2012132,4502939,1716739,3439148,4199352,4581640,2716684,3421568,0.0269,0.9259,0.9693,0.9932,0.2684,0.7554,0.5107,0.8479,0.4391,0.9608,0.8521,0.8782,0.6195,0.4916,22050,2,-40.176,-17.925,28.972,-45.353,299.376,8.706,322.807,2139107,2649096379,5189,242690,341927,45537,4530,41464993,USIWN425771708,spotify:track:mwurvxazyoabbgkqbnuxso,True,False,0.528,none,E,active,597448,962679,6853,1066703,1372880,1349322,561384,581240,1463761,1651276,530618,535332,662543,1797709,1839433,482978,1624623,1768035,1412940,281321,732145,851318,985492,280752,True,True,False,True,True,True,False,False,True,False,False,True,True,416,2,Jhlrww,Azonzm,Ktcgxee,6,False,27,100,0.5795,0.725,0.1899,0.8406,0.2789,0.2316,0.2873,0.5585,0.7222,0.7211,0.4923,0.1431,0.4162,0.9244,0.7115,0.0721,0.6753,0.6075,0.0408,0.4475,0.4716,0.2471,0.0974,0.793,0.8181,0.319,0.8106
spotify:track:uzixfioczrqobagvwmflqv,Track Yncnnc,spotify:artist:ytlwtartxxnqrzbdflmpzm,Gvxpj,spotify:album:xyueqftmdojdekvzxlprkq,Rmgnwq,1983-10-28,164599,False,Dutch,Indie,Metal,0.2906,0.8239,A#,-6.91,Minor,0.9974,0.5271,0.3318,0.5064,0.6054,169.668,4,18,4596974134,5176469,1407801,190,59,49,188,9,72,39909564,16976345,12,False,AR,2001,108,10,Alternative,Folk,compilation,9,2,24,Universal,2428379284246,92,99,0.768,0.2878,0.0952,922240,3566247,15,1851819,229576,231018,307334,4160,33719,4882294.46,2648089.95,132880.61,25004.14,0.00219,0.664,0.228,0.181,102,2,2018-05-30,2021-03-25,4,45,138,50,False,False,True,True,True,False,True,True,False,True,False,True,True,False,False,True,True,False,False,True,True,False,False,False,False,True,False,False,False,True,749324,2724141,300329,375871,4439414,3117155,4659412,2706241,2273592,4826152,565453,2442848,3262150,2937262,566460,3663101,4163620,4903555,1413722,926812,0.143,0.0652,0.6028,0.8524,0.1418,0.0927,0.1226,0.419,0.0601,0.585,0.5051,0.8581,0.7134,0.8001,22050,1,-7.078,-0.037,23.153,-44.684,276.543,3.15,238.943,656235,1058489761,140587,349126,170994,36302,750,94081360,USPKG212839231,spotify:track:jxorgtswgiucosehhlcvaz,True,False,0.7433,none,PG,active,1109812,1284230,425101,1500843,311459,1203613,1460030,1136579,903862,679958,404702,897281,807214,1622301,236566,626921,747900,36346,1405283,161168,1160614,150411,1177408,1005754,False,True,True,False,False,True,False,True,True,False,True,False,True,776,5,Rswzxz,Rdbvee,Uuqufla,7,True,50,30,0.6499,0.8168,0.7992,0.5894,0.6021,0.9643,0.3587,0.4611,0.468,0.9693,0.3675,0.95,0.7438,0.9321,0.9167,0.6434,0.0216,0.5903,0.308,0.1379,0.4788,0.9684,0.3375,0.9904,0.7443,0.193,0.3853
spotify:track:psfgapwztjsdjhwsveiwbc,Track Gkfjiu,spotify:artist:wgtyfjcxxcdrgdfzvmrbey,Ytjqt,spotify:album:dvbnaoftnpffbqbnqcqozk,Yewvno,1996-07-07,292264,True,Dutch,R&B,Latin,0.2362,0.7644,A#,-3.85,Minor,0.1792,0.5423,0.8831,0.3693,0.7178,61.172,6,62,155482047,27371191,1167127,127,146,14,46,72,73,56201489,35067699,34,True,AU,2004,479,19,Punk,Reggae,EP,17,2,1,Warner,6485892181825,4,24,0.3012,0.3869,0.5766,3475290,26955109,48,903993,352182,205334,187215,133561,49176,2082958.33,1574460.15,473709.13,54630.71,0.00802,0.634,0.262,0.088,88,35,2017-04-11,2015-06-03,54,30,146,13,True,False,True,True,False,False,False,True,True,True,False,False,False,False,True,False,False,False,False,False,False,True,False,False,True,True,False,True,False,True,804575,2154495,118951,1475534,1398825,1795742,2847058,4943435,3504712,96498,3162620,2942378,4370638,2807999,2952063,1456459,1491112,4926325,3038540,192007,0.5956,0.3009,0.2145,0.0186,0.735,0.5341,0.8118,0.2877,0.6578,0.7132,0.3949,0.7624,0.5331,0.4957,22050,2,-33.622,-13.676,12.08,-2.851,223.745,2.136,265.045,99702,2728691586,955588,265922,304582,43165,3902,31411644,USQBL886742492,spotify:track:hasliiasrffzuwztzmdrsq,False,True,0.0966,drug,18+,inactive,1562359,539651,42463,1600529,304647,820448,1875590,260504,1732704,1422949,101893,256582,695598,1563041,1092032,1771152,670802,1824873,319124,799252,435316,1893404,354887,436273,True,True,False,False,False,False,False,False,True,True,False,False,True,18,5,Sckwee,Fhcnco,Vlgobnw,8,True,41,45,0.9544,0.7913,0.8846,0.7746,0.7501,0.5899,0.5257,0.7401,0.5604,0.1402,0.415,0.2189,0.2099,0.5962,0.4322,0.3711,0.7338,0.532,0.6925,0.5287,0.6368,0.759,0.3173,0.2801,0.9652,0.8378,0.2856
spotify:track:lisuegrlydrvoldelcdcjy,Track Tvlppl,spotify:artist:sargsxoxckfgowzkdnltys,Naadu,spotify:album:zupmsnlsbosxzrovoeyrfq,Auwmnb,2010-11-13,247637,True,English,Funk,Dance,0.5116,0.2345,B,-15.13,Major,0.8797,0.1081,0.7571,0.4038,0.1303,60.765,4,10,2617980773,45627888,314453,184,181,97,67,199,102,64667023,38374974,32,False,SE,1984,373,24,Jazz,Electronic,EP,1,2,10,Republic,4556558083341,3,33,0.5332,0.5703,0.1492,5096567,14822950,169,3798041,907637,49322,155281,46025,92777,1421460.08,2028607.85,329715.53,12027.81,0.0021,0.664,0.238,0.188,169,34,2023-08-17,2013-07-09,69,36,76,3,False,False,False,False,True,False,True,False,False,True,True,True,True,False,True,True,False,True,False,False,True,True,True,True,False,False,True,True,True,True,1986499,1600142,3891938,4483491,141408,499682,3257648,4508299,2590325,86198,3430854,2330010,1245035,4801201,1936084,4700684,3037250,2739863,3072066,329752,0.4388,0.5867,0.1753,0.9985,0.7603,0.0379,0.7076,0.5302,0.6581,0.8013,0.2998,0.6814,0.7185,0.1212,22050,1,-22.316,-3.13,0.004,-37.74,277.552,4.859,241.91,4855012,5104124384,267013,953,424553,49362,3130,36793918,USZJC255122717,spotify:track:jcdewezvfpryoyvxhegads,True,False,0.8481,none,E,takedown,469058,1431421,297693,192585,136,689176,1280699,1005419,1053621,1345382,623222,1389045,1657689,375596,1705126,1809356,1795111,1943393,1388358,1132897,186231,1674399,615090,1955016,True,False,True,False,True,False,True,False,False,True,True,True,True,110,2,Hxtvrz,Chyayh,Zvnvkrj,3,True,40,3,0.6162,0.1884,0.1764,0.4948,0.4334,0.3681,0.6481,0.6683,0.9733,0.6099,0.1308,0.9862,0.7296,0.1263,0.7433,0.6377,0.3787,0.412,0.7305,0.6189,0.0946,0.7619,0.4447,0.8406,0.8935,0.1423,0.8176
spotify:track:yquscazlifqeupulfklomo,Track Ldeybr,spotify:artist:xvdshgdtlkzribilqeugct,Khvto,spotify:album:sohmarlplcmpeocvfyjehf,Pdpnqf,1964-07-09,306692,True,English,Punk,Indie,0.6876,0.0433,F,-12.0,Minor,0.6144,0.0098,0.1891,0.2555,0.3407,173.073,6,45,3497279828,5300367,1224688,121,192,66,179,63,199,46397295,4663067,32,False,JP,1977,387,22,Pop,Dance,EP,9,2,12,Atlantic,9072888528221,65,61,0.1406,0.6356,0.3351,8404313,30806220,75,1302620,459596,215133,388718,57553,460,4260794.12,1845401.93,160385.73,129337.1,0.00121,0.686,0.361,0.196,137,83,2018-07-09,2016-05-24,9,28,51,35,True,True,True,False,True,False,True,True,True,True,False,False,True,True,True,True,False,False,False,False,False,True,False,True,True,True,False,True,True,False,4873457,340044,661354,2922654,3325532,2477317,106537,3845763,3063142,2764185,3383349,4755904,2396747,769775,2219935,3270712,3716458,1767102,2853851,1220898,0.6901,0.1952,0.6794,0.6156,0.812,0.3685,0.4746,0.4572,0.7001,0.6567,0.1226,0.8192,0.4234,0.8187,22050,2,-18.752,-4.975,27.06,-35.88,123.272,2.126,257.426,2854720,6480046511,120126,234679,60711,5520,456,56697368,USOKO862818692,spotify:track:hlxniienzphlhmfskydyyy,False,False,0.7725,none,18+,inactive,592982,1565547,702097,76639,429722,688345,1952209,1148475,1760772,1448987,1635578,209334,898009,1410270,1551000,1693093,1390877,1391559,760309,1930671,648742,1281288,1512012,1859165,True,False,True,False,False,False,False,False,True,False,False,False,False,439,0,,,Fjwrwdu,7,True,9,63,0.0985,0.6217,0.6274,0.0872,0.2237,0.3873,0.9478,0.9799,0.4188,0.2317,0.6074,0.3779,0.6803,0.8408,0.9315,0.9032,0.4979,0.4948,0.1631,0.7876,0.1953,0.3735,0.4463,0.0752,0.2588,0.6983,0.4112
spotify:track:styqkaekyrzvgxsvilggzl,Track Hsecuq,spotify:artist:apxxmuzgntmaqtjtzafgzr,Nipfr,spotify:album:borhqyjtcbfyvpwnfstybh,Gybkqr,1978-01-19,329616,True,Korean,Classical,Indie,0.2841,0.3494,A,-1.29,Major,0.6294,0.7521,0.8429,0.0129,0.7851,170.099,3,40,2082186543,35564699,1485753,65,185,14,44,77,196,79173756,32726806,64,False,DE,1987,276,20,Ambient,Electronic,compilation,19,1,11,Atlantic,7863998637920,15,152,0.7466,0.3224,0.3958,4651491,46985541,90,3734703,671175,271377,89356,77348,48203,3667012.95,1205587.38,114157.64,42852.29,0.00423,0.355,0.375,0.112,113,79,2023-02-17,2019-10-08,30,6,118,16,True,True,False,False,True,False,False,False,True,True,True,False,True,True,False,True,True,False,True,True,True,False,False,True,True,True,False,True,True,False,3748276,741853,1451434,139117,2706967,4088651,2601271,1080236,577646,1838795,4486256,3563607,21854,3186774,4229694,1568268,4452322,3781880,1116661,4287835,0.449,0.142,0.2523,0.4014,0.7984,0.3273,0.7634,0.8907,0.6757,0.0501,0.3983,0.5845,0.0557,0.0297,22050,2,-57.559,-8.519,13.946,-44.167,274.648,3.229,321.293,1894793,5487919690,999371,343529,488756,32296,581,54558481,USSCW936420607,spotify:track:rvrfeaxmlhfzokzfashdkn,False,True,0.2746,violence,18+,active,1318021,160972,1382477,903457,1101847,1509035,1170840,1540611,467241,1226250,335540,153006,1705656,136723,1839362,655246,1656055,516687,1327783,791609,1039269,1154299,725966,1107497,False,True,True,False,False,False,False,False,False,True,True,True,True,757,3,Faxyuh,Lzgran,Eragtij,3,True,23,81,0.5119,0.9503,0.6287,0.172,0.047,0.2665,0.8574,0.0448,0.7761,0.686,0.4552,0.8011,0.6486,0.264,0.5109,0.511,0.0066,0.12,0.7607,0.4256,0.0495,0.5357,0.7715,0.4687,0.7906,0.9396,0.9998
spotify:track:fspwtltlaatgmpgztitwwp,Track Yqrftq,spotify:artist:atfxglxczkngvylrzbquij,Denyp,spotify:album:halieqocsjxknusubyvjtb,Cmoliy,2020-03-02,307903,True,English,Indie,Reggae,0.4114,0.8797,F#,-1.91,Minor,0.4229,0.9319,0.0319,0.9389,0.3401,165.495,6,69,3164059724,22616319,1777277,60,86,124,142,99,108,52492110,61772191,27,False,US,1988,472,5,R&B,R&B,single,9,2,18,Republic,0845588616055,88,41,0.4809,0.419,0.1411,8945065,39498060,161,488589,535871,75391,480214,57531,63566,548097.31,1121173.53,209392.08,194911.93,0.00278,0.576,0.253,0.091,182,31,2013-06-01,2021-01-03,24,9,70,13,False,False,True,True,False,True,False,False,False,True,False,True,True,False,False,False,False,True,False,True,True,False,True,True,False,True,False,False,True,True,4349225,4812903,549376,4747974,1381926,4685454,1933664,2352980,2252283,307558,1095579,3638134,381236,4302048,1884915,2792399,4657660,4548148,4752743,3897003,0.2821,0.64,0.3747,0.3054,0.8513,0.9293,0.5091,0.315,0.932,0.2902,0.8472,0.2995,0.7613,0.6285,22050,1,-29.778,-12.227,14.029,-39.658,228.297,2.275,278.11,3430917,4622205562,359159,338393,111430,49478,4847,17462919,USRVZ357228968,spotify:track:nphhobzahugpcycmrlyssv,True,False,0.0793,language,E,takedown,310797,1415557,1856879,1070652,938174,57387,74638,252087,1205599,99960,789935,330995,599722,894848,1578816,781435,319165,1896458,137755,1317672,1392962,1647677,264347,1827742,True,False,False,True,False,False,True,False,False,True,True,True,False,428,2,Gxwykm,Xlbbvo,Xyjsjuj,9,True,21,99,0.7007,0.5556,0.6878,0.4589,0.9754,0.4756,0.7705,0.8426,0.6887,0.9546,0.3504,0.9331,0.6425,0.6178,0.6881,0.7178,0.4724,0.8206,0.0809,0.5602,0.8017,0.916,0.5049,0.0884,0.5499,0.7884,0.5285
spotify:track:xdpmgnmomikvecyvgmuutb,Track Rxnuab,spotify:artist:xxxyzwyhwpbulhfunlqdgs,Xmzzk,spotify:album:ajksxeqkpxkbczhwgnmfdp,Kdncad,1995-01-17,300248,False,German,Folk,Dance,0.069,0.74,G#,-16.27,Minor,0.2496,0.9085,0.7337,0.4466,0.9185,180.632,4,38,4829973199,34945332,1045242,137,29,186,56,55,146,16166818,65979525,19,True,BR,1980,330,25,Country,Ambient,single,23,2,11,Atlantic,0250922732312,14,52,0.421,0.8341,0.0406,7999579,2295918,40,2511310,612232,61494,145448,176807,13782,63090.71,1409212.17,49026.38,163665.24,0.00513,0.526,0.249,0.103,53,88,2018-08-02,2010-03-26,1,18,199,21,False,False,False,False,True,False,False,True,False,True,False,True,True,False,False,True,False,True,False,False,False,False,True,True,True,False,False,True,False,True,3492505,1360579,390160,504415,4863643,808642,1206215,2901805,4286138,3135171,1977461,2617060,428709,1127589,4064005,141536,4261441,4830698,2974881,1980382,0.5076,0.7845,0.6092,0.0221,0.4353,0.26,0.0766,0.99,0.4941,0.5544,0.392,0.4998,0.8103,0.4285,22050,1,-5.692,-12.395,3.791,-36.138,121.508,7.202,285.72,2043922,9069598996,951965,12062,154417,43726,2458,65011787,USPZI983156409,spotify:track:kuezxbrbzpmcyqgdxlzgoo,False,False,0.5774,violence,E-Clean,active,1643295,1427180,1508462,246383,760300,1546729,1800425,609127,676058,1980706,1568500,134393,883025,626974,449964,1563369,511632,1446395,1344258,1236070,1108807,273479,1089564,1121040,True,False,False,True,True,False,False,True,False,True,False,False,False,949,0,,,Pzovqrb,8,False,44,44,0.8301,0.8288,0.4069,0.6502,0.3795,0.8597,0.2522,0.7433,0.1965,0.0066,0.7324,0.62,0.9318,0.1641,0.4078,0.4018,0.0215,0.651,0.4881,0.6161,0.5012,0.4167,0.0849,0.627,0.7135,0.7236,0.029
spotify:track:wsseksnaltwtvtbbcxelqn,Track Sleyqi,spotify:artist:nlzndardilbqocexxmnyyr,Ybdcg,spotify:album:furvjdvbauhewssaxcpsdn,Njdzbw,1988-12-17,126094,False,Spanish,Jazz,Jazz,0.7254,0.3436,C#,-17.73,Major,0.9054,0.4556,0.7651,0.3315,0.9886,85.439,6,5,4531124492,32549531,516595,143,3,113,158,151,25,38152342,81222640,30,False,FR,1971,17,9,Folk,R&B,EP,4,2,13,Sony,7340329529013,29,107,0.745,0.3012,0.8673,938894,23754036,46,1925640,715960,101142,493514,191885,86573,3605380.36,1429447.12,6753.58,154709.08,0.00832,0.64,0.368,0.133,92,93,2019-06-17,2014-04-18,83,25,70,3,False,False,True,True,False,False,False,False,True,False,True,False,False,False,False,False,False,True,False,True,True,False,True,True,False,True,True,True,True,False,1734381,2926894,1963137,4713057,3275963,4437001,1207507,4199413,549428,2700126,3916701,4499333,177481,78548,3916961,4708487,3222342,976715,3597671,5645,0.0621,0.5207,0.2454,0.7141,0.3273,0.0608,0.4388,0.9649,0.0995,0.2991,0.3057,0.7627,0.2622,0.4107,22050,1,-36.007,-16.509,23.142,-24.188,202.516,5.851,304.488,902106,9570232814,922932,484125,122272,12360,2288,94030438,USWQY509958644,spotify:track:rcjqzqdvaccgzxrmluorur,True,True,0.0584,none,PG,restricted,295223,1717933,670144,1162280,626627,102012,1710557,1659579,108650,1271094,1344750,11211,1795560,869572,1980147,392121,1328326,694526,54423,1228172,1615767,570184,856274,1478048,False,False,True,False,True,False,True,True,False,False,True,False,True,471,5,Oargca,Zvkrym,Zemqtav,6,True,12,97,0.0561,0.6752,0.1602,0.1243,0.8449,0.9827,0.2822,0.0196,0.5282,0.7409,0.3175,0.1706,0.0824,0.7802,0.9702,0.7543,0.7299,0.7094,0.8388,0.1203,0.3445,0.3783,0.0518,0.8209,0.0991,0.9662,0.7077
spotify:track:amofnldbddzxxukwbrrlmj,Track Vimsnx,spotify:artist:uljulpgiulssgswrdjcwzo,Uncfv,spotify:album:bqpfulczjzcuxvuvzkqldj,Rxigfd,2020-02-12,245478,True,Korean,Latin,Rock,0.7841,0.9566,E,-1.38,Minor,0.3069,0.2746,0.1831,0.5175,0.3349,196.744,5,75,364659477,34307971,957885,116,28,126,81,112,97,33152625,42071181,62,True,AU,1968,276,14,Punk,Classical,single,2,1,15,Independent,5632411351661,73,114,0.4075,0.9532,0.7795,3675835,20823452,136,4147646,497293,200054,22874,25338,29075,509390.01,2140929.85,266618.14,85546.94,0.00335,0.379,0.375,0.187,194,63,2012-05-20,2022-03-23,18,50,100,22,True,True,False,True,True,False,False,False,False,False,False,False,False,False,True,False,True,True,True,True,False,False,False,True,False,False,False,False,False,True,1338704,660161,1357284,2511523,4632843,3739199,3628802,2523514,627237,2696960,2950783,3977847,1142331,1016761,2080673,548274,696404,2076636,4887656,3175097,0.5255,0.2417,0.5909,0.7013,0.0479,0.7875,0.5017,0.5768,0.433,0.7249,0.1787,0.0164,0.8099,0.0842,22050,1,-47.078,-12.681,24.405,-17.293,165.339,4.127,312.704,4951928,6907686572,634146,73801,259301,36735,1684,57228909,USMHM319319993,spotify:track:oyomzrbbtxcmmkpzvheyej,True,False,0.493,none,18+,inactive,1226675,1429492,1379843,1995798,779060,675722,1970443,1517141,1488920,568600,984419,1992190,241981,346496,104121,76377,924827,486439,184944,802933,1165128,89367,1125696,91660,False,True,False,True,True,False,False,False,False,False,True,True,True,591,0,,,Osiojny,10,False,32,23,0.2757,0.826,0.6826,0.8864,0.1153,0.8674,0.5219,0.841,0.7254,0.4014,0.0457,0.018,0.1071,0.4225,0.2147,0.7935,0.4904,0.5112,0.0293,0.691,0.2454,0.8496,0.9303,0.4392,0.0705,0.3721,0.561
spotify:track:dbgbhhnizacjeisaljhrio,Track Hdmmbu,spotify:artist:jfwmyrgppxvndxryhqbugt,Knsge,spotify:album:fmbswimdhxhmwelydwqfte,Juyred,1999-12-20,206590,False,Spanish,Funk,Folk,0.5277,0.3052,E,-6.57,Major,0.8199,0.219,0.6232,0.8051,0.8018,157.357,3,91,4025535662,19393631,1534309,169,37,72,29,44,154,58697669,30390627,45,False,IT,1980,71,17,Punk,Country,single,1,1,19,Def Jam,7600712458232,94,153,0.3117,0.2734,0.3059,7772326,14931393,125,1231678,449169,294730,98648,42881,30295,1021069.74,2403114.76,266494.13,40561.38,0.00706,0.449,0.307,0.146,57,63,2022-02-21,2017-08-19,12,15,153,13,True,True,False,False,True,True,True,False,False,False,False,False,False,False,False,True,False,False,True,False,True,False,True,True,True,True,True,False,False,True,3119930,2824999,143556,1026713,1726488,2812100,4622485,2559236,949955,461653,2036508,2184213,697631,654652,1954664,3700331,1615327,1164932,198200,1074374,0.1323,0.083,0.9426,0.2285,0.819,0.9984,0.85,0.6307,0.7747,0.0393,0.7993,0.5389,0.6295,0.8712,22050,2,-34.728,-19.985,14.418,-22.521,353.199,8.067,281.59,4528867,7967117616,327936,225026,293973,6462,4719,22690079,USQTO200065528,spotify:track:ivgyjdspwterdscgyakife,False,True,0.8256,drug,PG,restricted,648242,1853967,1431503,1603273,232484,154984,710839,195331,1570293,808130,615365,1738326,1471517,1625754,1402551,1724123,528725,1938547,865798,1671403,698827,1268910,1834907,308786,True,False,False,False,True,False,True,True,True,True,False,False,True,203,1,Ebanun,,Wrxcsgl,2,True,23,27,0.5622,0.529,0.6597,0.2217,0.7625,0.6232,0.0082,0.8734,0.7359,0.1613,0.8772,0.8185,0.2382,0.4209,0.4314,0.7641,0.0209,0.9694,0.9065,0.1483,0.9882,0.5587,0.6312,0.2068,0.5316,0.0686,0.8462
spotify:track:vccjcxzwpvhmayqspryvkx,Track Rgzbyi,spotify:artist:bsushdfivecxmsqimjdfdu,Xjphi,spotify:album:wgfmxurhpwzazklnyusfam,Mdxijg,1981-08-14,225605,True,Swedish,R&B,Soul,0.8243,0.1023,D#,-4.25,Major,0.0059,0.569,0.8237,0.5552,0.1265,198.497,4,29,4253373322,35553218,900562,35,55,71,37,169,34,30561609,39154348,97,True,BR,2013,155,3,Pop,R&B,EP,21,2,5,Independent,8387740716312,38,45,0.1247,0.5414,0.2345,9001592,34357008,144,1677085,731987,297327,13990,65255,92411,501473.79,1814042.86,130642.78,86388.14,0.00565,0.606,0.145,0.175,171,93,2022-06-11,2020-08-31,38,48,144,23,True,True,False,False,False,True,True,False,False,False,False,False,False,False,False,False,True,False,False,True,True,True,False,False,False,False,False,True,False,False,2629251,3924298,3179671,2040265,2469944,2473905,3793125,4684982,1437658,342560,401124,915076,1607021,4113479,3241153,4292569,2073336,3037072,1335742,4380824,0.0773,0.4851,0.6753,0.1729,0.7529,0.9485,0.4195,0.3667,0.9548,0.3131,0.0665,0.4925,0.0618,0.3375,22050,2,-51.93,-4.095,13.637,-26.963,332.956,8.071,207.122,410706,825985404,281509,100071,105262,3195,3979,62227960,USOAA211031250,spotify:track:oiiyleddjbnhtbkxjslquz,False,False,0.0628,violence,E,inactive,841513,669443,1824687,1820980,524438,1917054,999178,1764222,412996,1011828,78061,571626,344529,1645896,1363675,135553,1648326,636197,250205,761939,302930,494047,1163752,943406,False,False,True,True,True,False,False,False,True,False,True,False,False,408,1,Rnrexv,,Yyzqlze,4,False,26,7,0.1294,0.803,0.63,0.0321,0.2465,0.2373,0.3956,0.8273,0.0434,0.0906,0.8345,0.6427,0.4354,0.4488,0.6062,0.2686,0.3845,0.4316,0.0443,0.3352,0.7585,0.7394,0.5839,0.2786,0.9804,0.9791,0.2683
spotify:track:sbqcqeopodrdixlhuqgiqw,Track Nyajgg,spotify:artist:aqsjzxodywgfiungfetggj,Nkphx,spotify:album:uwqkczpjmqamvgcqxzaato,Zdlbas,2007-08-21,309218,True,French,Latin,Alternative,0.5845,0.7001,C#,-13.76,Major,0.9914,0.4882,0.6087,0.8158,0.0329,169.537,3,99,81121501,7594498,1424949,146,191,116,159,115,198,56564174,40726725,82,False,US,1999,354,18,Blues,Pop,album,13,2,13,Sony,1414508078561,13,71,0.179,0.1521,0.5259,4905668,33496336,73,3225664,614523,255161,273397,90130,16033,1052381.46,2881504.65,36835.29,54821.18,0.00798,0.309,0.182,0.16,60,43,2022-05-05,2010-11-16,6,48,164,42,True,False,True,True,False,True,False,True,True,True,True,True,True,False,False,True,True,False,True,False,True,True,True,False,False,False,True,False,True,True,2832029,1073903,909954,4945426,1980962,4564306,2873550,1373371,1123484,1393548,1830716,1020297,549549,2609703,1553644,1885572,665361,665338,3040740,2607175,0.4831,0.8916,0.6916,0.6299,0.8712,0.0085,0.8713,0.7322,0.6869,0.7682,0.6624,0.941,0.9922,0.0782,22050,1,-58.962,-6.779,9.424,-46.2,202.096,7.936,236.675,1400259,5484141304,882593,337830,40129,8525,4893,89197425,USTFL769204509,spotify:track:nkhlaaevcomwkvtodovbce,True,True,0.7762,drug,E,restricted,507312,360241,1920005,1087495,219549,1709432,1204248,972541,1851859,769222,1312611,1354043,1344729,1511763,67105,953413,1029227,315223,155561,1056094,1961540,1741501,1167179,1302165,True,False,False,False,True,False,False,False,False,True,False,True,True,817,1,Lxcbdl,,Irwygfc,7,True,4,69,0.4072,0.5172,0.8837,0.777,0.9006,0.652,0.1155,0.3701,0.1803,0.9296,0.0515,0.0249,0.2951,0.9452,0.6063,0.1568,0.5818,0.4127,0.8685,0.6249,0.401,0.1019,0.8222,0.776,0.1165,0.3722,0.0363
spotify:track:bvweyugoskjxmciymoebfk,Track Imzzxr,spotify:artist:qsqqdmipskepfedjrbpzcq,Peshy,spotify:album:lfcawxamrbpeygirfmjxjn,Hgswoc,1997-06-10,220732,True,German,Rock,Pop,0.1905,0.4437,F#,-16.07,Minor,0.4784,0.7528,0.0358,0.0698,0.0637,135.335,3,93,3387857168,33220911,1841974,139,58,55,198,110,135,24841441,55093843,8,False,JP,2010,136,29,Folk,Folk,compilation,12,1,3,Universal,8998964813925,8,46,0.9993,0.3497,0.6198,6802250,23159038,51,4157270,595057,131144,144490,118349,32965,48714.25,2000745.27,360286.57,66751.37,0.00682,0.628,0.225,0.179,73,73,2013-11-07,2019-12-22,21,24,66,22,True,True,True,False,True,True,True,True,True,True,True,False,True,False,True,False,True,True,True,True,True,False,True,False,True,True,True,False,True,True,3706450,4050432,2182907,818733,4758837,1467436,4273163,1699731,1178491,2480869,4750099,3104566,812596,938000,51084,4954085,3579678,3786967,258762,1485850,0.8871,0.6229,0.0733,0.4141,0.8629,0.2233,0.2985,0.4572,0.5573,0.453,0.4142,0.6081,0.4721,0.7458,22050,2,-33.543,-15.821,0.059,-6.55,155.256,9.348,310.242,4073863,754195738,679415,307193,367390,44535,1116,64929246,USPAU617693142,spotify:track:jlkrjwlccfhpijhkyhzden,False,False,0.0778,sexual,E-Clean,inactive,1842165,494023,1387269,1520154,304676,1305920,1490363,71884,1485776,611980,902988,8022,1792789,1085083,614237,809858,1432074,1936132,1408062,927008,623683,70349,986058,279531,False,True,True,False,False,True,False,True,False,True,False,True,False,462,5,Cjxmsm,Tftczg,Abwkgee,7,True,41,64,0.9815,0.6422,0.7116,0.9385,0.8066,0.4564,0.623,0.8671,0.7997,0.7893,0.2121,0.4749,0.9907,0.3875,0.7981,0.7746,0.7041,0.4576,0.1097,0.4396,0.956,0.4316,0.9715,0.4383,0.0672,0.1732,0.3797
spotify:track:chlokrpblyzxzdbsdvdqlq,Track Avtlcl,spotify:artist:fgodvdmkclvahjzcactnmg,Ahqwv,spotify:album:lcsjqytdyzmuzdjnfzrbms,Pkkvei,1967-03-28,358462,True,Korean,Hip-Hop,Pop,0.5877,0.0662,D,-9.45,Major,0.4792,0.3153,0.6583,0.3514,0.6069,171.601,4,62,2006380143,10523171,884165,194,79,42,112,170,107,60422871,59409270,27,True,DE,1993,474,5,Classical,Indie,single,16,2,8,Atlantic,0907717425834,82,81,0.3839,0.9897,0.1177,1335843,47533547,5,3362471,421349,206232,477930,11628,94921,767480.36,2105228.87,248005.32,123067.14,0.004,0.381,0.318,0.181,2,76,2023-04-12,2011-03-03,10,43,67,34,True,False,True,True,False,False,False,True,True,False,True,True,False,True,True,False,False,True,False,False,True,True,True,False,True,True,False,False,False,True,2375956,466526,3150229,4334176,1716678,3791016,2817379,4991406,2171558,2990712,4406782,4054386,456286,1209927,1792220,152664,3951516,546631,361347,2753895,0.3769,0.0415,0.0224,0.4502,0.3055,0.3727,0.385,0.6104,0.6734,0.2869,0.0226,0.5369,0.7018,0.8364,22050,2,-14.65,-6.879,25.09,-37.813,334.899,4.538,273.781,3479412,5406084818,606077,197243,328248,16228,4688,24517538,USCOD603870213,spotify:track:tczsvbqsdrzxkwqkdfhstx,True,False,0.5229,none,PG,takedown,1528148,1362696,1943931,1171166,801040,216727,626650,854313,1285446,318826,1377744,1729113,1920241,244304,1451247,161367,1777766,1221834,466250,1715900,1426046,799981,1128898,973770,False,False,False,True,True,True,False,False,False,True,False,False,False,949,3,Uoorfp,Gonksn,Ugsimhm,10,True,5,76,0.0832,0.1827,0.7051,0.1506,0.7859,0.5828,0.335,0.9497,0.2144,0.1347,0.9819,0.1193,0.8632,0.4145,0.6969,0.956,0.0453,0.5616,0.3265,0.4124,0.7585,0.7608,0.8426,0.7524,0.0035,0.1523,0.548
spotify:track:ubvsqajejcwjusmylxqbbx,Track Dnmhly,spotify:artist:ayqsgqijiwztyvtjzwmvoc,Ecgny,spotify:album:kneigotzstuylvywjumvjd,Shywuq,1962-12-01,306277,True,Spanish,Blues,Rock,0.7131,0.5954,F#,-16.44,Major,0.5654,0.3265,0.7834,0.7484,0.4336,87.266,3,41,3405675494,566620,1893191,197,2,53,127,67,161,76744191,19908404,15,True,US,2013,476,20,Punk,Reggae,album,2,2,15,Columbia,4038391643496,94,73,0.8347,0.4566,0.7953,115332,38893300,86,1007466,631595,288765,484135,7587,76865,1564400.31,1857040.47,494610.02,71652.64,0.00116,0.386,0.138,0.176,104,97,2013-01-02,2017-08-18,94,7,15,15,True,False,True,True,False,True,True,True,True,True,False,False,False,False,False,False,False,True,False,False,True,True,True,True,True,False,True,False,False,True,1476115,2380482,4422359,2841580,2946750,968483,2862756,3758195,301089,1699949,2166159,1702982,2375674,4810067,778179,3683319,643460,419830,443359,1956593,0.6528,0.9507,0.8167,0.9647,0.0408,0.8825,0.2269,0.2193,0.9329,0.7957,0.8376,0.9769,0.2443,0.4878,22050,2,-37.507,-11.408,12.067,-26.49,200.918,5.639,328.908,1544134,6473763141,756678,107486,197040,38164,1904,33793628,USZCB561476309,spotify:track:hsvahtklcnkwedkzvxgbud,True,False,0.8613,none,E,restricted,993412,247930,771012,738119,1475534,402679,899748,1969998,1029031,507791,236239,1484150,1014008,1664255,610287,1983620,328738,1647492,138398,218509,717583,277248,214323,1606449,True,False,True,False,True,False,True,False,True,False,False,True,True,95,0,,,Uqoloyl,6,False,6,18,0.2252,0.6715,0.4724,0.3557,0.7586,0.3017,0.2492,0.9484,0.4895,0.6075,0.2536,0.1556,0.3672,0.2084,0.7757,0.0679,0.0286,0.1983,0.1544,0.7759,0.9987,0.2999,0.1323,0.1918,0.9233,0.3117,0.841
spotify:track:bdscggejddbqzahccrkprm,Track Vzqxin,spotify:artist:tttxluwsxwuappfktbmbjc,Wqxzz,spotify:album:hubirgcyeevhzflhirrwwf,Pfmqyp,1976-06-11,306148,True,French,Indie,Classical,0.728,0.4754,E,-4.49,Major,0.6405,0.7588,0.0631,0.2879,0.2555,166.372,3,36,2890509883,9016968,817540,11,83,88,59,129,93,47649348,46950542,69,False,TR,1972,376,29,Punk,Dance,album,8,2,16,Def Jam,6275793778188,28,14,0.805,0.8203,0.1449,1375428,12505879,26,3580111,106115,237208,219980,36540,46722,4728147.35,2279245.99,287328.94,41383.12,0.00711,0.556,0.144,0.146,154,66,2024-04-07,2015-07-29,28,7,37,28,False,True,True,True,True,False,False,False,True,True,False,False,False,True,False,True,True,True,False,False,False,False,True,False,True,True,False,True,True,True,2020825,1768567,3229394,2315307,3602102,4806754,2931786,2244020,4759609,2608016,3615031,3017343,4723520,1204167,126796,3042704,2521564,4387325,4676925,4395998,0.3622,0.4675,0.2124,0.3682,0.6012,0.4087,0.6612,0.6194,0.0569,0.4809,0.4766,0.4153,0.1286,0.1864,22050,1,-57.612,-7.739,12.144,-51.218,356.215,8.868,251.008,281147,2091161000,72730,70931,405172,2441,102,73794669,USHMY765146552,spotify:track:bnimvyfbjoxzklaemqeokm,True,True,0.2029,sexual,E,takedown,1435169,847555,1554742,774231,1732130,69253,184991,390702,405097,705772,1013199,1103713,305428,365653,413086,1341853,1292275,570012,1879861,1282949,1550964,966719,1961365,76731,True,False,True,False,True,False,True,False,True,False,False,False,True,277,4,Wulqit,Hnfnso,Vxnsbte,8,False,18,37,0.7246,0.7655,0.065,0.8314,0.9509,0.3549,0.1296,0.3356,0.7095,0.6007,0.0663,0.1825,0.9642,0.3513,0.1386,0.321,0.9011,0.7592,0.1925,0.5441,0.6889,0.466,0.2004,0.7334,0.8691,0.0507,0.1745
spotify:track:zmyygwcqwnfkbsqnitlzfq,Track Anqngd,spotify:artist:oqylxaybpsmynnarrqiwgp,Xholf,spotify:album:aguokfzhvbzlrclwgdlwin,Pnfpkd,1963-01-31,197014,True,Portuguese,R&B,Punk,0.9344,0.8035,F#,-3.06,Major,0.2369,0.2063,0.8417,0.674,0.1099,129.827,3,4,1007744925,9430939,1931468,175,79,165,126,16,190,78464986,88984790,32,True,AR,2005,499,3,Classical,Rock,compilation,10,2,12,Warner,9003869968816,84,40,0.4156,0.7975,0.0022,3452394,3625244,127,4234856,897386,122724,328495,130280,8687,4202829.92,1228405.88,130069.95,145477.95,0.00348,0.592,0.13,0.145,91,82,2020-12-15,2023-09-07,69,43,170,8,True,True,True,True,False,True,True,True,True,False,False,True,True,True,False,True,True,True,False,True,True,True,False,True,True,False,False,True,False,False,4578821,850206,1415363,4301606,4944098,2096229,2058454,1107917,1838709,2312249,3129539,2152302,1153721,1224305,1724270,715387,4005249,4188935,4335952,921078,0.9258,0.1777,0.1118,0.2743,0.1601,0.4152,0.6514,0.3386,0.8314,0.4778,0.1509,0.6891,0.8821,0.4087,22050,2,-56.699,-17.217,8.514,-55.055,125.477,6.511,218.302,2210578,3760607404,48934,391957,204329,18554,2634,45285828,USYEA832012339,spotify:track:hkgmqfnmvvueftvszlaovf,False,True,0.3541,none,PG,active,255367,402968,1698967,1484620,664371,1049820,1118890,1790612,191378,1422604,329399,253238,783073,784638,1933067,1593813,1940891,734235,282526,553844,1172715,1208430,1297940,523679,True,False,True,True,True,True,False,True,True,False,True,True,True,908,0,,,Rkbrqld,3,False,30,34,0.9403,0.8601,0.5942,0.4389,0.0252,0.2842,0.7825,0.1048,0.799,0.7218,0.9768,0.6955,0.3039,0.2354,0.3633,0.312,0.0295,0.3416,0.2998,0.8879,0.0834,0.4425,0.3198,0.4099,0.5217,0.6906,0.2527
spotify:track:dsupgvycxpkpfzqkgbdevn,Track Gcxdlf,spotify:artist:cbnpltseucriyzpzpstwgb,Cklen,spotify:album:yunqnagwfoxuoqshqyynss,Iopbzs,1985-09-24,159813,True,Italian,Rock,Ambient,0.9601,0.7223,F,-12.51,Minor,0.8773,0.8087,0.1567,0.8867,0.88,160.841,4,53,2559101256,37180539,1208599,111,70,57,81,183,193,33025536,73118092,22,True,FR,2020,251,14,Soul,Hip-Hop,single,19,2,21,Atlantic,7836917781319,52,166,0.8035,0.8868,0.4967,4337261,18691996,116,98555,865503,297122,304864,112441,61679,1299937.73,40606.77,32390.89,29028.51,0.00632,0.658,0.207,0.115,89,86,2018-03-06,2017-06-17,89,41,114,22,False,False,True,True,True,True,True,False,False,False,False,False,True,True,False,True,False,False,True,True,False,True,False,True,False,False,True,True,False,True,2399265,1402769,1635505,4685590,2513826,2102532,4648556,1086310,2071199,1261623,4569798,4946766,105573,813518,3955106,524358,307746,3326334,1688774,4083467,0.5251,0.0757,0.805,0.1222,0.4312,0.8099,0.8097,0.5436,0.5842,0.7041,0.9296,0.3436,0.2605,0.2771,22050,2,-3.523,-10.017,20.703,-51.982,254.084,0.554,232.721,4255207,4322954968,910928,321556,385529,6070,4648,26644079,USVOL262119041,spotify:track:vhajwsttryoqgzfrmrftbv,True,False,0.5685,drug,E,takedown,1085210,1124602,25286,678361,1981314,1289845,701045,140275,733986,717659,860954,1023728,574999,845923,631266,279652,1773460,1842531,383646,970148,417142,109711,78009,870481,True,False,False,False,True,False,False,True,False,True,True,False,True,618,1,Qxhkfr,,Mpwnyuu,2,True,0,25,0.9901,0.4298,0.0109,0.2704,0.1085,0.8963,0.7374,0.5948,0.4679,0.7859,0.4552,0.8951,0.6744,0.2165,0.0205,0.0522,0.1733,0.7435,0.978,0.9513,0.1661,0.8654,0.9066,0.3675,0.5203,0.0718,0.5639
spotify:track:gdbfsnqxbkwwauctizegyo,Track Tyqjus,spotify:artist:onrqzjsijhvoxqufrbbspu,Gjjwp,spotify:album:amrkvwvvtpdspcwvqxmiwl,Mwedkx,2007-05-15,230670,True,Italian,R&B,Reggae,0.5621,0.1929,G#,-3.32,Minor,0.5255,0.7865,0.5069,0.0292,0.3589,101.732,5,1,807403850,30444127,1970792,165,138,55,94,80,46,9594993,15634276,90,True,ES,2020,317,26,Reggae,Hip-Hop,EP,9,2,1,Universal,3545281490044,43,11,0.4058,0.7633,0.2367,3011480,43902797,1,213984,444106,281717,392679,106200,45480,3258199.0,566149.61,25225.57,27187.34,0.0012,0.416,0.144,0.092,3,33,2013-07-06,2021-09-15,38,33,81,4,True,True,False,False,True,False,False,True,True,True,True,True,False,False,False,True,True,True,True,False,False,False,False,False,True,True,True,True,True,True,226187,4731848,4105182,3654841,2865067,4359006,1795597,3010932,4135100,956864,3944207,4370518,3551899,1140911,107853,4369615,4988990,1442778,3834135,4855430,0.5769,0.616,0.2508,0.2131,0.5703,0.5196,0.4924,0.1407,0.5028,0.0088,0.4474,0.061,0.4661,0.3482,22050,2,-9.215,-19.352,19.339,-0.239,332.304,8.051,326.679,4321201,4821334778,479952,100285,224084,28075,2548,97503292,USAZT810105959,spotify:track:slbhkziwhaonwfmbufhcun,False,True,0.5862,sexual,E,takedown,880552,328760,116901,1703032,1638954,1154244,1047175,486416,1787266,1154453,639372,462530,291154,352218,209112,768079,1603555,820493,483657,1655109,621936,1874100,417555,1268709,False,False,True,False,True,True,True,False,False,False,False,True,True,808,5,Pjiliu,Njliyb,Uvzmvwg,10,False,36,16,0.6901,0.0026,0.8939,0.9711,0.9358,0.1234,0.1445,0.6783,0.4528,0.6566,0.6573,0.1561,0.8148,0.6935,0.5253,0.9737,0.6077,0.4739,0.0592,0.181,0.6751,0.4338,0.0579,0.3521,0.0611,0.8466,0.1146
spotify:track:tncautxrmqixgkrmfkhdos,Track Wreesy,spotify:artist:vgskczhvtobynpcznooxhi,Dlifw,spotify:album:xgcatfkejybwdmbyprbfsx,Lgagsl,1997-12-27,258331,False,French,Dance,Country,0.0721,0.03,C,-1.73,Minor,0.96,0.2715,0.3749,0.4849,0.2594,132.242,3,28,4663633616,33356189,204582,124,69,124,75,154,6,63647046,82208105,23,True,BR,2007,104,8,Funk,Country,compilation,5,1,1,Columbia,7497081986153,64,87,0.1732,0.7033,0.1013,8742064,29218876,36,3099184,232475,187758,486586,102216,28013,2904991.92,2824836.74,268681.58,56390.35,0.0022,0.382,0.188,0.059,52,32,2013-03-13,2018-08-30,97,50,150,50,True,False,True,False,False,False,True,True,False,True,True,False,False,False,False,True,True,True,False,False,True,False,False,False,False,False,True,False,True,False,2839194,3852539,1043302,195554,3893347,876891,3842139,4301802,186281,3424674,2949643,2715426,314366,1442627,3585310,2544733,3995670,1125465,1120060,1691814,0.0768,0.8863,0.6809,0.79,0.0461,0.0127,0.446,0.3583,0.4874,0.4306,0.3947,0.4551,0.5222,0.6908,22050,2,-46.316,-14.074,8.13,-3.726,226.04,7.407,312.021,1945211,5947658155,705861,129909,234072,36019,3501,16064568,USEYV559474792,spotify:track:gjukyqevtprdjjiuyqdrde,True,False,0.6812,none,18+,restricted,1009409,984790,1927871,1276312,458784,1890015,417446,1166333,496407,1222814,712338,1651800,1531262,112789,316599,1311328,1990364,972646,1175243,810362,1387310,1999287,328943,1416367,False,True,True,False,True,True,False,True,True,False,False,True,False,837,0,,,Evbtamm,7,False,11,86,0.2355,0.932,0.642,0.3101,0.9761,0.4157,0.1156,0.3423,0.7342,0.5841,0.6673,0.4777,0.1909,0.8739,0.0097,0.5194,0.075,0.0621,0.8477,0.0911,0.2645,0.6668,0.4785,0.7235,0.4818,0.3782,0.7878
spotify:track:pkzhfnlfblqhkzcmlqgpgh,Track Ieujvo,spotify:artist:oetbprixbaqlviykwbhjob,Zzunz,spotify:album:leczdfkaafcftrduzauixn,Kuyucy,1972-08-01,347792,False,Spanish,Ambient,Latin,0.2629,0.2816,A,-19.42,Minor,0.4956,0.1663,0.168,0.7318,0.7707,87.687,5,61,3827111177,13180626,1109214,156,60,49,84,97,33,35882389,15107391,77,False,DE,2019,463,25,Alternative,Reggae,single,4,1,15,Republic,6535758426763,66,9,0.7306,0.5178,0.7389,6846138,29291001,89,1199989,124206,199693,447841,57231,90197,3199905.76,912377.61,237994.45,198109.14,0.00441,0.408,0.36,0.181,7,15,2011-02-26,2017-05-25,15,42,24,33,False,True,False,False,True,True,True,True,True,False,True,False,False,False,True,True,False,True,False,True,False,True,True,False,False,True,False,False,True,False,1218308,3071577,37378,675416,3954223,1407223,3383840,825495,789844,4519026,512929,2733951,3667805,504026,3156452,4806591,1992297,1515792,2055956,1161717,0.7354,0.4312,0.6932,0.2402,0.696,0.6868,0.7214,0.9631,0.082,0.5628,0.7323,0.214,0.0697,0.7698,22050,1,-9.319,-17.166,13.926,-49.329,214.645,9.545,273.277,801500,3657009816,574324,298158,67220,43268,3688,32556197,USFHV877522521,spotify:track:uwddsztzzvpwldkfnqcdwa,True,True,0.6425,none,PG,active,1308897,1688743,1858152,1635659,1437380,409975,149580,599410,139164,961045,1403618,514371,1447799,1811374,522007,816969,236040,335592,491212,1234654,456258,423293,1148009,190704,False,False,False,False,False,True,False,True,True,False,False,True,False,21,3,Lbdwtl,Ytaagg,Yixpsiw,4,False,35,28,0.8393,0.9351,0.6922,0.8132,0.4236,0.0391,0.6133,0.1181,0.9997,0.0706,0.3083,0.7863,0.6125,0.6364,0.2997,0.6007,0.8079,0.2469,0.8517,0.0522,0.0572,0.4657,0.9133,0.7813,0.5926,0.6525,0.8792
spotify:track:hobqajbcxvmzmfwzoxldui,Track Zfkors,spotify:artist:zfsqdnzsnrfkxnwwfmypjz,Hrxik,spotify:album:alxvelyjexwroagzafdvxq,Yyviaa,2010-08-04,308357,False,English,Rock,Ambient,0.8039,0.5577,G,-16.61,Minor,0.8719,0.1434,0.1018,0.903,0.351,78.187,3,46,2463610355,49027879,1757323,86,68,21,95,128,188,21139871,31538171,74,False,MX,1983,129,26,Soul,Metal,single,21,2,18,Sony,6538439054839,14,102,0.0296,0.2037,0.643,9292501,34322286,150,2164799,703617,280414,300062,126744,73144,4141029.76,1835042.06,52554.17,174635.94,0.00544,0.472,0.168,0.156,35,66,2022-05-10,2013-01-31,65,1,174,44,True,True,True,False,True,True,True,False,True,True,True,True,True,False,True,False,True,False,True,False,True,False,False,False,True,False,False,True,False,True,3213904,565160,2090537,988127,1269757,1015957,3853111,4426398,4478533,4486153,4364600,724665,3645222,1541658,3291056,3543097,3377120,4261457,3996719,2252672,0.7561,0.14,0.8795,0.8771,0.8558,0.9199,0.5301,0.81,0.2873,0.9728,0.3998,0.0912,0.5679,0.7582,22050,2,-41.887,-5.461,27.69,-32.499,136.158,9.615,212.49,87711,9855011989,993393,134248,337446,45946,2534,87252135,USQJF252866957,spotify:track:bvdvnsuvhpxkczydbynwbw,False,True,0.6408,sexual,18+,active,1841344,107971,705727,1155984,1603471,1931517,1560182,1497263,603719,617270,727829,216071,1516600,1682572,281670,1054079,1838887,359321,1011437,1638785,293864,1304560,548552,1663632,True,True,True,False,False,False,False,True,False,True,True,False,False,507,2,Sjczfx,Jpfgue,Zocmkgt,6,False,35,99,0.6132,0.752,0.7504,0.6283,0.1816,0.6466,0.4562,0.5192,0.4724,0.3298,0.6625,0.4425,0.8421,0.0728,0.093,0.7458,0.4183,0.4232,0.6554,0.9553,0.1039,0.6857,0.8166,0.4333,0.616,0.8211,0.5901
spotify:track:ymyudjrkpnxichpgfftwqv,Track Labymj,spotify:artist:rprmvoyhqzqcbpwlixhvdj,Vixzd,spotify:album:pvdmpmsbuenhvwfrckbzgo,Qpiely,1968-12-23,255598,True,Japanese,Indie,Latin,0.8583,0.0508,B,-2.79,Minor,0.9622,0.8026,0.0045,0.1405,0.5626,151.398,3,44,3162628575,43453052,516598,60,101,67,13,198,149,60728759,54780896,18,True,NO,1970,475,22,Jazz,Alternative,single,25,2,8,Sony,0574192472997,9,107,0.864,0.1517,0.0105,3622458,10960482,132,768940,141562,242066,254458,57128,14826,3781434.66,2267337.3,148016.82,175309.31,0.00827,0.367,0.244,0.141,165,98,2015-12-10,2014-03-31,62,35,175,36,False,True,False,True,False,False,True,False,True,False,False,True,False,True,False,True,True,False,False,False,True,False,False,False,False,True,False,True,False,True,1510381,4509565,2484829,2893211,3154727,4554958,4290939,4814637,1972848,1204333,1162289,4400972,547204,4024791,730828,296920,4602264,1566878,1199785,4575515,0.1197,0.2679,0.2146,0.2569,0.6983,0.4575,0.9865,0.632,0.7925,0.2479,0.384,0.7787,0.2315,0.5141,22050,2,-39.53,-8.377,20.179,-35.391,272.055,5.249,231.423,1180796,3223875278,723838,361842,54841,46172,811,82156357,USKSU606467983,spotify:track:jnrweneakrqxmmavzpnxll,True,True,0.4325,none,E,takedown,1823943,886578,1644812,485330,812024,1399913,512624,296667,1559901,40004,184108,1858855,1961823,722412,1706520,627459,787753,149456,273942,152532,536791,1533698,1229768,1775358,True,True,True,False,False,True,True,False,True,False,True,False,False,695,0,,,Diynvaq,2,False,40,99,0.6461,0.1015,0.7019,0.6442,0.0131,0.9361,0.0698,0.3105,0.6114,0.0618,0.1122,0.7204,0.8951,0.7433,0.3245,0.7199,0.4746,0.2246,0.7721,0.5207,0.4098,0.4708,0.4827,0.1885,0.0477,0.4162,0.3383
spotify:track:hjfrvhajlkkciqvnurcsew,Track Lypfrt,spotify:artist:kchkrelgrkrrjwgaaqssmr,Qxpvj,spotify:album:ijlchyvogmjearjehlnequ,Nbqhvl,1965-05-25,356556,False,Japanese,Punk,Jazz,0.3798,0.5918,B,-19.28,Major,0.7277,0.3154,0.4597,0.7747,0.454,168.84,4,20,3492387970,30581765,1062154,3,106,105,127,114,78,67228900,9430203,65,True,US,1968,205,7,Blues,Punk,EP,5,2,8,Independent,4559388731145,84,130,0.7894,0.2556,0.1144,5104833,31136111,97,1551073,846539,124359,267037,9658,20684,1965199.34,2286697.14,28976.13,170111.92,0.0036,0.328,0.228,0.152,23,95,2019-02-17,2016-03-31,10,34,32,17,False,True,False,True,True,True,False,True,True,True,True,True,False,True,True,True,False,False,True,True,False,False,True,False,False,False,False,True,False,False,1759979,3721293,3254127,3836476,210974,2032791,1451955,4034689,2530809,4995168,719902,2490687,1943797,4567735,1986774,3711273,2678066,7220,2875479,1841238,0.0139,0.9242,0.192,0.826,0.7616,0.874,0.037,0.1029,0.4294,0.8355,0.4898,0.1118,0.0757,0.9574,22050,1,-7.354,-18.951,4.776,-10.033,191.199,5.057,209.655,3159165,4462444848,930770,102379,235482,17545,2820,49548927,USLKU415355135,spotify:track:wsxmjhvpwmwbzdqmpmqjgd,True,True,0.3192,sexual,E,restricted,1907303,232429,873067,657057,110862,1107907,1691111,230295,980953,103835,427493,1682454,1427085,921529,829282,143207,454971,686084,341979,603682,320172,1155657,215766,897603,False,False,True,False,False,False,False,True,False,True,False,False,False,354,1,Uvoqpt,,Rcxnzpf,8,True,23,86,0.5727,0.8756,0.6005,0.5337,0.9713,0.3217,0.3795,0.0256,0.8553,0.0857,0.3454,0.5261,0.941,0.3538,0.0816,0.9754,0.0291,0.324,0.37,0.1029,0.8505,0.6775,0.6738,0.6854,0.7503,0.416,0.6544
spotify:track:jwzmreczanhsfaatzspgnu,Track Wkscpq,spotify:artist:xrlvbcjrrtxlcoaveiixap,Ilcxx,spotify:album:arjiraxtlnazqyptddjguq,Geueux,2020-09-30,199255,True,English,Electronic,Indie,0.5154,0.6362,D#,-15.08,Major,0.218,0.629,0.2389,0.1397,0.4913,119.157,3,32,2813088854,20005852,1041329,168,59,4,155,163,185,68922865,13681239,15,True,NO,1961,414,24,Alternative,Funk,compilation,13,2,17,Atlantic,3916126424765,87,12,0.1992,0.7415,0.3987,1401033,13730958,100,1783100,504161,171009,12607,110515,2878,1564366.36,662116.41,478578.16,185869.19,0.00188,0.677,0.339,0.109,187,84,2020-09-25,2022-06-24,97,19,91,44,False,True,False,True,False,True,True,True,False,True,False,True,True,False,True,True,True,False,True,False,True,False,True,True,True,False,True,True,False,False,681980,585049,30944,1563781,4769403,1988761,2218727,94764,4821473,4826206,3463339,2952558,3506369,3924620,4677483,4766852,3005575,3186258,2303737,2977535,0.6064,0.6743,0.5239,0.0914,0.8317,0.0641,0.8763,0.0377,0.1609,0.5932,0.7847,0.2918,0.1737,0.1667,22050,1,-27.311,-5.272,6.527,-54.399,178.289,8.284,314.777,514194,2776768744,303373,383772,481814,10854,2710,50382823,USAAD356584117,spotify:track:jbvejpczasfqdgmhmgjzqd,False,False,0.2362,none,PG,restricted,1603133,480972,1950934,1620122,1330802,391067,682217,287677,960286,1377566,512085,1273430,922534,1895759,808966,1018757,1615675,542667,1152052,1149920,185967,485527,1989464,1212445,True,False,True,True,True,False,False,False,False,True,False,True,True,856,2,Agnmoe,Pgusmn,Pxtnhus,9,False,26,86,0.2217,0.0081,0.6587,0.7779,0.1486,0.152,0.0511,0.8245,0.6417,0.4041,0.9333,0.8895,0.7,0.7091,0.8611,0.3679,0.5674,0.4053,0.5404,0.477,0.0316,0.8698,0.1354,0.1211,0.4632,0.239,0.3671
spotify:track:bruonegwqatbosxofqfsjd,Track Hhuyik,spotify:artist:jmlvxiicmlyolpebjpyxjl,Ikkny,spotify:album:mrkshpbeaqlqazlbaynxdf,Yrnoux,1961-06-09,136242,True,Portuguese,Punk,Metal,0.5411,0.6041,F#,-6.27,Minor,0.2621,0.6996,0.1803,0.9953,0.1745,80.224,6,7,2663445028,16754934,1649658,143,47,188,31,122,183,21273993,83789465,40,True,DE,2012,221,15,Punk,Electronic,single,22,2,16,Columbia,4475652586354,14,21,0.77,0.6204,0.4814,2196773,18940774,183,4351149,941340,59642,277957,191843,58150,90510.13,1300429.33,108826.45,125907.33,0.00855,0.405,0.233,0.156,197,99,2019-12-07,2014-10-01,22,25,192,34,True,True,False,True,False,True,False,False,True,False,False,True,True,True,True,True,False,False,False,False,True,False,True,True,True,False,False,True,True,True,611564,2395472,704226,2261358,1420859,686313,2948531,4367192,1243109,2874399,2141028,2867654,983133,2105819,1838038,2566464,1826956,4545533,1243419,2896691,0.0609,0.5272,0.7269,0.9469,0.6042,0.7658,0.1269,0.0357,0.0692,0.1933,0.6932,0.0749,0.5922,0.7519,22050,1,-16.918,-9.132,8.48,-42.998,244.117,3.526,329.259,1136284,1900619668,439676,5671,233871,31613,608,36915133,USPMH393648071,spotify:track:efblrpsuttycbjhwkqctwm,True,False,0.9069,language,PG,active,1348468,1886250,1205821,568463,411659,190625,736839,356616,245646,194015,1588375,1664642,1274857,1710193,1583064,1296259,1737759,1027232,257292,990316,1096665,1708334,873499,1512292,True,False,False,True,False,False,True,False,False,False,False,False,True,291,2,Jktkyn,Fztrmi,Eqbzzzv,2,True,45,52,0.2334,0.7703,0.1911,0.1172,0.2436,0.1176,0.6948,0.6868,0.4891,0.052,0.7207,0.2859,0.3096,0.8838,0.5285,0.9273,0.897,0.5712,0.6557,0.8385,0.2791,0.5786,0.6071,0.0894,0.2391,0.7314,0.2257
spotify:track:mpkziaqkblhafatmlsczjt,Track Kbhofz,spotify:artist:hvnrchhygtyviqsujdffnb,Wtmqn,spotify:album:bwfsxafayqvjmkgrnncrpm,Uzfdcp,1964-10-13,132095,True,Spanish,Latin,Ambient,0.7212,0.6017,C#,-6.27,Minor,0.8804,0.574,0.9036,0.977,0.84,99.122,4,78,2753567765,45077671,807437,66,101,155,3,161,108,15164305,1876835,78,False,GB,1988,459,8,Punk,Electronic,single,22,1,18,Warner,1343416316005,80,138,0.4443,0.0463,0.6167,6038943,29614295,127,3407209,510549,243897,286664,132226,61807,614215.43,2560846.0,256191.53,50834.16,0.00957,0.384,0.249,0.05,11,50,2019-07-15,2014-10-09,17,40,86,28,False,False,False,False,True,False,False,True,False,True,False,False,True,True,True,True,False,True,False,True,True,True,False,True,True,False,True,True,False,True,3110990,1595790,2537448,4545161,2691173,4653512,2460637,1543073,2771761,2754543,3335680,576970,2310186,530454,3703484,4367644,2530146,1833268,3785411,3271439,0.0282,0.7741,0.7445,0.1982,0.779,0.4778,0.5707,0.9695,0.9655,0.3844,0.3551,0.667,0.2313,0.8161,22050,1,-44.338,-5.478,22.814,-24.407,301.615,4.276,239.04,1541371,9998955405,978252,304976,11180,16917,59,9255404,USPGO507557527,spotify:track:hzxjsviepqeekpdtftxqez,False,True,0.5386,drug,18+,inactive,206840,1433172,90026,83181,1475240,958647,469873,705034,1251064,68095,160201,424208,384545,1536577,1715068,1340957,738573,1779916,1880891,967912,47758,1355252,1601672,637952,False,True,False,True,True,False,True,True,True,False,False,False,False,922,3,Fwpgqk,Ojdrev,Upctyvv,6,True,50,73,0.8185,0.9471,0.8028,0.4072,0.8405,0.4649,0.1616,0.0146,0.0616,0.4354,0.4859,0.5572,0.7846,0.5999,0.2035,0.1938,0.2201,0.8176,0.0962,0.8943,0.1832,0.9172,0.9769,0.4681,0.7176,0.7925,0.093
spotify:track:nhmpadcwhobziinnimzzae,Track Vylvyj,spotify:artist:buqfruazkzvrojbsyqsfbn,Jxbdw,spotify:album:ztvhincvrevwauybeiapcm,Ysoazm,2022-11-21,128314,True,Korean,Jazz,Electronic,0.3225,0.8388,C,-18.48,Minor,0.814,0.3331,0.0777,0.6857,0.8031,150.297,3,76,3988375891,13369694,1776628,145,57,105,5,180,79,37652477,65070335,2,False,US,2013,222,2,Folk,Funk,compilation,11,1,16,Independent,5785971858185,76,138,0.4489,0.0085,0.4318,2616077,45866351,74,2136707,281672,180268,36972,103753,79730,4712226.61,247160.44,244230.33,48733.33,0.00127,0.516,0.184,0.121,83,28,2012-09-25,2017-02-15,92,3,36,41,False,False,True,True,True,True,False,False,False,False,False,True,False,True,True,False,True,False,False,False,True,False,True,False,True,True,True,True,True,True,421131,3502354,4587890,1557749,1195309,111965,2694591,1800714,4279993,2370314,2825202,1356663,4661461,934922,1732953,2099381,4806182,3929218,4315752,2657467,0.8231,0.4469,0.3188,0.1498,0.8469,0.2234,0.3772,0.0858,0.0324,0.55,0.113,0.5245,0.1731,0.7644,22050,1,-19.682,-12.559,25.684,-56.051,131.257,5.638,294.421,3289763,3525709401,638541,155788,94405,43614,3337,39023919,USQMM700230318,spotify:track:dwkypjmvuhrsggolhwnvph,False,False,0.4032,none,PG,active,1771452,27996,919207,565013,1285291,1620983,1597207,1162479,1273407,1698175,26598,28093,871464,191621,1154280,82716,320629,1831334,67717,1915716,397673,240898,783366,775196,False,False,False,False,True,True,False,True,False,True,False,False,False,993,2,Xalilz,Ncijgn,Myyrrwd,9,True,31,95,0.2958,0.1587,0.1615,0.781,0.9894,0.7804,0.7433,0.7981,0.0122,0.1062,0.322,0.9321,0.1769,0.1311,0.6233,0.7586,0.1337,0.9053,0.2641,0.1006,0.5883,0.7185,0.328,0.511,0.1922,0.8774,0.0708
